$GNGGA,080000.00,2756.97661,S,02449.81219,E,4,18,0.7,93.936,M,28.000,M,1.0,0000*7E
$GNGST,080000.00,0.012,0.015,0.011,32.1,0.011,0.013,0.021*77
$GNRMC,080000.00,A,2756.97661,S,02449.81219,E,3.50,0.0,120826,,,R*7E
$GNGGA,080000.20,2756.97641,S,02449.81219,E,4,18,0.7,93.936,M,28.000,M,1.0,0000*7E
$GNGST,080000.20,0.012,0.015,0.011,32.1,0.011,0.013,0.021*75
$GNRMC,080000.20,A,2756.97641,S,02449.81219,E,3.50,0.0,120826,,,R*7E
$GNGGA,080000.40,2756.97622,S,02449.81219,E,4,18,0.7,93.936,M,28.000,M,1.0,0000*7D
$GNGST,080000.40,0.012,0.015,0.011,32.1,0.011,0.013,0.021*73
$GNRMC,080000.40,A,2756.97622,S,02449.81219,E,3.50,0.0,120826,,,R*7D
$GNGGA,080000.60,2756.97602,S,02449.81219,E,4,18,0.7,93.935,M,28.000,M,1.0,0000*7E
$GNGST,080000.60,0.012,0.015,0.011,32.1,0.011,0.013,0.021*71
$GNRMC,080000.60,A,2756.97602,S,02449.81219,E,3.50,0.0,120826,,,R*7D
$GNGGA,080000.80,2756.97583,S,02449.81219,E,4,18,0.7,93.935,M,28.000,M,1.0,0000*7A
$GNGST,080000.80,0.012,0.015,0.011,32.1,0.011,0.013,0.021*7F
$GNRMC,080000.80,A,2756.97583,S,02449.81219,E,3.50,0.0,120826,,,R*79
$GNGGA,080001.00,2756.97563,S,02449.81219,E,4,18,0.7,93.935,M,28.000,M,1.0,0000*7D
$GNGST,080001.00,0.012,0.015,0.011,32.1,0.011,0.013,0.021*76
$GNRMC,080001.00,A,2756.97563,S,02449.81219,E,3.50,0.0,120826,,,R*7E
$GNGGA,080001.20,2756.97544,S,02449.81219,E,4,18,0.7,93.935,M,28.000,M,1.0,0000*7A
$GNGST,080001.20,0.012,0.015,0.011,32.1,0.011,0.013,0.021*74
$GNRMC,080001.20,A,2756.97544,S,02449.81219,E,3.50,0.0,120826,,,R*79
$GNGGA,080001.40,2756.97524,S,02449.81219,E,4,18,0.7,93.935,M,28.000,M,1.0,0000*7A
$GNGST,080001.40,0.012,0.015,0.011,32.1,0.011,0.013,0.021*72
$GNRMC,080001.40,A,2756.97524,S,02449.81219,E,3.50,0.0,120826,,,R*79
$GNGGA,080001.60,2756.97504,S,02449.81219,E,4,18,0.7,93.935,M,28.000,M,1.0,0000*7A
$GNGST,080001.60,0.012,0.015,0.011,32.1,0.011,0.013,0.021*70
$GNRMC,080001.60,A,2756.97504,S,02449.81219,E,3.50,0.0,120826,,,R*79
$GNGGA,080001.80,2756.97485,S,02449.81219,E,4,18,0.7,93.934,M,28.000,M,1.0,0000*7D
$GNGST,080001.80,0.012,0.015,0.011,32.1,0.011,0.013,0.021*7E
$GNRMC,080001.80,A,2756.97485,S,02449.81219,E,3.50,0.0,120826,,,R*7F
$GNGGA,080002.00,2756.97465,S,02449.81219,E,4,18,0.7,93.934,M,28.000,M,1.0,0000*78
$GNGST,080002.00,0.012,0.015,0.011,32.1,0.011,0.013,0.021*75
$GNRMC,080002.00,A,2756.97465,S,02449.81219,E,3.50,0.0,120826,,,R*7A
$GNGGA,080002.20,2756.97446,S,02449.81219,E,4,18,0.7,93.934,M,28.000,M,1.0,0000*7B
$GNGST,080002.20,0.012,0.015,0.011,32.1,0.011,0.013,0.021*77
$GNRMC,080002.20,A,2756.97446,S,02449.81219,E,3.50,0.0,120826,,,R*79
$GNGGA,080002.40,2756.97426,S,02449.81219,E,4,18,0.7,93.934,M,28.000,M,1.0,0000*7B
$GNGST,080002.40,0.012,0.015,0.011,32.1,0.011,0.013,0.021*71
$GNRMC,080002.40,A,2756.97426,S,02449.81219,E,3.50,0.0,120826,,,R*79
$GNGGA,080002.60,2756.97406,S,02449.81219,E,4,18,0.7,93.934,M,28.000,M,1.0,0000*7B
$GNGST,080002.60,0.012,0.015,0.011,32.1,0.011,0.013,0.021*73
$GNRMC,080002.60,A,2756.97406,S,02449.81219,E,3.50,0.0,120826,,,R*79
$GNGGA,080002.80,2756.97387,S,02449.81219,E,4,18,0.7,93.934,M,28.000,M,1.0,0000*7B
$GNGST,080002.80,0.012,0.015,0.011,32.1,0.011,0.013,0.021*7D
$GNRMC,080002.80,A,2756.97387,S,02449.81219,E,3.50,0.0,120826,,,R*79
$GNGGA,080003.00,2756.97367,S,02449.81219,E,4,18,0.7,93.933,M,28.000,M,1.0,0000*7B
$GNGST,080003.00,0.012,0.015,0.011,32.1,0.011,0.013,0.021*74
$GNRMC,080003.00,A,2756.97367,S,02449.81219,E,3.50,0.0,120826,,,R*7E
$GNGGA,080003.20,2756.97348,S,02449.81219,E,4,18,0.7,93.933,M,28.000,M,1.0,0000*74
$GNGST,080003.20,0.012,0.015,0.011,32.1,0.011,0.013,0.021*76
$GNRMC,080003.20,A,2756.97348,S,02449.81219,E,3.50,0.0,120826,,,R*71
$GNGGA,080003.40,2756.97328,S,02449.81219,E,4,18,0.7,93.933,M,28.000,M,1.0,0000*74
$GNGST,080003.40,0.012,0.015,0.011,32.1,0.011,0.013,0.021*70
$GNRMC,080003.40,A,2756.97328,S,02449.81219,E,3.50,0.0,120826,,,R*71
$GNGGA,080003.60,2756.97308,S,02449.81219,E,4,18,0.7,93.933,M,28.000,M,1.0,0000*74
$GNGST,080003.60,0.012,0.015,0.011,32.1,0.011,0.013,0.021*72
$GNRMC,080003.60,A,2756.97308,S,02449.81219,E,3.50,0.0,120826,,,R*71
$GNGGA,080003.80,2756.97289,S,02449.81219,E,4,18,0.7,93.933,M,28.000,M,1.0,0000*72
$GNGST,080003.80,0.012,0.015,0.011,32.1,0.011,0.013,0.021*7C
$GNRMC,080003.80,A,2756.97289,S,02449.81219,E,3.50,0.0,120826,,,R*77
$GNGGA,080004.00,2756.97269,S,02449.81219,E,4,18,0.7,93.932,M,28.000,M,1.0,0000*72
$GNGST,080004.00,0.012,0.015,0.011,32.1,0.011,0.013,0.021*73
$GNRMC,080004.00,A,2756.97269,S,02449.81219,E,3.50,0.0,120826,,,R*76
$GNGGA,080004.20,2756.97250,S,02449.81219,E,4,18,0.7,93.932,M,28.000,M,1.0,0000*7A
$GNGST,080004.20,0.012,0.015,0.011,32.1,0.011,0.013,0.021*71
$GNRMC,080004.20,A,2756.97250,S,02449.81219,E,3.50,0.0,120826,,,R*7E
$GNGGA,080004.40,2756.97230,S,02449.81219,E,4,18,0.7,93.932,M,28.000,M,1.0,0000*7A
$GNGST,080004.40,0.012,0.015,0.011,32.1,0.011,0.013,0.021*77
$GNRMC,080004.40,A,2756.97230,S,02449.81219,E,3.50,0.0,120826,,,R*7E
$GNGGA,080004.60,2756.97210,S,02449.81219,E,4,18,0.7,93.932,M,28.000,M,1.0,0000*7A
$GNGST,080004.60,0.012,0.015,0.011,32.1,0.011,0.013,0.021*75
$GNRMC,080004.60,A,2756.97210,S,02449.81219,E,3.50,0.0,120826,,,R*7E
$GNGGA,080004.80,2756.97191,S,02449.81219,E,4,18,0.7,93.932,M,28.000,M,1.0,0000*7E
$GNGST,080004.80,0.012,0.015,0.011,32.1,0.011,0.013,0.021*7B
$GNRMC,080004.80,A,2756.97191,S,02449.81219,E,3.50,0.0,120826,,,R*7A
$GNGGA,080005.00,2756.97171,S,02449.81219,E,4,18,0.7,93.931,M,28.000,M,1.0,0000*7A
$GNGST,080005.00,0.012,0.015,0.011,32.1,0.011,0.013,0.021*72
$GNRMC,080005.00,A,2756.97171,S,02449.81219,E,3.50,0.0,120826,,,R*7D
$GNGGA,080005.20,2756.97152,S,02449.81219,E,4,18,0.7,93.931,M,28.000,M,1.0,0000*79
$GNGST,080005.20,0.012,0.015,0.011,32.1,0.011,0.013,0.021*70
$GNRMC,080005.20,A,2756.97152,S,02449.81219,E,3.50,0.0,120826,,,R*7E
$GNGGA,080005.40,2756.97132,S,02449.81219,E,4,18,0.7,93.931,M,28.000,M,1.0,0000*79
$GNGST,080005.40,0.012,0.015,0.011,32.1,0.011,0.013,0.021*76
$GNRMC,080005.40,A,2756.97132,S,02449.81219,E,3.50,0.0,120826,,,R*7E
$GNGGA,080005.60,2756.97113,S,02449.81219,E,4,18,0.7,93.931,M,28.000,M,1.0,0000*78
$GNGST,080005.60,0.012,0.015,0.011,32.1,0.011,0.013,0.021*74
$GNRMC,080005.60,A,2756.97113,S,02449.81219,E,3.50,0.0,120826,,,R*7F
$GNGGA,080005.80,2756.97093,S,02449.81219,E,4,18,0.7,93.931,M,28.000,M,1.0,0000*7F
$GNGST,080005.80,0.012,0.015,0.011,32.1,0.011,0.013,0.021*7A
$GNRMC,080005.80,A,2756.97093,S,02449.81219,E,3.50,0.0,120826,,,R*78
$GNGGA,080006.00,2756.97073,S,02449.81219,E,4,18,0.7,93.930,M,28.000,M,1.0,0000*7B
$GNGST,080006.00,0.012,0.015,0.011,32.1,0.011,0.013,0.021*71
$GNRMC,080006.00,A,2756.97073,S,02449.81219,E,3.50,0.0,120826,,,R*7D
$GNGGA,080006.20,2756.97054,S,02449.81219,E,4,18,0.7,93.930,M,28.000,M,1.0,0000*7C
$GNGST,080006.20,0.012,0.015,0.011,32.1,0.011,0.013,0.021*73
$GNRMC,080006.20,A,2756.97054,S,02449.81219,E,3.50,0.0,120826,,,R*7A
$GNGGA,080006.40,2756.97034,S,02449.81219,E,4,18,0.7,93.930,M,28.000,M,1.0,0000*7C
$GNGST,080006.40,0.012,0.015,0.011,32.1,0.011,0.013,0.021*75
$GNRMC,080006.40,A,2756.97034,S,02449.81219,E,3.50,0.0,120826,,,R*7A
$GNGGA,080006.60,2756.97015,S,02449.81219,E,4,18,0.7,93.930,M,28.000,M,1.0,0000*7D
$GNGST,080006.60,0.012,0.015,0.011,32.1,0.011,0.013,0.021*77
$GNRMC,080006.60,A,2756.97015,S,02449.81219,E,3.50,0.0,120826,,,R*7B
$GNGGA,080006.80,2756.96995,S,02449.81219,E,4,18,0.7,93.930,M,28.000,M,1.0,0000*73
$GNGST,080006.80,0.012,0.015,0.011,32.1,0.011,0.013,0.021*79
$GNRMC,080006.80,A,2756.96995,S,02449.81219,E,3.50,0.0,120826,,,R*75
$GNGGA,080007.00,2756.96975,S,02449.81219,E,4,18,0.7,93.929,M,28.000,M,1.0,0000*7C
$GNGST,080007.00,0.012,0.015,0.011,32.1,0.011,0.013,0.021*70
$GNRMC,080007.00,A,2756.96975,S,02449.81219,E,3.50,0.0,120826,,,R*72
$GNGGA,080007.20,2756.96956,S,02449.81219,E,4,18,0.7,93.929,M,28.000,M,1.0,0000*7F
$GNGST,080007.20,0.012,0.015,0.011,32.1,0.011,0.013,0.021*72
$GNRMC,080007.20,A,2756.96956,S,02449.81219,E,3.50,0.0,120826,,,R*71
$GNGGA,080007.40,2756.96936,S,02449.81219,E,4,18,0.7,93.929,M,28.000,M,1.0,0000*7F
$GNGST,080007.40,0.012,0.015,0.011,32.1,0.011,0.013,0.021*74
$GNRMC,080007.40,A,2756.96936,S,02449.81219,E,3.50,0.0,120826,,,R*71
$GNGGA,080007.60,2756.96917,S,02449.81219,E,4,18,0.7,93.929,M,28.000,M,1.0,0000*7E
$GNGST,080007.60,0.012,0.015,0.011,32.1,0.011,0.013,0.021*76
$GNRMC,080007.60,A,2756.96917,S,02449.81219,E,3.50,0.0,120826,,,R*70
$GNGGA,080007.80,2756.96897,S,02449.81219,E,4,18,0.7,93.929,M,28.000,M,1.0,0000*79
$GNGST,080007.80,0.012,0.015,0.011,32.1,0.011,0.013,0.021*78
$GNRMC,080007.80,A,2756.96897,S,02449.81219,E,3.50,0.0,120826,,,R*77
$GNGGA,080008.00,2756.96877,S,02449.81219,E,4,18,0.7,93.928,M,28.000,M,1.0,0000*71
$GNGST,080008.00,0.012,0.015,0.011,32.1,0.011,0.013,0.021*7F
$GNRMC,080008.00,A,2756.96877,S,02449.81219,E,3.50,0.0,120826,,,R*7E
$GNGGA,080008.20,2756.96858,S,02449.81219,E,4,18,0.7,93.928,M,28.000,M,1.0,0000*7E
$GNGST,080008.20,0.012,0.015,0.011,32.1,0.011,0.013,0.021*7D
$GNRMC,080008.20,A,2756.96858,S,02449.81219,E,3.50,0.0,120826,,,R*71
$GNGGA,080008.40,2756.96838,S,02449.81219,E,4,18,0.7,93.928,M,28.000,M,1.0,0000*7E
$GNGST,080008.40,0.012,0.015,0.011,32.1,0.011,0.013,0.021*7B
$GNRMC,080008.40,A,2756.96838,S,02449.81219,E,3.50,0.0,120826,,,R*71
$GNGGA,080008.60,2756.96819,S,02449.81219,E,4,18,0.7,93.928,M,28.000,M,1.0,0000*7F
$GNGST,080008.60,0.012,0.015,0.011,32.1,0.011,0.013,0.021*79
$GNRMC,080008.60,A,2756.96819,S,02449.81219,E,3.50,0.0,120826,,,R*70
$GNGGA,080008.80,2756.96799,S,02449.81219,E,4,18,0.7,93.928,M,28.000,M,1.0,0000*76
$GNGST,080008.80,0.012,0.015,0.011,32.1,0.011,0.013,0.021*77
$GNRMC,080008.80,A,2756.96799,S,02449.81219,E,3.50,0.0,120826,,,R*79
$GNGGA,080009.00,2756.96780,S,02449.81219,E,4,18,0.7,93.927,M,28.000,M,1.0,0000*78
$GNGST,080009.00,0.012,0.015,0.011,32.1,0.011,0.013,0.021*7E
$GNRMC,080009.00,A,2756.96780,S,02449.81219,E,3.50,0.0,120826,,,R*78
$GNGGA,080009.20,2756.96760,S,02449.81219,E,4,18,0.7,93.927,M,28.000,M,1.0,0000*74
$GNGST,080009.20,0.012,0.015,0.011,32.1,0.011,0.013,0.021*7C
$GNRMC,080009.20,A,2756.96760,S,02449.81219,E,3.50,0.0,120826,,,R*74
$GNGGA,080009.40,2756.96740,S,02449.81219,E,4,18,0.7,93.927,M,28.000,M,1.0,0000*70
$GNGST,080009.40,0.012,0.015,0.011,32.1,0.011,0.013,0.021*7A
$GNRMC,080009.40,A,2756.96740,S,02449.81219,E,3.50,0.0,120826,,,R*70
$GNGGA,080009.60,2756.96721,S,02449.81219,E,4,18,0.7,93.927,M,28.000,M,1.0,0000*75
$GNGST,080009.60,0.012,0.015,0.011,32.1,0.011,0.013,0.021*78
$GNRMC,080009.60,A,2756.96721,S,02449.81219,E,3.50,0.0,120826,,,R*75
$GNGGA,080009.80,2756.96701,S,02449.81219,E,4,18,0.7,93.927,M,28.000,M,1.0,0000*79
$GNGST,080009.80,0.012,0.015,0.011,32.1,0.011,0.013,0.021*76
$GNRMC,080009.80,A,2756.96701,S,02449.81219,E,3.50,0.0,120826,,,R*79
$GNGGA,080010.00,2756.96682,S,02449.81219,E,4,18,0.7,93.926,M,28.000,M,1.0,0000*72
$GNGST,080010.00,0.012,0.015,0.011,32.1,0.011,0.013,0.021*76
$GNRMC,080010.00,A,2756.96682,S,02449.81219,E,3.50,0.0,120826,,,R*73
$GNGGA,080010.20,2756.96662,S,02449.81219,E,4,18,0.7,93.926,M,28.000,M,1.0,0000*7E
$GNGST,080010.20,0.012,0.015,0.011,32.1,0.011,0.013,0.021*74
$GNRMC,080010.20,A,2756.96662,S,02449.81219,E,3.50,0.0,120826,,,R*7F
$GNGGA,080010.40,2756.96642,S,02449.81219,E,4,18,0.7,93.926,M,28.000,M,1.0,0000*7A
$GNGST,080010.40,0.012,0.015,0.011,32.1,0.011,0.013,0.021*72
$GNRMC,080010.40,A,2756.96642,S,02449.81219,E,3.50,0.0,120826,,,R*7B
$GNGGA,080010.60,2756.96623,S,02449.81219,E,4,18,0.7,93.926,M,28.000,M,1.0,0000*7F
$GNGST,080010.60,0.012,0.015,0.011,32.1,0.011,0.013,0.021*70
$GNRMC,080010.60,A,2756.96623,S,02449.81219,E,3.50,0.0,120826,,,R*7E
$GNGGA,080010.80,2756.96603,S,02449.81219,E,4,18,0.7,93.926,M,28.000,M,1.0,0000*73
$GNGST,080010.80,0.012,0.015,0.011,32.1,0.011,0.013,0.021*7E
$GNRMC,080010.80,A,2756.96603,S,02449.81219,E,3.50,0.0,120826,,,R*72
$GNGGA,080011.00,2756.96584,S,02449.81219,E,4,18,0.7,93.925,M,28.000,M,1.0,0000*75
$GNGST,080011.00,0.012,0.015,0.011,32.1,0.011,0.013,0.021*77
$GNRMC,080011.00,A,2756.96584,S,02449.81219,E,3.50,0.0,120826,,,R*77
$GNGGA,080011.20,2756.96564,S,02449.81219,E,4,18,0.7,93.925,M,28.000,M,1.0,0000*79
$GNGST,080011.20,0.012,0.015,0.011,32.1,0.011,0.013,0.021*75
$GNRMC,080011.20,A,2756.96564,S,02449.81219,E,3.50,0.0,120826,,,R*7B
$GNGGA,080011.40,2756.96544,S,02449.81219,E,4,18,0.7,93.925,M,28.000,M,1.0,0000*7D
$GNGST,080011.40,0.012,0.015,0.011,32.1,0.011,0.013,0.021*73
$GNRMC,080011.40,A,2756.96544,S,02449.81219,E,3.50,0.0,120826,,,R*7F
$GNGGA,080011.60,2756.96525,S,02449.81219,E,4,18,0.7,93.925,M,28.000,M,1.0,0000*78
$GNGST,080011.60,0.012,0.015,0.011,32.1,0.011,0.013,0.021*71
$GNRMC,080011.60,A,2756.96525,S,02449.81219,E,3.50,0.0,120826,,,R*7A
$GNGGA,080011.80,2756.96505,S,02449.81219,E,4,18,0.7,93.925,M,28.000,M,1.0,0000*74
$GNGST,080011.80,0.012,0.015,0.011,32.1,0.011,0.013,0.021*7F
$GNRMC,080011.80,A,2756.96505,S,02449.81219,E,3.50,0.0,120826,,,R*76
$GNGGA,080012.00,2756.96486,S,02449.81219,E,4,18,0.7,93.924,M,28.000,M,1.0,0000*74
$GNGST,080012.00,0.012,0.015,0.011,32.1,0.011,0.013,0.021*74
$GNRMC,080012.00,A,2756.96486,S,02449.81219,E,3.50,0.0,120826,,,R*77
$GNGGA,080012.20,2756.96466,S,02449.81219,E,4,18,0.7,93.924,M,28.000,M,1.0,0000*78
$GNGST,080012.20,0.012,0.015,0.011,32.1,0.011,0.013,0.021*76
$GNRMC,080012.20,A,2756.96466,S,02449.81219,E,3.50,0.0,120826,,,R*7B
$GNGGA,080012.40,2756.96447,S,02449.81219,E,4,18,0.7,93.924,M,28.000,M,1.0,0000*7D
$GNGST,080012.40,0.012,0.015,0.011,32.1,0.011,0.013,0.021*70
$GNRMC,080012.40,A,2756.96447,S,02449.81219,E,3.50,0.0,120826,,,R*7E
$GNGGA,080012.60,2756.96427,S,02449.81219,E,4,18,0.7,93.924,M,28.000,M,1.0,0000*79
$GNGST,080012.60,0.012,0.015,0.011,32.1,0.011,0.013,0.021*72
$GNRMC,080012.60,A,2756.96427,S,02449.81219,E,3.50,0.0,120826,,,R*7A
$GNGGA,080012.80,2756.96407,S,02449.81219,E,4,18,0.7,93.924,M,28.000,M,1.0,0000*75
$GNGST,080012.80,0.012,0.015,0.011,32.1,0.011,0.013,0.021*7C
$GNRMC,080012.80,A,2756.96407,S,02449.81219,E,3.50,0.0,120826,,,R*76
$GNGGA,080013.00,2756.96388,S,02449.81219,E,4,18,0.7,93.924,M,28.000,M,1.0,0000*7C
$GNGST,080013.00,0.012,0.015,0.011,32.1,0.011,0.013,0.021*75
$GNRMC,080013.00,A,2756.96388,S,02449.81219,E,3.50,0.0,120826,,,R*7F
$GNGGA,080013.20,2756.96368,S,02449.81219,E,4,18,0.7,93.923,M,28.000,M,1.0,0000*77
$GNGST,080013.20,0.012,0.015,0.011,32.1,0.011,0.013,0.021*77
$GNRMC,080013.20,A,2756.96368,S,02449.81219,E,3.50,0.0,120826,,,R*73
$GNGGA,080013.40,2756.96349,S,02449.81219,E,4,18,0.7,93.923,M,28.000,M,1.0,0000*72
$GNGST,080013.40,0.012,0.015,0.011,32.1,0.011,0.013,0.021*71
$GNRMC,080013.40,A,2756.96349,S,02449.81219,E,3.50,0.0,120826,,,R*76
$GNGGA,080013.60,2756.96329,S,02449.81219,E,4,18,0.7,93.923,M,28.000,M,1.0,0000*76
$GNGST,080013.60,0.012,0.015,0.011,32.1,0.011,0.013,0.021*73
$GNRMC,080013.60,A,2756.96329,S,02449.81219,E,3.50,0.0,120826,,,R*72
$GNGGA,080013.80,2756.96309,S,02449.81219,E,4,18,0.7,93.923,M,28.000,M,1.0,0000*7A
$GNGST,080013.80,0.012,0.015,0.011,32.1,0.011,0.013,0.021*7D
$GNRMC,080013.80,A,2756.96309,S,02449.81219,E,3.50,0.0,120826,,,R*7E
$GNGGA,080014.00,2756.96290,S,02449.81219,E,4,18,0.7,93.923,M,28.000,M,1.0,0000*74
$GNGST,080014.00,0.012,0.015,0.011,32.1,0.011,0.013,0.021*72
$GNRMC,080014.00,A,2756.96290,S,02449.81219,E,3.50,0.0,120826,,,R*70
$GNGGA,080014.20,2756.96270,S,02449.81219,E,4,18,0.7,93.923,M,28.000,M,1.0,0000*78
$GNGST,080014.20,0.012,0.015,0.011,32.1,0.011,0.013,0.021*70
$GNRMC,080014.20,A,2756.96270,S,02449.81219,E,3.50,0.0,120826,,,R*7C
$GNGGA,080014.40,2756.96251,S,02449.81219,E,4,18,0.7,93.923,M,28.000,M,1.0,0000*7D
$GNGST,080014.40,0.012,0.015,0.011,32.1,0.011,0.013,0.021*76
$GNRMC,080014.40,A,2756.96251,S,02449.81219,E,3.50,0.0,120826,,,R*79
$GNGGA,080014.60,2756.96231,S,02449.81219,E,4,18,0.7,93.923,M,28.000,M,1.0,0000*79
$GNGST,080014.60,0.012,0.015,0.011,32.1,0.011,0.013,0.021*74
$GNRMC,080014.60,A,2756.96231,S,02449.81219,E,3.50,0.0,120826,,,R*7D
$GNGGA,080014.80,2756.96211,S,02449.81219,E,4,18,0.7,93.922,M,28.000,M,1.0,0000*74
$GNGST,080014.80,0.012,0.015,0.011,32.1,0.011,0.013,0.021*7A
$GNRMC,080014.80,A,2756.96211,S,02449.81219,E,3.50,0.0,120826,,,R*71
$GNGGA,080015.00,2756.96192,S,02449.81219,E,4,18,0.7,93.922,M,28.000,M,1.0,0000*75
$GNGST,080015.00,0.012,0.015,0.011,32.1,0.011,0.013,0.021*73
$GNRMC,080015.00,A,2756.96192,S,02449.81219,E,3.50,0.0,120826,,,R*70
$GNGGA,080015.20,2756.96172,S,02449.81219,E,4,18,0.7,93.922,M,28.000,M,1.0,0000*79
$GNGST,080015.20,0.012,0.015,0.011,32.1,0.011,0.013,0.021*71
$GNRMC,080015.20,A,2756.96172,S,02449.81219,E,3.50,0.0,120826,,,R*7C
$GNGGA,080015.40,2756.96153,S,02449.81219,E,4,18,0.7,93.922,M,28.000,M,1.0,0000*7C
$GNGST,080015.40,0.012,0.015,0.011,32.1,0.011,0.013,0.021*77
$GNRMC,080015.40,A,2756.96153,S,02449.81219,E,3.50,0.0,120826,,,R*79
$GNGGA,080015.60,2756.96133,S,02449.81219,E,4,18,0.7,93.922,M,28.000,M,1.0,0000*78
$GNGST,080015.60,0.012,0.015,0.011,32.1,0.011,0.013,0.021*75
$GNRMC,080015.60,A,2756.96133,S,02449.81219,E,3.50,0.0,120826,,,R*7D
$GNGGA,080015.80,2756.96113,S,02449.81219,E,4,18,0.7,93.922,M,28.000,M,1.0,0000*74
$GNGST,080015.80,0.012,0.015,0.011,32.1,0.011,0.013,0.021*7B
$GNRMC,080015.80,A,2756.96113,S,02449.81219,E,3.50,0.0,120826,,,R*71
$GNGGA,080016.00,2756.96094,S,02449.81219,E,4,18,0.7,93.922,M,28.000,M,1.0,0000*71
$GNGST,080016.00,0.012,0.015,0.011,32.1,0.011,0.013,0.021*70
$GNRMC,080016.00,A,2756.96094,S,02449.81219,E,3.50,0.0,120826,,,R*74
$GNGGA,080016.20,2756.96074,S,02449.81219,E,4,18,0.7,93.922,M,28.000,M,1.0,0000*7D
$GNGST,080016.20,0.012,0.015,0.011,32.1,0.011,0.013,0.021*72
$GNRMC,080016.20,A,2756.96074,S,02449.81219,E,3.50,0.0,120826,,,R*78
$GNGGA,080016.40,2756.96055,S,02449.81219,E,4,18,0.7,93.922,M,28.000,M,1.0,0000*78
$GNGST,080016.40,0.012,0.015,0.011,32.1,0.011,0.013,0.021*74
$GNRMC,080016.40,A,2756.96055,S,02449.81219,E,3.50,0.0,120826,,,R*7D
$GNGGA,080016.60,2756.96035,S,02449.81219,E,4,18,0.7,93.922,M,28.000,M,1.0,0000*7C
$GNGST,080016.60,0.012,0.015,0.011,32.1,0.011,0.013,0.021*76
$GNRMC,080016.60,A,2756.96035,S,02449.81219,E,3.50,0.0,120826,,,R*79
$GNGGA,080016.80,2756.96016,S,02449.81219,E,4,18,0.7,93.922,M,28.000,M,1.0,0000*73
$GNGST,080016.80,0.012,0.015,0.011,32.1,0.011,0.013,0.021*78
$GNRMC,080016.80,A,2756.96016,S,02449.81219,E,3.50,0.0,120826,,,R*76
$GNGGA,080017.00,2756.95996,S,02449.81219,E,4,18,0.7,93.921,M,28.000,M,1.0,0000*7B
$GNGST,080017.00,0.012,0.015,0.011,32.1,0.011,0.013,0.021*71
$GNRMC,080017.00,A,2756.95996,S,02449.81219,E,3.50,0.0,120826,,,R*7D
$GNGGA,080017.20,2756.95976,S,02449.81219,E,4,18,0.7,93.921,M,28.000,M,1.0,0000*77
$GNGST,080017.20,0.012,0.015,0.011,32.1,0.011,0.013,0.021*73
$GNRMC,080017.20,A,2756.95976,S,02449.81219,E,3.50,0.0,120826,,,R*71
$GNGGA,080017.40,2756.95957,S,02449.81219,E,4,18,0.7,93.921,M,28.000,M,1.0,0000*72
$GNGST,080017.40,0.012,0.015,0.011,32.1,0.011,0.013,0.021*75
$GNRMC,080017.40,A,2756.95957,S,02449.81219,E,3.50,0.0,120826,,,R*74
$GNGGA,080017.60,2756.95937,S,02449.81219,E,4,18,0.7,93.921,M,28.000,M,1.0,0000*76
$GNGST,080017.60,0.012,0.015,0.011,32.1,0.011,0.013,0.021*77
$GNRMC,080017.60,A,2756.95937,S,02449.81219,E,3.50,0.0,120826,,,R*70
$GNGGA,080017.80,2756.95918,S,02449.81219,E,4,18,0.7,93.921,M,28.000,M,1.0,0000*75
$GNGST,080017.80,0.012,0.015,0.011,32.1,0.011,0.013,0.021*79
$GNRMC,080017.80,A,2756.95918,S,02449.81219,E,3.50,0.0,120826,,,R*73
$GNGGA,080018.00,2756.95898,S,02449.81219,E,4,18,0.7,93.921,M,28.000,M,1.0,0000*7B
$GNGST,080018.00,0.012,0.015,0.011,32.1,0.011,0.013,0.021*7E
$GNRMC,080018.00,A,2756.95898,S,02449.81219,E,3.50,0.0,120826,,,R*7D
$GNGGA,080018.20,2756.95878,S,02449.81219,E,4,18,0.7,93.921,M,28.000,M,1.0,0000*77
$GNGST,080018.20,0.012,0.015,0.011,32.1,0.011,0.013,0.021*7C
$GNRMC,080018.20,A,2756.95878,S,02449.81219,E,3.50,0.0,120826,,,R*71
$GNGGA,080018.40,2756.95859,S,02449.81219,E,4,18,0.7,93.921,M,28.000,M,1.0,0000*72
$GNGST,080018.40,0.012,0.015,0.011,32.1,0.011,0.013,0.021*7A
$GNRMC,080018.40,A,2756.95859,S,02449.81219,E,3.50,0.0,120826,,,R*74
$GNGGA,080018.60,2756.95839,S,02449.81219,E,4,18,0.7,93.921,M,28.000,M,1.0,0000*76
$GNGST,080018.60,0.012,0.015,0.011,32.1,0.011,0.013,0.021*78
$GNRMC,080018.60,A,2756.95839,S,02449.81219,E,3.50,0.0,120826,,,R*70
$GNGGA,080018.80,2756.95820,S,02449.81219,E,4,18,0.7,93.921,M,28.000,M,1.0,0000*70
$GNGST,080018.80,0.012,0.015,0.011,32.1,0.011,0.013,0.021*76
$GNRMC,080018.80,A,2756.95820,S,02449.81219,E,3.50,0.0,120826,,,R*76
$GNGGA,080019.00,2756.95800,S,02449.81219,E,4,18,0.7,93.921,M,28.000,M,1.0,0000*7B
$GNGST,080019.00,0.012,0.015,0.011,32.1,0.011,0.013,0.021*7F
$GNRMC,080019.00,A,2756.95800,S,02449.81219,E,3.50,0.0,120826,,,R*7D
$GNGGA,080019.20,2756.95780,S,02449.81219,E,4,18,0.7,93.921,M,28.000,M,1.0,0000*7E
$GNGST,080019.20,0.012,0.015,0.011,32.1,0.011,0.013,0.021*7D
$GNRMC,080019.20,A,2756.95780,S,02449.81219,E,3.50,0.0,120826,,,R*78
$GNGGA,080019.40,2756.95761,S,02449.81219,E,4,18,0.7,93.921,M,28.000,M,1.0,0000*77
$GNGST,080019.40,0.012,0.015,0.011,32.1,0.011,0.013,0.021*7B
$GNRMC,080019.40,A,2756.95761,S,02449.81219,E,3.50,0.0,120826,,,R*71
$GNGGA,080019.60,2756.95741,S,02449.81219,E,4,18,0.7,93.921,M,28.000,M,1.0,0000*77
$GNGST,080019.60,0.012,0.015,0.011,32.1,0.011,0.013,0.021*79
$GNRMC,080019.60,A,2756.95741,S,02449.81219,E,3.50,0.0,120826,,,R*71
$GNGGA,080019.80,2756.95722,S,02449.81219,E,4,18,0.7,93.921,M,28.000,M,1.0,0000*7C
$GNGST,080019.80,0.012,0.015,0.011,32.1,0.011,0.013,0.021*77
$GNRMC,080019.80,A,2756.95722,S,02449.81219,E,3.50,0.0,120826,,,R*7A
$GNGGA,080020.00,2756.95702,S,02449.81219,E,4,18,0.7,93.921,M,28.000,M,1.0,0000*7C
$GNGST,080020.00,0.012,0.015,0.011,32.1,0.011,0.013,0.021*75
$GNRMC,080020.00,A,2756.95702,S,02449.81219,E,3.50,0.0,120826,,,R*7A
$GNGGA,080020.20,2756.95683,S,02449.81219,E,4,18,0.7,93.921,M,28.000,M,1.0,0000*76
$GNGST,080020.20,0.012,0.015,0.011,32.1,0.011,0.013,0.021*77
$GNRMC,080020.20,A,2756.95683,S,02449.81219,E,3.50,0.0,120826,,,R*70
$GNGGA,080020.40,2756.95663,S,02449.81219,E,4,18,0.7,93.921,M,28.000,M,1.0,0000*7E
$GNGST,080020.40,0.012,0.015,0.011,32.1,0.011,0.013,0.021*71
$GNRMC,080020.40,A,2756.95663,S,02449.81219,E,3.50,0.0,120826,,,R*78
$GNGGA,080020.60,2756.95643,S,02449.81219,E,4,18,0.7,93.921,M,28.000,M,1.0,0000*7E
$GNGST,080020.60,0.012,0.015,0.011,32.1,0.011,0.013,0.021*73
$GNRMC,080020.60,A,2756.95643,S,02449.81219,E,3.50,0.0,120826,,,R*78
$GNGGA,080020.80,2756.95624,S,02449.81219,E,4,18,0.7,93.921,M,28.000,M,1.0,0000*71
$GNGST,080020.80,0.012,0.015,0.011,32.1,0.011,0.013,0.021*7D
$GNRMC,080020.80,A,2756.95624,S,02449.81219,E,3.50,0.0,120826,,,R*77
$GNGGA,080021.00,2756.95604,S,02449.81219,E,4,18,0.7,93.921,M,28.000,M,1.0,0000*7A
$GNGST,080021.00,0.012,0.015,0.011,32.1,0.011,0.013,0.021*74
$GNRMC,080021.00,A,2756.95604,S,02449.81219,E,3.50,0.0,120826,,,R*7C
$GNGGA,080021.20,2756.95585,S,02449.81219,E,4,18,0.7,93.922,M,28.000,M,1.0,0000*71
$GNGST,080021.20,0.012,0.015,0.011,32.1,0.011,0.013,0.021*76
$GNRMC,080021.20,A,2756.95585,S,02449.81219,E,3.50,0.0,120826,,,R*74
$GNGGA,080021.40,2756.95565,S,02449.81219,E,4,18,0.7,93.922,M,28.000,M,1.0,0000*79
$GNGST,080021.40,0.012,0.015,0.011,32.1,0.011,0.013,0.021*70
$GNRMC,080021.40,A,2756.95565,S,02449.81219,E,3.50,0.0,120826,,,R*7C
$GNGGA,080021.60,2756.95545,S,02449.81219,E,4,18,0.7,93.922,M,28.000,M,1.0,0000*79
$GNGST,080021.60,0.012,0.015,0.011,32.1,0.011,0.013,0.021*72
$GNRMC,080021.60,A,2756.95545,S,02449.81219,E,3.50,0.0,120826,,,R*7C
$GNGGA,080021.80,2756.95526,S,02449.81219,E,4,18,0.7,93.922,M,28.000,M,1.0,0000*72
$GNGST,080021.80,0.012,0.015,0.011,32.1,0.011,0.013,0.021*7C
$GNRMC,080021.80,A,2756.95526,S,02449.81219,E,3.50,0.0,120826,,,R*77
$GNGGA,080022.00,2756.95506,S,02449.81219,E,4,18,0.7,93.922,M,28.000,M,1.0,0000*7B
$GNGST,080022.00,0.012,0.015,0.011,32.1,0.011,0.013,0.021*77
$GNRMC,080022.00,A,2756.95506,S,02449.81219,E,3.50,0.0,120826,,,R*7E
$GNGGA,080022.20,2756.95487,S,02449.81219,E,4,18,0.7,93.922,M,28.000,M,1.0,0000*71
$GNGST,080022.20,0.012,0.015,0.011,32.1,0.011,0.013,0.021*75
$GNRMC,080022.20,A,2756.95487,S,02449.81219,E,3.50,0.0,120826,,,R*74
$GNGGA,080022.40,2756.95467,S,02449.81219,E,4,18,0.7,93.922,M,28.000,M,1.0,0000*79
$GNGST,080022.40,0.012,0.015,0.011,32.1,0.011,0.013,0.021*73
$GNRMC,080022.40,A,2756.95467,S,02449.81219,E,3.50,0.0,120826,,,R*7C
$GNGGA,080022.60,2756.95447,S,02449.81219,E,4,18,0.7,93.922,M,28.000,M,1.0,0000*79
$GNGST,080022.60,0.012,0.015,0.011,32.1,0.011,0.013,0.021*71
$GNRMC,080022.60,A,2756.95447,S,02449.81219,E,3.50,0.0,120826,,,R*7C
$GNGGA,080022.80,2756.95428,S,02449.81219,E,4,18,0.7,93.922,M,28.000,M,1.0,0000*7E
$GNGST,080022.80,0.012,0.015,0.011,32.1,0.011,0.013,0.021*7F
$GNRMC,080022.80,A,2756.95428,S,02449.81219,E,3.50,0.0,120826,,,R*7B
$GNGGA,080023.00,2756.95408,S,02449.81219,E,4,18,0.7,93.923,M,28.000,M,1.0,0000*74
$GNGST,080023.00,0.012,0.015,0.011,32.1,0.011,0.013,0.021*76
$GNRMC,080023.00,A,2756.95408,S,02449.81219,E,3.50,0.0,120826,,,R*70
$GNGGA,080023.20,2756.95389,S,02449.81219,E,4,18,0.7,93.923,M,28.000,M,1.0,0000*78
$GNGST,080023.20,0.012,0.015,0.011,32.1,0.011,0.013,0.021*74
$GNRMC,080023.20,A,2756.95389,S,02449.81219,E,3.50,0.0,120826,,,R*7C
$GNGGA,080023.40,2756.95369,S,02449.81219,E,4,18,0.7,93.923,M,28.000,M,1.0,0000*70
$GNGST,080023.40,0.012,0.015,0.011,32.1,0.011,0.013,0.021*72
$GNRMC,080023.40,A,2756.95369,S,02449.81219,E,3.50,0.0,120826,,,R*74
$GNGGA,080023.60,2756.95350,S,02449.81219,E,4,18,0.7,93.923,M,28.000,M,1.0,0000*78
$GNGST,080023.60,0.012,0.015,0.011,32.1,0.011,0.013,0.021*70
$GNRMC,080023.60,A,2756.95350,S,02449.81219,E,3.50,0.0,120826,,,R*7C
$GNGGA,080023.80,2756.95330,S,02449.81219,E,4,18,0.7,93.923,M,28.000,M,1.0,0000*70
$GNGST,080023.80,0.012,0.015,0.011,32.1,0.011,0.013,0.021*7E
$GNRMC,080023.80,A,2756.95330,S,02449.81219,E,3.50,0.0,120826,,,R*74
$GNGGA,080024.00,2756.95310,S,02449.81219,E,4,18,0.7,93.923,M,28.000,M,1.0,0000*7D
$GNGST,080024.00,0.012,0.015,0.011,32.1,0.011,0.013,0.021*71
$GNRMC,080024.00,A,2756.95310,S,02449.81219,E,3.50,0.0,120826,,,R*79
$GNGGA,080024.20,2756.95291,S,02449.81219,E,4,18,0.7,93.924,M,28.000,M,1.0,0000*70
$GNGST,080024.20,0.012,0.015,0.011,32.1,0.011,0.013,0.021*73
$GNRMC,080024.20,A,2756.95291,S,02449.81219,E,3.50,0.0,120826,,,R*73
$GNGGA,080024.40,2756.95271,S,02449.81219,E,4,18,0.7,93.924,M,28.000,M,1.0,0000*78
$GNGST,080024.40,0.012,0.015,0.011,32.1,0.011,0.013,0.021*75
$GNRMC,080024.40,A,2756.95271,S,02449.81219,E,3.50,0.0,120826,,,R*7B
$GNGGA,080024.60,2756.95252,S,02449.81219,E,4,18,0.7,93.924,M,28.000,M,1.0,0000*7B
$GNGST,080024.60,0.012,0.015,0.011,32.1,0.011,0.013,0.021*77
$GNRMC,080024.60,A,2756.95252,S,02449.81219,E,3.50,0.0,120826,,,R*78
$GNGGA,080024.80,2756.95232,S,02449.81219,E,4,18,0.7,93.924,M,28.000,M,1.0,0000*73
$GNGST,080024.80,0.012,0.015,0.011,32.1,0.011,0.013,0.021*79
$GNRMC,080024.80,A,2756.95232,S,02449.81219,E,3.50,0.0,120826,,,R*70
$GNGGA,080025.00,2756.95212,S,02449.81219,E,4,18,0.7,93.924,M,28.000,M,1.0,0000*78
$GNGST,080025.00,0.012,0.015,0.011,32.1,0.011,0.013,0.021*70
$GNRMC,080025.00,A,2756.95212,S,02449.81219,E,3.50,0.0,120826,,,R*7B
$GNGGA,080025.20,2756.95193,S,02449.81219,E,4,18,0.7,93.925,M,28.000,M,1.0,0000*71
$GNGST,080025.20,0.012,0.015,0.011,32.1,0.011,0.013,0.021*72
$GNRMC,080025.20,A,2756.95193,S,02449.81219,E,3.50,0.0,120826,,,R*73
$GNGGA,080025.40,2756.95173,S,02449.81219,E,4,18,0.7,93.925,M,28.000,M,1.0,0000*79
$GNGST,080025.40,0.012,0.015,0.011,32.1,0.011,0.013,0.021*74
$GNRMC,080025.40,A,2756.95173,S,02449.81219,E,3.50,0.0,120826,,,R*7B
$GNGGA,080025.60,2756.95154,S,02449.81219,E,4,18,0.7,93.925,M,28.000,M,1.0,0000*7E
$GNGST,080025.60,0.012,0.015,0.011,32.1,0.011,0.013,0.021*76
$GNRMC,080025.60,A,2756.95154,S,02449.81219,E,3.50,0.0,120826,,,R*7C
$GNGGA,080025.80,2756.95134,S,02449.81219,E,4,18,0.7,93.925,M,28.000,M,1.0,0000*76
$GNGST,080025.80,0.012,0.015,0.011,32.1,0.011,0.013,0.021*78
$GNRMC,080025.80,A,2756.95134,S,02449.81219,E,3.50,0.0,120826,,,R*74
$GNGGA,080026.00,2756.95114,S,02449.81219,E,4,18,0.7,93.926,M,28.000,M,1.0,0000*7C
$GNGST,080026.00,0.012,0.015,0.011,32.1,0.011,0.013,0.021*73
$GNRMC,080026.00,A,2756.95114,S,02449.81219,E,3.50,0.0,120826,,,R*7D
$GNGGA,080026.20,2756.95095,S,02449.81219,E,4,18,0.7,93.926,M,28.000,M,1.0,0000*76
$GNGST,080026.20,0.012,0.015,0.011,32.1,0.011,0.013,0.021*71
$GNRMC,080026.20,A,2756.95095,S,02449.81219,E,3.50,0.0,120826,,,R*77
$GNGGA,080026.40,2756.95075,S,02449.81219,E,4,18,0.7,93.926,M,28.000,M,1.0,0000*7E
$GNGST,080026.40,0.012,0.015,0.011,32.1,0.011,0.013,0.021*77
$GNRMC,080026.40,A,2756.95075,S,02449.81219,E,3.50,0.0,120826,,,R*7F
$GNGGA,080026.60,2756.95056,S,02449.81219,E,4,18,0.7,93.926,M,28.000,M,1.0,0000*7D
$GNGST,080026.60,0.012,0.015,0.011,32.1,0.011,0.013,0.021*75
$GNRMC,080026.60,A,2756.95056,S,02449.81219,E,3.50,0.0,120826,,,R*7C
$GNGGA,080026.80,2756.95036,S,02449.81219,E,4,18,0.7,93.927,M,28.000,M,1.0,0000*74
$GNGST,080026.80,0.012,0.015,0.011,32.1,0.011,0.013,0.021*7B
$GNRMC,080026.80,A,2756.95036,S,02449.81219,E,3.50,0.0,120826,,,R*74
$GNGGA,080027.00,2756.95016,S,02449.81219,E,4,18,0.7,93.927,M,28.000,M,1.0,0000*7F
$GNGST,080027.00,0.012,0.015,0.011,32.1,0.011,0.013,0.021*72
$GNRMC,080027.00,A,2756.95016,S,02449.81219,E,3.50,0.0,120826,,,R*7F
$GNGGA,080027.20,2756.94997,S,02449.81219,E,4,18,0.7,93.927,M,28.000,M,1.0,0000*7C
$GNGST,080027.20,0.012,0.015,0.011,32.1,0.011,0.013,0.021*70
$GNRMC,080027.20,A,2756.94997,S,02449.81219,E,3.50,0.0,120826,,,R*7C
$GNGGA,080027.40,2756.94977,S,02449.81219,E,4,18,0.7,93.928,M,28.000,M,1.0,0000*7B
$GNGST,080027.40,0.012,0.015,0.011,32.1,0.011,0.013,0.021*76
$GNRMC,080027.40,A,2756.94977,S,02449.81219,E,3.50,0.0,120826,,,R*74
$GNGGA,080027.60,2756.94958,S,02449.81219,E,4,18,0.7,93.928,M,28.000,M,1.0,0000*74
$GNGST,080027.60,0.012,0.015,0.011,32.1,0.011,0.013,0.021*74
$GNRMC,080027.60,A,2756.94958,S,02449.81219,E,3.50,0.0,120826,,,R*7B
$GNGGA,080027.80,2756.94938,S,02449.81219,E,4,18,0.7,93.928,M,28.000,M,1.0,0000*7C
$GNGST,080027.80,0.012,0.015,0.011,32.1,0.011,0.013,0.021*7A
$GNRMC,080027.80,A,2756.94938,S,02449.81219,E,3.50,0.0,120826,,,R*73
$GNGGA,080028.00,2756.94919,S,02449.81219,E,4,18,0.7,93.929,M,28.000,M,1.0,0000*79
$GNGST,080028.00,0.012,0.015,0.011,32.1,0.011,0.013,0.021*7D
$GNRMC,080028.00,A,2756.94919,S,02449.81219,E,3.50,0.0,120826,,,R*77
$GNGGA,080028.20,2756.94899,S,02449.81219,E,4,18,0.7,93.929,M,28.000,M,1.0,0000*72
$GNGST,080028.20,0.012,0.015,0.011,32.1,0.011,0.013,0.021*7F
$GNRMC,080028.20,A,2756.94899,S,02449.81219,E,3.50,0.0,120826,,,R*7C
$GNGGA,080028.40,2756.94879,S,02449.81219,E,4,18,0.7,93.929,M,28.000,M,1.0,0000*7A
$GNGST,080028.40,0.012,0.015,0.011,32.1,0.011,0.013,0.021*79
$GNRMC,080028.40,A,2756.94879,S,02449.81219,E,3.50,0.0,120826,,,R*74
$GNGGA,080028.60,2756.94860,S,02449.81219,E,4,18,0.7,93.930,M,28.000,M,1.0,0000*78
$GNGST,080028.60,0.012,0.015,0.011,32.1,0.011,0.013,0.021*7B
$GNRMC,080028.60,A,2756.94860,S,02449.81219,E,3.50,0.0,120826,,,R*7E
$GNGGA,080028.80,2756.94840,S,02449.81219,E,4,18,0.7,93.930,M,28.000,M,1.0,0000*74
$GNGST,080028.80,0.012,0.015,0.011,32.1,0.011,0.013,0.021*75
$GNRMC,080028.80,A,2756.94840,S,02449.81219,E,3.50,0.0,120826,,,R*72
$GNGGA,080029.00,2756.94821,S,02449.81219,E,4,18,0.7,93.930,M,28.000,M,1.0,0000*7A
$GNGST,080029.00,0.012,0.015,0.011,32.1,0.011,0.013,0.021*7C
$GNRMC,080029.00,A,2756.94821,S,02449.81219,E,3.50,0.0,120826,,,R*7C
$GNGGA,080029.20,2756.94801,S,02449.81219,E,4,18,0.7,93.931,M,28.000,M,1.0,0000*7B
$GNGST,080029.20,0.012,0.015,0.011,32.1,0.011,0.013,0.021*7E
$GNRMC,080029.20,A,2756.94801,S,02449.81219,E,3.50,0.0,120826,,,R*7C
$GNGGA,080029.40,2756.94781,S,02449.81219,E,4,18,0.7,93.931,M,28.000,M,1.0,0000*7A
$GNGST,080029.40,0.012,0.015,0.011,32.1,0.011,0.013,0.021*78
$GNRMC,080029.40,A,2756.94781,S,02449.81219,E,3.50,0.0,120826,,,R*7D
$GNGGA,080029.60,2756.94762,S,02449.81219,E,4,18,0.7,93.932,M,28.000,M,1.0,0000*76
$GNGST,080029.60,0.012,0.015,0.011,32.1,0.011,0.013,0.021*7A
$GNRMC,080029.60,A,2756.94762,S,02449.81219,E,3.50,0.0,120826,,,R*72
$GNGGA,080029.80,2756.94742,S,02449.81219,E,4,18,0.7,93.932,M,28.000,M,1.0,0000*7A
$GNGST,080029.80,0.012,0.015,0.011,32.1,0.011,0.013,0.021*74
$GNRMC,080029.80,A,2756.94742,S,02449.81219,E,3.50,0.0,120826,,,R*7E
$GNGGA,080030.00,2756.94723,S,02449.81219,E,4,18,0.7,93.932,M,28.000,M,1.0,0000*7D
$GNGST,080030.00,0.012,0.015,0.011,32.1,0.011,0.013,0.021*74
$GNRMC,080030.00,A,2756.94723,S,02449.81219,E,3.50,0.0,120826,,,R*79
$GNGGA,080030.20,2756.94703,S,02449.81219,E,4,18,0.7,93.933,M,28.000,M,1.0,0000*7C
$GNGST,080030.20,0.012,0.015,0.011,32.1,0.011,0.013,0.021*76
$GNRMC,080030.20,A,2756.94703,S,02449.81219,E,3.50,0.0,120826,,,R*79
$GNGGA,080030.40,2756.94683,S,02449.81219,E,4,18,0.7,93.933,M,28.000,M,1.0,0000*73
$GNGST,080030.40,0.012,0.015,0.011,32.1,0.011,0.013,0.021*70
$GNRMC,080030.40,A,2756.94683,S,02449.81219,E,3.50,0.0,120826,,,R*76
$GNGGA,080030.60,2756.94664,S,02449.81219,E,4,18,0.7,93.934,M,28.000,M,1.0,0000*7F
$GNGST,080030.60,0.012,0.015,0.011,32.1,0.011,0.013,0.021*72
$GNRMC,080030.60,A,2756.94664,S,02449.81219,E,3.50,0.0,120826,,,R*7D
$GNGGA,080030.80,2756.94644,S,02449.81219,E,4,18,0.7,93.934,M,28.000,M,1.0,0000*73
$GNGST,080030.80,0.012,0.015,0.011,32.1,0.011,0.013,0.021*7C
$GNRMC,080030.80,A,2756.94644,S,02449.81219,E,3.50,0.0,120826,,,R*71
$GNGGA,080031.00,2756.94625,S,02449.81219,E,4,18,0.7,93.935,M,28.000,M,1.0,0000*7C
$GNGST,080031.00,0.012,0.015,0.011,32.1,0.011,0.013,0.021*75
$GNRMC,080031.00,A,2756.94625,S,02449.81219,E,3.50,0.0,120826,,,R*7F
$GNGGA,080031.20,2756.94605,S,02449.81219,E,4,18,0.7,93.935,M,28.000,M,1.0,0000*7C
$GNGST,080031.20,0.012,0.015,0.011,32.1,0.011,0.013,0.021*77
$GNRMC,080031.20,A,2756.94605,S,02449.81219,E,3.50,0.0,120826,,,R*7F
$GNGGA,080031.40,2756.94586,S,02449.81219,E,4,18,0.7,93.935,M,28.000,M,1.0,0000*72
$GNGST,080031.40,0.012,0.015,0.011,32.1,0.011,0.013,0.021*71
$GNRMC,080031.40,A,2756.94586,S,02449.81219,E,3.50,0.0,120826,,,R*71
$GNGGA,080031.60,2756.94566,S,02449.81219,E,4,18,0.7,93.936,M,28.000,M,1.0,0000*7D
$GNGST,080031.60,0.012,0.015,0.011,32.1,0.011,0.013,0.021*73
$GNRMC,080031.60,A,2756.94566,S,02449.81219,E,3.50,0.0,120826,,,R*7D
$GNGGA,080031.80,2756.94546,S,02449.81219,E,4,18,0.7,93.936,M,28.000,M,1.0,0000*71
$GNGST,080031.80,0.012,0.015,0.011,32.1,0.011,0.013,0.021*7D
$GNRMC,080031.80,A,2756.94546,S,02449.81219,E,3.50,0.0,120826,,,R*71
$GNGGA,080032.00,2756.94527,S,02449.81219,E,4,18,0.7,93.937,M,28.000,M,1.0,0000*7C
$GNGST,080032.00,0.012,0.015,0.011,32.1,0.011,0.013,0.021*76
$GNRMC,080032.00,A,2756.94527,S,02449.81219,E,3.50,0.0,120826,,,R*7D
$GNGGA,080032.20,2756.94507,S,02449.81219,E,4,18,0.7,93.937,M,28.000,M,1.0,0000*7C
$GNGST,080032.20,0.012,0.015,0.011,32.1,0.011,0.013,0.021*74
$GNRMC,080032.20,A,2756.94507,S,02449.81219,E,3.50,0.0,120826,,,R*7D
$GNGGA,080032.40,2756.94488,S,02449.81219,E,4,18,0.7,93.938,M,28.000,M,1.0,0000*73
$GNGST,080032.40,0.012,0.015,0.011,32.1,0.011,0.013,0.021*72
$GNRMC,080032.40,A,2756.94488,S,02449.81219,E,3.50,0.0,120826,,,R*7D
$GNGGA,080032.60,2756.94468,S,02449.81219,E,4,18,0.7,93.938,M,28.000,M,1.0,0000*7F
$GNGST,080032.60,0.012,0.015,0.011,32.1,0.011,0.013,0.021*70
$GNRMC,080032.60,A,2756.94468,S,02449.81219,E,3.50,0.0,120826,,,R*71
$GNGGA,080032.80,2756.94448,S,02449.81219,E,4,18,0.7,93.939,M,28.000,M,1.0,0000*72
$GNGST,080032.80,0.012,0.015,0.011,32.1,0.011,0.013,0.021*7E
$GNRMC,080032.80,A,2756.94448,S,02449.81219,E,3.50,0.0,120826,,,R*7D
$GNGGA,080033.00,2756.94429,S,02449.81219,E,4,18,0.7,93.939,M,28.000,M,1.0,0000*7C
$GNGST,080033.00,0.012,0.015,0.011,32.1,0.011,0.013,0.021*77
$GNRMC,080033.00,A,2756.94429,S,02449.81219,E,3.50,0.0,120826,,,R*73
$GNGGA,080033.20,2756.94409,S,02449.81219,E,4,18,0.7,93.940,M,28.000,M,1.0,0000*72
$GNGST,080033.20,0.012,0.015,0.011,32.1,0.011,0.013,0.021*75
$GNRMC,080033.20,A,2756.94409,S,02449.81219,E,3.50,0.0,120826,,,R*73
$GNGGA,080033.40,2756.94390,S,02449.81219,E,4,18,0.7,93.941,M,28.000,M,1.0,0000*72
$GNGST,080033.40,0.012,0.015,0.011,32.1,0.011,0.013,0.021*73
$GNRMC,080033.40,A,2756.94390,S,02449.81219,E,3.50,0.0,120826,,,R*72
$GNGGA,080033.60,2756.94370,S,02449.81219,E,4,18,0.7,93.941,M,28.000,M,1.0,0000*7E
$GNGST,080033.60,0.012,0.015,0.011,32.1,0.011,0.013,0.021*71
$GNRMC,080033.60,A,2756.94370,S,02449.81219,E,3.50,0.0,120826,,,R*7E
$GNGGA,080033.80,2756.94350,S,02449.81219,E,4,18,0.7,93.942,M,28.000,M,1.0,0000*71
$GNGST,080033.80,0.012,0.015,0.011,32.1,0.011,0.013,0.021*7F
$GNRMC,080033.80,A,2756.94350,S,02449.81219,E,3.50,0.0,120826,,,R*72
$GNGGA,080034.00,2756.94331,S,02449.81219,E,4,18,0.7,93.942,M,28.000,M,1.0,0000*79
$GNGST,080034.00,0.012,0.015,0.011,32.1,0.011,0.013,0.021*70
$GNRMC,080034.00,A,2756.94331,S,02449.81219,E,3.50,0.0,120826,,,R*7A
$GNGGA,080034.20,2756.94311,S,02449.81219,E,4,18,0.7,93.943,M,28.000,M,1.0,0000*78
$GNGST,080034.20,0.012,0.015,0.011,32.1,0.011,0.013,0.021*72
$GNRMC,080034.20,A,2756.94311,S,02449.81219,E,3.50,0.0,120826,,,R*7A
$GNGGA,080034.40,2756.94292,S,02449.81219,E,4,18,0.7,93.943,M,28.000,M,1.0,0000*74
$GNGST,080034.40,0.012,0.015,0.011,32.1,0.011,0.013,0.021*74
$GNRMC,080034.40,A,2756.94292,S,02449.81219,E,3.50,0.0,120826,,,R*76
$GNGGA,080034.60,2756.94272,S,02449.81219,E,4,18,0.7,93.944,M,28.000,M,1.0,0000*7F
$GNGST,080034.60,0.012,0.015,0.011,32.1,0.011,0.013,0.021*76
$GNRMC,080034.60,A,2756.94272,S,02449.81219,E,3.50,0.0,120826,,,R*7A
$GNGGA,080034.80,2756.94253,S,02449.81219,E,4,18,0.7,93.945,M,28.000,M,1.0,0000*73
$GNGST,080034.80,0.012,0.015,0.011,32.1,0.011,0.013,0.021*78
$GNRMC,080034.80,A,2756.94253,S,02449.81219,E,3.50,0.0,120826,,,R*77
$GNGGA,080035.00,2756.94233,S,02449.81219,E,4,18,0.7,93.945,M,28.000,M,1.0,0000*7C
$GNGST,080035.00,0.012,0.015,0.011,32.1,0.011,0.013,0.021*71
$GNRMC,080035.00,A,2756.94233,S,02449.81219,E,3.50,0.0,120826,,,R*78
$GNGGA,080035.20,2756.94213,S,02449.81219,E,4,18,0.7,93.946,M,28.000,M,1.0,0000*7F
$GNGST,080035.20,0.012,0.015,0.011,32.1,0.011,0.013,0.021*73
$GNRMC,080035.20,A,2756.94213,S,02449.81219,E,3.50,0.0,120826,,,R*78
$GNGGA,080035.40,2756.94194,S,02449.81219,E,4,18,0.7,93.946,M,28.000,M,1.0,0000*75
$GNGST,080035.40,0.012,0.015,0.011,32.1,0.011,0.013,0.021*75
$GNRMC,080035.40,A,2756.94194,S,02449.81219,E,3.50,0.0,120826,,,R*72
$GNGGA,080035.60,2756.94174,S,02449.81219,E,4,18,0.7,93.947,M,28.000,M,1.0,0000*78
$GNGST,080035.60,0.012,0.015,0.011,32.1,0.011,0.013,0.021*77
$GNRMC,080035.60,A,2756.94174,S,02449.81219,E,3.50,0.0,120826,,,R*7E
$GNGGA,080035.80,2756.94155,S,02449.81219,E,4,18,0.7,93.948,M,28.000,M,1.0,0000*7A
$GNGST,080035.80,0.012,0.015,0.011,32.1,0.011,0.013,0.021*79
$GNRMC,080035.80,A,2756.94155,S,02449.81219,E,3.50,0.0,120826,,,R*73
$GNGGA,080036.00,2756.94135,S,02449.81219,E,4,18,0.7,93.948,M,28.000,M,1.0,0000*77
$GNGST,080036.00,0.012,0.015,0.011,32.1,0.011,0.013,0.021*72
$GNRMC,080036.00,A,2756.94135,S,02449.81219,E,3.50,0.0,120826,,,R*7E
$GNGGA,080036.20,2756.94115,S,02449.81219,E,4,18,0.7,93.949,M,28.000,M,1.0,0000*76
$GNGST,080036.20,0.012,0.015,0.011,32.1,0.011,0.013,0.021*70
$GNRMC,080036.20,A,2756.94115,S,02449.81219,E,3.50,0.0,120826,,,R*7E
$GNGGA,080036.40,2756.94096,S,02449.81219,E,4,18,0.7,93.949,M,28.000,M,1.0,0000*7A
$GNGST,080036.40,0.012,0.015,0.011,32.1,0.011,0.013,0.021*76
$GNRMC,080036.40,A,2756.94096,S,02449.81219,E,3.50,0.0,120826,,,R*72
$GNGGA,080036.60,2756.94076,S,02449.81219,E,4,18,0.7,93.950,M,28.000,M,1.0,0000*7E
$GNGST,080036.60,0.012,0.015,0.011,32.1,0.011,0.013,0.021*74
$GNRMC,080036.60,A,2756.94076,S,02449.81219,E,3.50,0.0,120826,,,R*7E
$GNGGA,080036.80,2756.94057,S,02449.81219,E,4,18,0.7,93.951,M,28.000,M,1.0,0000*72
$GNGST,080036.80,0.012,0.015,0.011,32.1,0.011,0.013,0.021*7A
$GNRMC,080036.80,A,2756.94057,S,02449.81219,E,3.50,0.0,120826,,,R*73
$GNGGA,080037.00,2756.94037,S,02449.81219,E,4,18,0.7,93.951,M,28.000,M,1.0,0000*7D
$GNGST,080037.00,0.012,0.015,0.011,32.1,0.011,0.013,0.021*73
$GNRMC,080037.00,A,2756.94037,S,02449.81219,E,3.50,0.0,120826,,,R*7C
$GNGGA,080037.20,2756.94017,S,02449.81219,E,4,18,0.7,93.952,M,28.000,M,1.0,0000*7E
$GNGST,080037.20,0.012,0.015,0.011,32.1,0.011,0.013,0.021*71
$GNRMC,080037.20,A,2756.94017,S,02449.81219,E,3.50,0.0,120826,,,R*7C
$GNGGA,080037.40,2756.93998,S,02449.81219,E,4,18,0.7,93.953,M,28.000,M,1.0,0000*70
$GNGST,080037.40,0.012,0.015,0.011,32.1,0.011,0.013,0.021*77
$GNRMC,080037.40,A,2756.93998,S,02449.81219,E,3.50,0.0,120826,,,R*73
$GNGGA,080037.60,2756.93978,S,02449.81219,E,4,18,0.7,93.953,M,28.000,M,1.0,0000*7C
$GNGST,080037.60,0.012,0.015,0.011,32.1,0.011,0.013,0.021*75
$GNRMC,080037.60,A,2756.93978,S,02449.81219,E,3.50,0.0,120826,,,R*7F
$GNGGA,080037.80,2756.93959,S,02449.81219,E,4,18,0.7,93.954,M,28.000,M,1.0,0000*76
$GNGST,080037.80,0.012,0.015,0.011,32.1,0.011,0.013,0.021*7B
$GNRMC,080037.80,A,2756.93959,S,02449.81219,E,3.50,0.0,120826,,,R*72
$GNGGA,080038.00,2756.93939,S,02449.81219,E,4,18,0.7,93.955,M,28.000,M,1.0,0000*76
$GNGST,080038.00,0.012,0.015,0.011,32.1,0.011,0.013,0.021*7C
$GNRMC,080038.00,A,2756.93939,S,02449.81219,E,3.50,0.0,120826,,,R*73
$GNGGA,080038.20,2756.93919,S,02449.81219,E,4,18,0.7,93.955,M,28.000,M,1.0,0000*76
$GNGST,080038.20,0.012,0.015,0.011,32.1,0.011,0.013,0.021*7E
$GNRMC,080038.20,A,2756.93919,S,02449.81219,E,3.50,0.0,120826,,,R*73
$GNGGA,080038.40,2756.93900,S,02449.81219,E,4,18,0.7,93.956,M,28.000,M,1.0,0000*7B
$GNGST,080038.40,0.012,0.015,0.011,32.1,0.011,0.013,0.021*78
$GNRMC,080038.40,A,2756.93900,S,02449.81219,E,3.50,0.0,120826,,,R*7D
$GNGGA,080038.60,2756.93880,S,02449.81219,E,4,18,0.7,93.957,M,28.000,M,1.0,0000*71
$GNGST,080038.60,0.012,0.015,0.011,32.1,0.011,0.013,0.021*7A
$GNRMC,080038.60,A,2756.93880,S,02449.81219,E,3.50,0.0,120826,,,R*76
$GNGGA,080038.80,2756.93861,S,02449.81219,E,4,18,0.7,93.958,M,28.000,M,1.0,0000*7F
$GNGST,080038.80,0.012,0.015,0.011,32.1,0.011,0.013,0.021*74
$GNRMC,080038.80,A,2756.93861,S,02449.81219,E,3.50,0.0,120826,,,R*77
$GNGGA,080039.00,2756.93841,S,02449.81219,E,4,18,0.7,93.958,M,28.000,M,1.0,0000*74
$GNGST,080039.00,0.012,0.015,0.011,32.1,0.011,0.013,0.021*7D
$GNRMC,080039.00,A,2756.93841,S,02449.81219,E,3.50,0.0,120826,,,R*7C
$GNGGA,080039.20,2756.93822,S,02449.81219,E,4,18,0.7,93.959,M,28.000,M,1.0,0000*72
$GNGST,080039.20,0.012,0.015,0.011,32.1,0.011,0.013,0.021*7F
$GNRMC,080039.20,A,2756.93822,S,02449.81219,E,3.50,0.0,120826,,,R*7B
$GNGGA,080039.40,2756.93802,S,02449.81219,E,4,18,0.7,93.960,M,28.000,M,1.0,0000*7C
$GNGST,080039.40,0.012,0.015,0.011,32.1,0.011,0.013,0.021*79
$GNRMC,080039.40,A,2756.93802,S,02449.81219,E,3.50,0.0,120826,,,R*7F
$GNGGA,080039.60,2756.93782,S,02449.81219,E,4,18,0.7,93.960,M,28.000,M,1.0,0000*79
$GNGST,080039.60,0.012,0.015,0.011,32.1,0.011,0.013,0.021*7B
$GNRMC,080039.60,A,2756.93782,S,02449.81219,E,3.50,0.0,120826,,,R*7A
$GNGGA,080039.80,2756.93763,S,02449.81219,E,4,18,0.7,93.961,M,28.000,M,1.0,0000*79
$GNGST,080039.80,0.012,0.015,0.011,32.1,0.011,0.013,0.021*75
$GNRMC,080039.80,A,2756.93763,S,02449.81219,E,3.50,0.0,120826,,,R*7B
$GNGGA,080040.00,2756.93746,S,02449.81231,E,4,18,0.7,93.963,M,28.000,M,1.0,0000*70
$GNGST,080040.00,0.012,0.015,0.011,32.1,0.011,0.013,0.021*73
$GNRMC,080040.00,A,2756.93746,S,02449.81231,E,3.50,33.2,120826,,,R*42
$GNGGA,080040.20,2756.93730,S,02449.81244,E,4,18,0.7,93.964,M,28.000,M,1.0,0000*76
$GNGST,080040.20,0.012,0.015,0.011,32.1,0.011,0.013,0.021*71
$GNRMC,080040.20,A,2756.93730,S,02449.81244,E,3.50,33.2,120826,,,R*43
$GNGGA,080040.40,2756.93714,S,02449.81256,E,4,18,0.7,93.965,M,28.000,M,1.0,0000*74
$GNGST,080040.40,0.012,0.015,0.011,32.1,0.011,0.013,0.021*77
$GNRMC,080040.40,A,2756.93714,S,02449.81256,E,3.50,33.2,120826,,,R*40
$GNGGA,080040.60,2756.93697,S,02449.81268,E,4,18,0.7,93.967,M,28.000,M,1.0,0000*73
$GNGST,080040.60,0.012,0.015,0.011,32.1,0.011,0.013,0.021*75
$GNRMC,080040.60,A,2756.93697,S,02449.81268,E,3.50,33.2,120826,,,R*45
$GNGGA,080040.80,2756.93681,S,02449.81280,E,4,18,0.7,93.968,M,28.000,M,1.0,0000*73
$GNGST,080040.80,0.012,0.015,0.011,32.1,0.011,0.013,0.021*7B
$GNRMC,080040.80,A,2756.93681,S,02449.81280,E,3.50,33.2,120826,,,R*4A
$GNGGA,080041.00,2756.93664,S,02449.81292,E,4,18,0.7,93.970,M,28.000,M,1.0,0000*7B
$GNGST,080041.00,0.012,0.015,0.011,32.1,0.011,0.013,0.021*72
$GNRMC,080041.00,A,2756.93664,S,02449.81292,E,3.50,33.2,120826,,,R*4B
$GNGGA,080041.20,2756.93648,S,02449.81304,E,4,18,0.7,93.971,M,28.000,M,1.0,0000*78
$GNGST,080041.20,0.012,0.015,0.011,32.1,0.011,0.013,0.021*70
$GNRMC,080041.20,A,2756.93648,S,02449.81304,E,3.50,33.2,120826,,,R*49
$GNGGA,080041.40,2756.93632,S,02449.81316,E,4,18,0.7,93.972,M,28.000,M,1.0,0000*73
$GNGST,080041.40,0.012,0.015,0.011,32.1,0.011,0.013,0.021*76
$GNRMC,080041.40,A,2756.93632,S,02449.81316,E,3.50,33.2,120826,,,R*41
$GNGGA,080041.60,2756.93615,S,02449.81328,E,4,18,0.7,93.974,M,28.000,M,1.0,0000*7F
$GNGST,080041.60,0.012,0.015,0.011,32.1,0.011,0.013,0.021*74
$GNRMC,080041.60,A,2756.93615,S,02449.81328,E,3.50,33.2,120826,,,R*4B
$GNGGA,080041.80,2756.93599,S,02449.81340,E,4,18,0.7,93.975,M,28.000,M,1.0,0000*79
$GNGST,080041.80,0.012,0.015,0.011,32.1,0.011,0.013,0.021*7A
$GNRMC,080041.80,A,2756.93599,S,02449.81340,E,3.50,33.2,120826,,,R*4C
$GNGGA,080042.00,2756.93582,S,02449.81352,E,4,18,0.7,93.977,M,28.000,M,1.0,0000*79
$GNGST,080042.00,0.012,0.015,0.011,32.1,0.011,0.013,0.021*71
$GNRMC,080042.00,A,2756.93582,S,02449.81352,E,3.50,33.2,120826,,,R*4E
$GNGGA,080042.20,2756.93566,S,02449.81364,E,4,18,0.7,93.978,M,28.000,M,1.0,0000*7B
$GNGST,080042.20,0.012,0.015,0.011,32.1,0.011,0.013,0.021*73
$GNRMC,080042.20,A,2756.93566,S,02449.81364,E,3.50,33.2,120826,,,R*43
$GNGGA,080042.40,2756.93550,S,02449.81376,E,4,18,0.7,93.980,M,28.000,M,1.0,0000*7C
$GNGST,080042.40,0.012,0.015,0.011,32.1,0.011,0.013,0.021*75
$GNRMC,080042.40,A,2756.93550,S,02449.81376,E,3.50,33.2,120826,,,R*43
$GNGGA,080042.60,2756.93533,S,02449.81388,E,4,18,0.7,93.981,M,28.000,M,1.0,0000*7B
$GNGST,080042.60,0.012,0.015,0.011,32.1,0.011,0.013,0.021*77
$GNRMC,080042.60,A,2756.93533,S,02449.81388,E,3.50,33.2,120826,,,R*45
$GNGGA,080042.80,2756.93517,S,02449.81401,E,4,18,0.7,93.982,M,28.000,M,1.0,0000*76
$GNGST,080042.80,0.012,0.015,0.011,32.1,0.011,0.013,0.021*79
$GNRMC,080042.80,A,2756.93517,S,02449.81401,E,3.50,33.2,120826,,,R*4B
$GNGGA,080043.00,2756.93500,S,02449.81413,E,4,18,0.7,93.984,M,28.000,M,1.0,0000*7C
$GNGST,080043.00,0.012,0.015,0.011,32.1,0.011,0.013,0.021*70
$GNRMC,080043.00,A,2756.93500,S,02449.81413,E,3.50,33.2,120826,,,R*47
$GNGGA,080043.20,2756.93484,S,02449.81425,E,4,18,0.7,93.985,M,28.000,M,1.0,0000*77
$GNGST,080043.20,0.012,0.015,0.011,32.1,0.011,0.013,0.021*72
$GNRMC,080043.20,A,2756.93484,S,02449.81425,E,3.50,33.2,120826,,,R*4D
$GNGGA,080043.40,2756.93468,S,02449.81437,E,4,18,0.7,93.987,M,28.000,M,1.0,0000*72
$GNGST,080043.40,0.012,0.015,0.011,32.1,0.011,0.013,0.021*74
$GNRMC,080043.40,A,2756.93468,S,02449.81437,E,3.50,33.2,120826,,,R*4A
$GNGGA,080043.60,2756.93451,S,02449.81449,E,4,18,0.7,93.988,M,28.000,M,1.0,0000*7C
$GNGST,080043.60,0.012,0.015,0.011,32.1,0.011,0.013,0.021*76
$GNRMC,080043.60,A,2756.93451,S,02449.81449,E,3.50,33.2,120826,,,R*4B
$GNGGA,080043.80,2756.93435,S,02449.81461,E,4,18,0.7,93.990,M,28.000,M,1.0,0000*73
$GNGST,080043.80,0.012,0.015,0.011,32.1,0.011,0.013,0.021*78
$GNRMC,080043.80,A,2756.93435,S,02449.81461,E,3.50,33.2,120826,,,R*4D
$GNGGA,080044.00,2756.93418,S,02449.81473,E,4,18,0.7,93.991,M,28.000,M,1.0,0000*71
$GNGST,080044.00,0.012,0.015,0.011,32.1,0.011,0.013,0.021*77
$GNRMC,080044.00,A,2756.93418,S,02449.81473,E,3.50,33.2,120826,,,R*4E
$GNGGA,080044.20,2756.93402,S,02449.81485,E,4,18,0.7,93.993,M,28.000,M,1.0,0000*73
$GNGST,080044.20,0.012,0.015,0.011,32.1,0.011,0.013,0.021*75
$GNRMC,080044.20,A,2756.93402,S,02449.81485,E,3.50,33.2,120826,,,R*4E
$GNGGA,080044.40,2756.93385,S,02449.81497,E,4,18,0.7,93.994,M,28.000,M,1.0,0000*79
$GNGST,080044.40,0.012,0.015,0.011,32.1,0.011,0.013,0.021*73
$GNRMC,080044.40,A,2756.93385,S,02449.81497,E,3.50,33.2,120826,,,R*43
$GNGGA,080044.60,2756.93369,S,02449.81509,E,4,18,0.7,93.995,M,28.000,M,1.0,0000*7E
$GNGST,080044.60,0.012,0.015,0.011,32.1,0.011,0.013,0.021*71
$GNRMC,080044.60,A,2756.93369,S,02449.81509,E,3.50,33.2,120826,,,R*45
$GNGGA,080044.80,2756.93353,S,02449.81521,E,4,18,0.7,93.997,M,28.000,M,1.0,0000*71
$GNGST,080044.80,0.012,0.015,0.011,32.1,0.011,0.013,0.021*7F
$GNRMC,080044.80,A,2756.93353,S,02449.81521,E,3.50,33.2,120826,,,R*48
$GNGGA,080045.00,2756.93336,S,02449.81533,E,4,18,0.7,93.998,M,28.000,M,1.0,0000*77
$GNGST,080045.00,0.012,0.015,0.011,32.1,0.011,0.013,0.021*76
$GNRMC,080045.00,A,2756.93336,S,02449.81533,E,3.50,33.2,120826,,,R*41
$GNGGA,080045.20,2756.93320,S,02449.81545,E,4,18,0.7,94.000,M,28.000,M,1.0,0000*7C
$GNGST,080045.20,0.012,0.015,0.011,32.1,0.011,0.013,0.021*74
$GNRMC,080045.20,A,2756.93320,S,02449.81545,E,3.50,33.2,120826,,,R*45
$GNGGA,080045.40,2756.93303,S,02449.81557,E,4,18,0.7,94.001,M,28.000,M,1.0,0000*79
$GNGST,080045.40,0.012,0.015,0.011,32.1,0.011,0.013,0.021*72
$GNRMC,080045.40,A,2756.93303,S,02449.81557,E,3.50,33.2,120826,,,R*41
$GNGGA,080045.60,2756.93287,S,02449.81570,E,4,18,0.7,94.003,M,28.000,M,1.0,0000*71
$GNGST,080045.60,0.012,0.015,0.011,32.1,0.011,0.013,0.021*70
$GNRMC,080045.60,A,2756.93287,S,02449.81570,E,3.50,33.2,120826,,,R*4B
$GNGGA,080045.80,2756.93271,S,02449.81582,E,4,18,0.7,94.004,M,28.000,M,1.0,0000*7C
$GNGST,080045.80,0.012,0.015,0.011,32.1,0.011,0.013,0.021*7E
$GNRMC,080045.80,A,2756.93271,S,02449.81582,E,3.50,33.2,120826,,,R*41
$GNGGA,080046.00,2756.93254,S,02449.81594,E,4,18,0.7,94.005,M,28.000,M,1.0,0000*76
$GNGST,080046.00,0.012,0.015,0.011,32.1,0.011,0.013,0.021*75
$GNRMC,080046.00,A,2756.93254,S,02449.81594,E,3.50,33.2,120826,,,R*4A
$GNGGA,080046.20,2756.93238,S,02449.81606,E,4,18,0.7,94.007,M,28.000,M,1.0,0000*74
$GNGST,080046.20,0.012,0.015,0.011,32.1,0.011,0.013,0.021*77
$GNRMC,080046.20,A,2756.93238,S,02449.81606,E,3.50,33.2,120826,,,R*4A
$GNGGA,080046.40,2756.93221,S,02449.81618,E,4,18,0.7,94.008,M,28.000,M,1.0,0000*7A
$GNGST,080046.40,0.012,0.015,0.011,32.1,0.011,0.013,0.021*71
$GNRMC,080046.40,A,2756.93221,S,02449.81618,E,3.50,33.2,120826,,,R*4B
$GNGGA,080046.60,2756.93205,S,02449.81630,E,4,18,0.7,94.010,M,28.000,M,1.0,0000*7D
$GNGST,080046.60,0.012,0.015,0.011,32.1,0.011,0.013,0.021*73
$GNRMC,080046.60,A,2756.93205,S,02449.81630,E,3.50,33.2,120826,,,R*45
$GNGGA,080046.80,2756.93189,S,02449.81642,E,4,18,0.7,94.011,M,28.000,M,1.0,0000*70
$GNGST,080046.80,0.012,0.015,0.011,32.1,0.011,0.013,0.021*7D
$GNRMC,080046.80,A,2756.93189,S,02449.81642,E,3.50,33.2,120826,,,R*49
$GNGGA,080047.00,2756.93172,S,02449.81654,E,4,18,0.7,94.012,M,28.000,M,1.0,0000*79
$GNGST,080047.00,0.012,0.015,0.011,32.1,0.011,0.013,0.021*74
$GNRMC,080047.00,A,2756.93172,S,02449.81654,E,3.50,33.2,120826,,,R*43
$GNGGA,080047.20,2756.93156,S,02449.81666,E,4,18,0.7,94.014,M,28.000,M,1.0,0000*7A
$GNGST,080047.20,0.012,0.015,0.011,32.1,0.011,0.013,0.021*76
$GNRMC,080047.20,A,2756.93156,S,02449.81666,E,3.50,33.2,120826,,,R*46
$GNGGA,080047.40,2756.93139,S,02449.81678,E,4,18,0.7,94.015,M,28.000,M,1.0,0000*7B
$GNGST,080047.40,0.012,0.015,0.011,32.1,0.011,0.013,0.021*70
$GNRMC,080047.40,A,2756.93139,S,02449.81678,E,3.50,33.2,120826,,,R*46
$GNGGA,080047.60,2756.93123,S,02449.81690,E,4,18,0.7,94.017,M,28.000,M,1.0,0000*76
$GNGST,080047.60,0.012,0.015,0.011,32.1,0.011,0.013,0.021*72
$GNRMC,080047.60,A,2756.93123,S,02449.81690,E,3.50,33.2,120826,,,R*49
$GNGGA,080047.80,2756.93107,S,02449.81702,E,4,18,0.7,94.018,M,28.000,M,1.0,0000*7B
$GNGST,080047.80,0.012,0.015,0.011,32.1,0.011,0.013,0.021*7C
$GNRMC,080047.80,A,2756.93107,S,02449.81702,E,3.50,33.2,120826,,,R*4B
$GNGGA,080048.00,2756.93090,S,02449.81714,E,4,18,0.7,94.019,M,28.000,M,1.0,0000*75
$GNGST,080048.00,0.012,0.015,0.011,32.1,0.011,0.013,0.021*7B
$GNRMC,080048.00,A,2756.93090,S,02449.81714,E,3.50,33.2,120826,,,R*44
$GNGGA,080048.20,2756.93074,S,02449.81727,E,4,18,0.7,94.021,M,28.000,M,1.0,0000*76
$GNGST,080048.20,0.012,0.015,0.011,32.1,0.011,0.013,0.021*79
$GNRMC,080048.20,A,2756.93074,S,02449.81727,E,3.50,33.2,120826,,,R*4C
$GNGGA,080048.40,2756.93057,S,02449.81739,E,4,18,0.7,94.022,M,28.000,M,1.0,0000*7D
$GNGST,080048.40,0.012,0.015,0.011,32.1,0.011,0.013,0.021*7F
$GNRMC,080048.40,A,2756.93057,S,02449.81739,E,3.50,33.2,120826,,,R*44
$GNGGA,080048.60,2756.93041,S,02449.81751,E,4,18,0.7,94.023,M,28.000,M,1.0,0000*77
$GNGST,080048.60,0.012,0.015,0.011,32.1,0.011,0.013,0.021*7D
$GNRMC,080048.60,A,2756.93041,S,02449.81751,E,3.50,33.2,120826,,,R*4F
$GNGGA,080048.80,2756.93025,S,02449.81763,E,4,18,0.7,94.025,M,28.000,M,1.0,0000*7C
$GNGST,080048.80,0.012,0.015,0.011,32.1,0.011,0.013,0.021*73
$GNRMC,080048.80,A,2756.93025,S,02449.81763,E,3.50,33.2,120826,,,R*42
$GNGGA,080049.00,2756.93008,S,02449.81775,E,4,18,0.7,94.026,M,28.000,M,1.0,0000*7E
$GNGST,080049.00,0.012,0.015,0.011,32.1,0.011,0.013,0.021*7A
$GNRMC,080049.00,A,2756.93008,S,02449.81775,E,3.50,33.2,120826,,,R*43
$GNGGA,080049.20,2756.92992,S,02449.81787,E,4,18,0.7,94.027,M,28.000,M,1.0,0000*7B
$GNGST,080049.20,0.012,0.015,0.011,32.1,0.011,0.013,0.021*78
$GNRMC,080049.20,A,2756.92992,S,02449.81787,E,3.50,33.2,120826,,,R*47
$GNGGA,080049.40,2756.92975,S,02449.81799,E,4,18,0.7,94.029,M,28.000,M,1.0,0000*75
$GNGST,080049.40,0.012,0.015,0.011,32.1,0.011,0.013,0.021*7E
$GNRMC,080049.40,A,2756.92975,S,02449.81799,E,3.50,33.2,120826,,,R*47
$GNGGA,080049.60,2756.92959,S,02449.81811,E,4,18,0.7,94.030,M,28.000,M,1.0,0000*7E
$GNGST,080049.60,0.012,0.015,0.011,32.1,0.011,0.013,0.021*7C
$GNRMC,080049.60,A,2756.92959,S,02449.81811,E,3.50,33.2,120826,,,R*44
$GNGGA,080049.80,2756.92943,S,02449.81823,E,4,18,0.7,94.031,M,28.000,M,1.0,0000*7B
$GNGST,080049.80,0.012,0.015,0.011,32.1,0.011,0.013,0.021*72
$GNRMC,080049.80,A,2756.92943,S,02449.81823,E,3.50,33.2,120826,,,R*40
$GNGGA,080050.00,2756.92926,S,02449.81835,E,4,18,0.7,94.033,M,28.000,M,1.0,0000*7D
$GNGST,080050.00,0.012,0.015,0.011,32.1,0.011,0.013,0.021*72
$GNRMC,080050.00,A,2756.92926,S,02449.81835,E,3.50,33.2,120826,,,R*44
$GNGGA,080050.20,2756.92910,S,02449.81847,E,4,18,0.7,94.034,M,28.000,M,1.0,0000*78
$GNGST,080050.20,0.012,0.015,0.011,32.1,0.011,0.013,0.021*70
$GNRMC,080050.20,A,2756.92910,S,02449.81847,E,3.50,33.2,120826,,,R*46
$GNGGA,080050.40,2756.92893,S,02449.81859,E,4,18,0.7,94.035,M,28.000,M,1.0,0000*7A
$GNGST,080050.40,0.012,0.015,0.011,32.1,0.011,0.013,0.021*76
$GNRMC,080050.40,A,2756.92893,S,02449.81859,E,3.50,33.2,120826,,,R*45
$GNGGA,080050.60,2756.92877,S,02449.81871,E,4,18,0.7,94.037,M,28.000,M,1.0,0000*7A
$GNGST,080050.60,0.012,0.015,0.011,32.1,0.011,0.013,0.021*74
$GNRMC,080050.60,A,2756.92877,S,02449.81871,E,3.50,33.2,120826,,,R*47
$GNGGA,080050.80,2756.92861,S,02449.81883,E,4,18,0.7,94.038,M,28.000,M,1.0,0000*71
$GNGST,080050.80,0.012,0.015,0.011,32.1,0.011,0.013,0.021*7A
$GNRMC,080050.80,A,2756.92861,S,02449.81883,E,3.50,33.2,120826,,,R*43
$GNGGA,080051.00,2756.92844,S,02449.81896,E,4,18,0.7,94.039,M,28.000,M,1.0,0000*7A
$GNGST,080051.00,0.012,0.015,0.011,32.1,0.011,0.013,0.021*73
$GNRMC,080051.00,A,2756.92844,S,02449.81896,E,3.50,33.2,120826,,,R*49
$GNGGA,080051.20,2756.92828,S,02449.81908,E,4,18,0.7,94.040,M,28.000,M,1.0,0000*7A
$GNGST,080051.20,0.012,0.015,0.011,32.1,0.011,0.013,0.021*71
$GNRMC,080051.20,A,2756.92828,S,02449.81908,E,3.50,33.2,120826,,,R*47
$GNGGA,080051.40,2756.92811,S,02449.81920,E,4,18,0.7,94.042,M,28.000,M,1.0,0000*7E
$GNGST,080051.40,0.012,0.015,0.011,32.1,0.011,0.013,0.021*77
$GNRMC,080051.40,A,2756.92811,S,02449.81920,E,3.50,33.2,120826,,,R*41
$GNGGA,080051.60,2756.92795,S,02449.81932,E,4,18,0.7,94.043,M,28.000,M,1.0,0000*7D
$GNGST,080051.60,0.012,0.015,0.011,32.1,0.011,0.013,0.021*75
$GNRMC,080051.60,A,2756.92795,S,02449.81932,E,3.50,33.2,120826,,,R*43
$GNGGA,080051.80,2756.92779,S,02449.81944,E,4,18,0.7,94.044,M,28.000,M,1.0,0000*77
$GNGST,080051.80,0.012,0.015,0.011,32.1,0.011,0.013,0.021*7B
$GNRMC,080051.80,A,2756.92779,S,02449.81944,E,3.50,33.2,120826,,,R*4E
$GNGGA,080052.00,2756.92762,S,02449.81956,E,4,18,0.7,94.045,M,28.000,M,1.0,0000*74
$GNGST,080052.00,0.012,0.015,0.011,32.1,0.011,0.013,0.021*70
$GNRMC,080052.00,A,2756.92762,S,02449.81956,E,3.50,33.2,120826,,,R*4C
$GNGGA,080052.20,2756.92746,S,02449.81968,E,4,18,0.7,94.046,M,28.000,M,1.0,0000*7E
$GNGST,080052.20,0.012,0.015,0.011,32.1,0.011,0.013,0.021*72
$GNRMC,080052.20,A,2756.92746,S,02449.81968,E,3.50,33.2,120826,,,R*45
$GNGGA,080052.40,2756.92729,S,02449.81980,E,4,18,0.7,94.047,M,28.000,M,1.0,0000*76
$GNGST,080052.40,0.012,0.015,0.011,32.1,0.011,0.013,0.021*74
$GNRMC,080052.40,A,2756.92729,S,02449.81980,E,3.50,33.2,120826,,,R*4C
$GNGGA,080052.60,2756.92713,S,02449.81992,E,4,18,0.7,94.049,M,28.000,M,1.0,0000*70
$GNGST,080052.60,0.012,0.015,0.011,32.1,0.011,0.013,0.021*76
$GNRMC,080052.60,A,2756.92713,S,02449.81992,E,3.50,33.2,120826,,,R*44
$GNGGA,080052.80,2756.92697,S,02449.82004,E,4,18,0.7,94.050,M,28.000,M,1.0,0000*7E
$GNGST,080052.80,0.012,0.015,0.011,32.1,0.011,0.013,0.021*78
$GNRMC,080052.80,A,2756.92697,S,02449.82004,E,3.50,33.2,120826,,,R*42
$GNGGA,080053.00,2756.92680,S,02449.82016,E,4,18,0.7,94.051,M,28.000,M,1.0,0000*73
$GNGST,080053.00,0.012,0.015,0.011,32.1,0.011,0.013,0.021*71
$GNRMC,080053.00,A,2756.92680,S,02449.82016,E,3.50,33.2,120826,,,R*4E
$GNGGA,080053.20,2756.92664,S,02449.82028,E,4,18,0.7,94.052,M,28.000,M,1.0,0000*75
$GNGST,080053.20,0.012,0.015,0.011,32.1,0.011,0.013,0.021*73
$GNRMC,080053.20,A,2756.92664,S,02449.82028,E,3.50,33.2,120826,,,R*4B
$GNGGA,080053.40,2756.92647,S,02449.82040,E,4,18,0.7,94.053,M,28.000,M,1.0,0000*7D
$GNGST,080053.40,0.012,0.015,0.011,32.1,0.011,0.013,0.021*75
$GNRMC,080053.40,A,2756.92647,S,02449.82040,E,3.50,33.2,120826,,,R*42
$GNGGA,080053.60,2756.92631,S,02449.82052,E,4,18,0.7,94.054,M,28.000,M,1.0,0000*7A
$GNGST,080053.60,0.012,0.015,0.011,32.1,0.011,0.013,0.021*77
$GNRMC,080053.60,A,2756.92631,S,02449.82052,E,3.50,33.2,120826,,,R*42
$GNGGA,080053.80,2756.92615,S,02449.82065,E,4,18,0.7,94.055,M,28.000,M,1.0,0000*77
$GNGST,080053.80,0.012,0.015,0.011,32.1,0.011,0.013,0.021*79
$GNRMC,080053.80,A,2756.92615,S,02449.82065,E,3.50,33.2,120826,,,R*4E
$GNGGA,080054.00,2756.92598,S,02449.82077,E,4,18,0.7,94.056,M,28.000,M,1.0,0000*7E
$GNGST,080054.00,0.012,0.015,0.011,32.1,0.011,0.013,0.021*76
$GNRMC,080054.00,A,2756.92598,S,02449.82077,E,3.50,33.2,120826,,,R*44
$GNGGA,080054.20,2756.92582,S,02449.82089,E,4,18,0.7,94.057,M,28.000,M,1.0,0000*77
$GNGST,080054.20,0.012,0.015,0.011,32.1,0.011,0.013,0.021*74
$GNRMC,080054.20,A,2756.92582,S,02449.82089,E,3.50,33.2,120826,,,R*4C
$GNGGA,080054.40,2756.92565,S,02449.82101,E,4,18,0.7,94.059,M,28.000,M,1.0,0000*77
$GNGST,080054.40,0.012,0.015,0.011,32.1,0.011,0.013,0.021*72
$GNRMC,080054.40,A,2756.92565,S,02449.82101,E,3.50,33.2,120826,,,R*42
$GNGGA,080054.60,2756.92549,S,02449.82113,E,4,18,0.7,94.060,M,28.000,M,1.0,0000*72
$GNGST,080054.60,0.012,0.015,0.011,32.1,0.011,0.013,0.021*70
$GNRMC,080054.60,A,2756.92549,S,02449.82113,E,3.50,33.2,120826,,,R*4D
$GNGGA,080054.80,2756.92533,S,02449.82125,E,4,18,0.7,94.061,M,28.000,M,1.0,0000*75
$GNGST,080054.80,0.012,0.015,0.011,32.1,0.011,0.013,0.021*7E
$GNRMC,080054.80,A,2756.92533,S,02449.82125,E,3.50,33.2,120826,,,R*4B
$GNGGA,080055.00,2756.92516,S,02449.82137,E,4,18,0.7,94.062,M,28.000,M,1.0,0000*7B
$GNGST,080055.00,0.012,0.015,0.011,32.1,0.011,0.013,0.021*77
$GNRMC,080055.00,A,2756.92516,S,02449.82137,E,3.50,33.2,120826,,,R*46
$GNGGA,080055.20,2756.92500,S,02449.82149,E,4,18,0.7,94.063,M,28.000,M,1.0,0000*76
$GNGST,080055.20,0.012,0.015,0.011,32.1,0.011,0.013,0.021*75
$GNRMC,080055.20,A,2756.92500,S,02449.82149,E,3.50,33.2,120826,,,R*4A
$GNGGA,080055.40,2756.92483,S,02449.82161,E,4,18,0.7,94.064,M,28.000,M,1.0,0000*77
$GNGST,080055.40,0.012,0.015,0.011,32.1,0.011,0.013,0.021*73
$GNRMC,080055.40,A,2756.92483,S,02449.82161,E,3.50,33.2,120826,,,R*4C
$GNGGA,080055.60,2756.92467,S,02449.82173,E,4,18,0.7,94.065,M,28.000,M,1.0,0000*7D
$GNGST,080055.60,0.012,0.015,0.011,32.1,0.011,0.013,0.021*71
$GNRMC,080055.60,A,2756.92467,S,02449.82173,E,3.50,33.2,120826,,,R*47
$GNGGA,080055.80,2756.92450,S,02449.82185,E,4,18,0.7,94.065,M,28.000,M,1.0,0000*7E
$GNGST,080055.80,0.012,0.015,0.011,32.1,0.011,0.013,0.021*7F
$GNRMC,080055.80,A,2756.92450,S,02449.82185,E,3.50,33.2,120826,,,R*44
$GNGGA,080056.00,2756.92434,S,02449.82197,E,4,18,0.7,94.066,M,28.000,M,1.0,0000*77
$GNGST,080056.00,0.012,0.015,0.011,32.1,0.011,0.013,0.021*74
$GNRMC,080056.00,A,2756.92434,S,02449.82197,E,3.50,33.2,120826,,,R*4E
$GNGGA,080056.20,2756.92418,S,02449.82209,E,4,18,0.7,94.067,M,28.000,M,1.0,0000*7E
$GNGST,080056.20,0.012,0.015,0.011,32.1,0.011,0.013,0.021*76
$GNRMC,080056.20,A,2756.92418,S,02449.82209,E,3.50,33.2,120826,,,R*46
$GNGGA,080056.40,2756.92401,S,02449.82222,E,4,18,0.7,94.068,M,28.000,M,1.0,0000*76
$GNGST,080056.40,0.012,0.015,0.011,32.1,0.011,0.013,0.021*70
$GNRMC,080056.40,A,2756.92401,S,02449.82222,E,3.50,33.2,120826,,,R*41
$GNGGA,080056.60,2756.92385,S,02449.82234,E,4,18,0.7,94.069,M,28.000,M,1.0,0000*79
$GNGST,080056.60,0.012,0.015,0.011,32.1,0.011,0.013,0.021*72
$GNRMC,080056.60,A,2756.92385,S,02449.82234,E,3.50,33.2,120826,,,R*4F
$GNGGA,080056.80,2756.92368,S,02449.82246,E,4,18,0.7,94.070,M,28.000,M,1.0,0000*79
$GNGST,080056.80,0.012,0.015,0.011,32.1,0.011,0.013,0.021*7C
$GNRMC,080056.80,A,2756.92368,S,02449.82246,E,3.50,33.2,120826,,,R*47
$GNGGA,080057.00,2756.92352,S,02449.82258,E,4,18,0.7,94.071,M,28.000,M,1.0,0000*77
$GNGST,080057.00,0.012,0.015,0.011,32.1,0.011,0.013,0.021*75
$GNRMC,080057.00,A,2756.92352,S,02449.82258,E,3.50,33.2,120826,,,R*48
$GNGGA,080057.20,2756.92336,S,02449.82270,E,4,18,0.7,94.072,M,28.000,M,1.0,0000*7E
$GNGST,080057.20,0.012,0.015,0.011,32.1,0.011,0.013,0.021*77
$GNRMC,080057.20,A,2756.92336,S,02449.82270,E,3.50,33.2,120826,,,R*42
$GNGGA,080057.40,2756.92319,S,02449.82282,E,4,18,0.7,94.073,M,28.000,M,1.0,0000*79
$GNGST,080057.40,0.012,0.015,0.011,32.1,0.011,0.013,0.021*71
$GNRMC,080057.40,A,2756.92319,S,02449.82282,E,3.50,33.2,120826,,,R*44
$GNGGA,080057.60,2756.92303,S,02449.82294,E,4,18,0.7,94.073,M,28.000,M,1.0,0000*77
$GNGST,080057.60,0.012,0.015,0.011,32.1,0.011,0.013,0.021*73
$GNRMC,080057.60,A,2756.92303,S,02449.82294,E,3.50,33.2,120826,,,R*4A
$GNGGA,080057.80,2756.92286,S,02449.82306,E,4,18,0.7,94.074,M,28.000,M,1.0,0000*78
$GNGST,080057.80,0.012,0.015,0.011,32.1,0.011,0.013,0.021*7D
$GNRMC,080057.80,A,2756.92286,S,02449.82306,E,3.50,33.2,120826,,,R*42
$GNGGA,080058.00,2756.92270,S,02449.82318,E,4,18,0.7,94.075,M,28.000,M,1.0,0000*78
$GNGST,080058.00,0.012,0.015,0.011,32.1,0.011,0.013,0.021*7A
$GNRMC,080058.00,A,2756.92270,S,02449.82318,E,3.50,33.2,120826,,,R*43
$GNGGA,080058.20,2756.92254,S,02449.82330,E,4,18,0.7,94.076,M,28.000,M,1.0,0000*75
$GNGST,080058.20,0.012,0.015,0.011,32.1,0.011,0.013,0.021*78
$GNRMC,080058.20,A,2756.92254,S,02449.82330,E,3.50,33.2,120826,,,R*4D
$GNGGA,080058.40,2756.92237,S,02449.82342,E,4,18,0.7,94.077,M,28.000,M,1.0,0000*72
$GNGST,080058.40,0.012,0.015,0.011,32.1,0.011,0.013,0.021*7E
$GNRMC,080058.40,A,2756.92237,S,02449.82342,E,3.50,33.2,120826,,,R*4B
$GNGGA,080058.60,2756.92221,S,02449.82354,E,4,18,0.7,94.077,M,28.000,M,1.0,0000*70
$GNGST,080058.60,0.012,0.015,0.011,32.1,0.011,0.013,0.021*7C
$GNRMC,080058.60,A,2756.92221,S,02449.82354,E,3.50,33.2,120826,,,R*49
$GNGGA,080058.80,2756.92204,S,02449.82366,E,4,18,0.7,94.078,M,28.000,M,1.0,0000*77
$GNGST,080058.80,0.012,0.015,0.011,32.1,0.011,0.013,0.021*72
$GNRMC,080058.80,A,2756.92204,S,02449.82366,E,3.50,33.2,120826,,,R*41
$GNGGA,080059.00,2756.92188,S,02449.82378,E,4,18,0.7,94.079,M,28.000,M,1.0,0000*77
$GNGST,080059.00,0.012,0.015,0.011,32.1,0.011,0.013,0.021*7B
$GNRMC,080059.00,A,2756.92188,S,02449.82378,E,3.50,33.2,120826,,,R*40
$GNGGA,080059.20,2756.92172,S,02449.82391,E,4,18,0.7,94.080,M,28.000,M,1.0,0000*71
$GNGST,080059.20,0.012,0.015,0.011,32.1,0.011,0.013,0.021*79
$GNRMC,080059.20,A,2756.92172,S,02449.82391,E,3.50,33.2,120826,,,R*40
$GNGGA,080059.40,2756.92155,S,02449.82403,E,4,18,0.7,94.080,M,28.000,M,1.0,0000*7E
$GNGST,080059.40,0.012,0.015,0.011,32.1,0.011,0.013,0.021*7F
$GNRMC,080059.40,A,2756.92155,S,02449.82403,E,3.50,33.2,120826,,,R*4F
$GNGGA,080059.60,2756.92139,S,02449.82415,E,4,18,0.7,94.081,M,28.000,M,1.0,0000*70
$GNGST,080059.60,0.012,0.015,0.011,32.1,0.011,0.013,0.021*7D
$GNRMC,080059.60,A,2756.92139,S,02449.82415,E,3.50,33.2,120826,,,R*40
$GNGGA,080059.80,2756.92122,S,02449.82427,E,4,18,0.7,94.082,M,28.000,M,1.0,0000*76
$GNGST,080059.80,0.012,0.015,0.011,32.1,0.011,0.013,0.021*73
$GNRMC,080059.80,A,2756.92122,S,02449.82427,E,3.50,33.2,120826,,,R*45
$GNGGA,080100.00,2756.92106,S,02449.82439,E,4,18,0.7,94.082,M,28.000,M,1.0,0000*7A
$GNGST,080100.00,0.012,0.015,0.011,32.1,0.011,0.013,0.021*76
$GNRMC,080100.00,A,2756.92106,S,02449.82439,E,3.50,33.2,120826,,,R*49
$GNGGA,080100.20,2756.92126,S,02449.82439,E,4,18,0.7,94.082,M,28.000,M,1.0,0000*7A
$GNGST,080100.20,0.012,0.015,0.011,32.1,0.011,0.013,0.021*74
$GNRMC,080100.20,A,2756.92126,S,02449.82439,E,3.50,180.0,120826,,,R*72
$GNGGA,080100.40,2756.92145,S,02449.82439,E,4,18,0.7,94.082,M,28.000,M,1.0,0000*79
$GNGST,080100.40,0.012,0.015,0.011,32.1,0.011,0.013,0.021*72
$GNRMC,080100.40,A,2756.92145,S,02449.82439,E,3.50,180.0,120826,,,R*71
$GNGGA,080100.60,2756.92164,S,02449.82439,E,4,18,0.7,94.081,M,28.000,M,1.0,0000*7B
$GNGST,080100.60,0.012,0.015,0.011,32.1,0.011,0.013,0.021*70
$GNRMC,080100.60,A,2756.92164,S,02449.82439,E,3.50,180.0,120826,,,R*70
$GNGGA,080100.80,2756.92184,S,02449.82439,E,4,18,0.7,94.081,M,28.000,M,1.0,0000*7B
$GNGST,080100.80,0.012,0.015,0.011,32.1,0.011,0.013,0.021*7E
$GNRMC,080100.80,A,2756.92184,S,02449.82439,E,3.50,180.0,120826,,,R*70
$GNGGA,080101.00,2756.92203,S,02449.82439,E,4,18,0.7,94.080,M,28.000,M,1.0,0000*7F
$GNGST,080101.00,0.012,0.015,0.011,32.1,0.011,0.013,0.021*77
$GNRMC,080101.00,A,2756.92203,S,02449.82439,E,3.50,180.0,120826,,,R*75
$GNGGA,080101.20,2756.92223,S,02449.82439,E,4,18,0.7,94.080,M,28.000,M,1.0,0000*7F
$GNGST,080101.20,0.012,0.015,0.011,32.1,0.011,0.013,0.021*75
$GNRMC,080101.20,A,2756.92223,S,02449.82439,E,3.50,180.0,120826,,,R*75
$GNGGA,080101.40,2756.92242,S,02449.82439,E,4,18,0.7,94.080,M,28.000,M,1.0,0000*7E
$GNGST,080101.40,0.012,0.015,0.011,32.1,0.011,0.013,0.021*73
$GNRMC,080101.40,A,2756.92242,S,02449.82439,E,3.50,180.0,120826,,,R*74
$GNGGA,080101.60,2756.92262,S,02449.82439,E,4,18,0.7,94.079,M,28.000,M,1.0,0000*78
$GNGST,080101.60,0.012,0.015,0.011,32.1,0.011,0.013,0.021*71
$GNRMC,080101.60,A,2756.92262,S,02449.82439,E,3.50,180.0,120826,,,R*74
$GNGGA,080101.80,2756.92281,S,02449.82439,E,4,18,0.7,94.079,M,28.000,M,1.0,0000*7B
$GNGST,080101.80,0.012,0.015,0.011,32.1,0.011,0.013,0.021*7F
$GNRMC,080101.80,A,2756.92281,S,02449.82439,E,3.50,180.0,120826,,,R*77
$GNGGA,080102.00,2756.92301,S,02449.82439,E,4,18,0.7,94.078,M,28.000,M,1.0,0000*78
$GNGST,080102.00,0.012,0.015,0.011,32.1,0.011,0.013,0.021*74
$GNRMC,080102.00,A,2756.92301,S,02449.82439,E,3.50,180.0,120826,,,R*75
$GNGGA,080102.20,2756.92320,S,02449.82439,E,4,18,0.7,94.078,M,28.000,M,1.0,0000*79
$GNGST,080102.20,0.012,0.015,0.011,32.1,0.011,0.013,0.021*76
$GNRMC,080102.20,A,2756.92320,S,02449.82439,E,3.50,180.0,120826,,,R*74
$GNGGA,080102.40,2756.92340,S,02449.82439,E,4,18,0.7,94.077,M,28.000,M,1.0,0000*76
$GNGST,080102.40,0.012,0.015,0.011,32.1,0.011,0.013,0.021*70
$GNRMC,080102.40,A,2756.92340,S,02449.82439,E,3.50,180.0,120826,,,R*74
$GNGGA,080102.60,2756.92359,S,02449.82439,E,4,18,0.7,94.077,M,28.000,M,1.0,0000*7C
$GNGST,080102.60,0.012,0.015,0.011,32.1,0.011,0.013,0.021*72
$GNRMC,080102.60,A,2756.92359,S,02449.82439,E,3.50,180.0,120826,,,R*7E
$GNGGA,080102.80,2756.92379,S,02449.82439,E,4,18,0.7,94.077,M,28.000,M,1.0,0000*70
$GNGST,080102.80,0.012,0.015,0.011,32.1,0.011,0.013,0.021*7C
$GNRMC,080102.80,A,2756.92379,S,02449.82439,E,3.50,180.0,120826,,,R*72
$GNGGA,080103.00,2756.92398,S,02449.82439,E,4,18,0.7,94.076,M,28.000,M,1.0,0000*77
$GNGST,080103.00,0.012,0.015,0.011,32.1,0.011,0.013,0.021*75
$GNRMC,080103.00,A,2756.92398,S,02449.82439,E,3.50,180.0,120826,,,R*74
$GNGGA,080103.20,2756.92418,S,02449.82439,E,4,18,0.7,94.076,M,28.000,M,1.0,0000*7A
$GNGST,080103.20,0.012,0.015,0.011,32.1,0.011,0.013,0.021*77
$GNRMC,080103.20,A,2756.92418,S,02449.82439,E,3.50,180.0,120826,,,R*79
$GNGGA,080103.40,2756.92437,S,02449.82439,E,4,18,0.7,94.075,M,28.000,M,1.0,0000*72
$GNGST,080103.40,0.012,0.015,0.011,32.1,0.011,0.013,0.021*71
$GNRMC,080103.40,A,2756.92437,S,02449.82439,E,3.50,180.0,120826,,,R*72
$GNGGA,080103.60,2756.92457,S,02449.82439,E,4,18,0.7,94.075,M,28.000,M,1.0,0000*76
$GNGST,080103.60,0.012,0.015,0.011,32.1,0.011,0.013,0.021*73
$GNRMC,080103.60,A,2756.92457,S,02449.82439,E,3.50,180.0,120826,,,R*76
$GNGGA,080103.80,2756.92476,S,02449.82439,E,4,18,0.7,94.074,M,28.000,M,1.0,0000*7A
$GNGST,080103.80,0.012,0.015,0.011,32.1,0.011,0.013,0.021*7D
$GNRMC,080103.80,A,2756.92476,S,02449.82439,E,3.50,180.0,120826,,,R*7B
$GNGGA,080104.00,2756.92496,S,02449.82439,E,4,18,0.7,94.074,M,28.000,M,1.0,0000*7B
$GNGST,080104.00,0.012,0.015,0.011,32.1,0.011,0.013,0.021*72
$GNRMC,080104.00,A,2756.92496,S,02449.82439,E,3.50,180.0,120826,,,R*7A
$GNGGA,080104.20,2756.92515,S,02449.82439,E,4,18,0.7,94.073,M,28.000,M,1.0,0000*74
$GNGST,080104.20,0.012,0.015,0.011,32.1,0.011,0.013,0.021*70
$GNRMC,080104.20,A,2756.92515,S,02449.82439,E,3.50,180.0,120826,,,R*72
$GNGGA,080104.40,2756.92535,S,02449.82439,E,4,18,0.7,94.073,M,28.000,M,1.0,0000*70
$GNGST,080104.40,0.012,0.015,0.011,32.1,0.011,0.013,0.021*76
$GNRMC,080104.40,A,2756.92535,S,02449.82439,E,3.50,180.0,120826,,,R*76
$GNGGA,080104.60,2756.92554,S,02449.82439,E,4,18,0.7,94.072,M,28.000,M,1.0,0000*74
$GNGST,080104.60,0.012,0.015,0.011,32.1,0.011,0.013,0.021*74
$GNRMC,080104.60,A,2756.92554,S,02449.82439,E,3.50,180.0,120826,,,R*73
$GNGGA,080104.80,2756.92574,S,02449.82439,E,4,18,0.7,94.072,M,28.000,M,1.0,0000*78
$GNGST,080104.80,0.012,0.015,0.011,32.1,0.011,0.013,0.021*7A
$GNRMC,080104.80,A,2756.92574,S,02449.82439,E,3.50,180.0,120826,,,R*7F
$GNGGA,080105.00,2756.92593,S,02449.82439,E,4,18,0.7,94.071,M,28.000,M,1.0,0000*7B
$GNGST,080105.00,0.012,0.015,0.011,32.1,0.011,0.013,0.021*73
$GNRMC,080105.00,A,2756.92593,S,02449.82439,E,3.50,180.0,120826,,,R*7F
$GNGGA,080105.20,2756.92613,S,02449.82439,E,4,18,0.7,94.071,M,28.000,M,1.0,0000*72
$GNGST,080105.20,0.012,0.015,0.011,32.1,0.011,0.013,0.021*71
$GNRMC,080105.20,A,2756.92613,S,02449.82439,E,3.50,180.0,120826,,,R*76
$GNGGA,080105.40,2756.92632,S,02449.82439,E,4,18,0.7,94.070,M,28.000,M,1.0,0000*76
$GNGST,080105.40,0.012,0.015,0.011,32.1,0.011,0.013,0.021*77
$GNRMC,080105.40,A,2756.92632,S,02449.82439,E,3.50,180.0,120826,,,R*73
$GNGGA,080105.60,2756.92652,S,02449.82439,E,4,18,0.7,94.070,M,28.000,M,1.0,0000*72
$GNGST,080105.60,0.012,0.015,0.011,32.1,0.011,0.013,0.021*75
$GNRMC,080105.60,A,2756.92652,S,02449.82439,E,3.50,180.0,120826,,,R*77
$GNGGA,080105.80,2756.92671,S,02449.82439,E,4,18,0.7,94.069,M,28.000,M,1.0,0000*75
$GNGST,080105.80,0.012,0.015,0.011,32.1,0.011,0.013,0.021*7B
$GNRMC,080105.80,A,2756.92671,S,02449.82439,E,3.50,180.0,120826,,,R*78
$GNGGA,080106.00,2756.92691,S,02449.82439,E,4,18,0.7,94.069,M,28.000,M,1.0,0000*70
$GNGST,080106.00,0.012,0.015,0.011,32.1,0.011,0.013,0.021*70
$GNRMC,080106.00,A,2756.92691,S,02449.82439,E,3.50,180.0,120826,,,R*7D
$GNGGA,080106.20,2756.92710,S,02449.82439,E,4,18,0.7,94.068,M,28.000,M,1.0,0000*7B
$GNGST,080106.20,0.012,0.015,0.011,32.1,0.011,0.013,0.021*72
$GNRMC,080106.20,A,2756.92710,S,02449.82439,E,3.50,180.0,120826,,,R*77
$GNGGA,080106.40,2756.92730,S,02449.82439,E,4,18,0.7,94.068,M,28.000,M,1.0,0000*7F
$GNGST,080106.40,0.012,0.015,0.011,32.1,0.011,0.013,0.021*74
$GNRMC,080106.40,A,2756.92730,S,02449.82439,E,3.50,180.0,120826,,,R*73
$GNGGA,080106.60,2756.92749,S,02449.82439,E,4,18,0.7,94.067,M,28.000,M,1.0,0000*7C
$GNGST,080106.60,0.012,0.015,0.011,32.1,0.011,0.013,0.021*76
$GNRMC,080106.60,A,2756.92749,S,02449.82439,E,3.50,180.0,120826,,,R*7F
$GNGGA,080106.80,2756.92769,S,02449.82439,E,4,18,0.7,94.067,M,28.000,M,1.0,0000*70
$GNGST,080106.80,0.012,0.015,0.011,32.1,0.011,0.013,0.021*78
$GNRMC,080106.80,A,2756.92769,S,02449.82439,E,3.50,180.0,120826,,,R*73
$GNGGA,080107.00,2756.92788,S,02449.82439,E,4,18,0.7,94.066,M,28.000,M,1.0,0000*77
$GNGST,080107.00,0.012,0.015,0.011,32.1,0.011,0.013,0.021*71
$GNRMC,080107.00,A,2756.92788,S,02449.82439,E,3.50,180.0,120826,,,R*75
$GNGGA,080107.20,2756.92808,S,02449.82439,E,4,18,0.7,94.066,M,28.000,M,1.0,0000*72
$GNGST,080107.20,0.012,0.015,0.011,32.1,0.011,0.013,0.021*73
$GNRMC,080107.20,A,2756.92808,S,02449.82439,E,3.50,180.0,120826,,,R*70
$GNGGA,080107.40,2756.92827,S,02449.82439,E,4,18,0.7,94.065,M,28.000,M,1.0,0000*7A
$GNGST,080107.40,0.012,0.015,0.011,32.1,0.011,0.013,0.021*75
$GNRMC,080107.40,A,2756.92827,S,02449.82439,E,3.50,180.0,120826,,,R*7B
$GNGGA,080107.60,2756.92847,S,02449.82439,E,4,18,0.7,94.065,M,28.000,M,1.0,0000*7E
$GNGST,080107.60,0.012,0.015,0.011,32.1,0.011,0.013,0.021*77
$GNRMC,080107.60,A,2756.92847,S,02449.82439,E,3.50,180.0,120826,,,R*7F
$GNGGA,080107.80,2756.92866,S,02449.82439,E,4,18,0.7,94.064,M,28.000,M,1.0,0000*72
$GNGST,080107.80,0.012,0.015,0.011,32.1,0.011,0.013,0.021*79
$GNRMC,080107.80,A,2756.92866,S,02449.82439,E,3.50,180.0,120826,,,R*72
$GNGGA,080108.00,2756.92886,S,02449.82439,E,4,18,0.7,94.063,M,28.000,M,1.0,0000*7C
$GNGST,080108.00,0.012,0.015,0.011,32.1,0.011,0.013,0.021*7E
$GNRMC,080108.00,A,2756.92886,S,02449.82439,E,3.50,180.0,120826,,,R*7B
$GNGGA,080108.20,2756.92905,S,02449.82439,E,4,18,0.7,94.063,M,28.000,M,1.0,0000*74
$GNGST,080108.20,0.012,0.015,0.011,32.1,0.011,0.013,0.021*7C
$GNRMC,080108.20,A,2756.92905,S,02449.82439,E,3.50,180.0,120826,,,R*73
$GNGGA,080108.40,2756.92925,S,02449.82439,E,4,18,0.7,94.062,M,28.000,M,1.0,0000*71
$GNGST,080108.40,0.012,0.015,0.011,32.1,0.011,0.013,0.021*7A
$GNRMC,080108.40,A,2756.92925,S,02449.82439,E,3.50,180.0,120826,,,R*77
$GNGGA,080108.60,2756.92944,S,02449.82439,E,4,18,0.7,94.062,M,28.000,M,1.0,0000*74
$GNGST,080108.60,0.012,0.015,0.011,32.1,0.011,0.013,0.021*78
$GNRMC,080108.60,A,2756.92944,S,02449.82439,E,3.50,180.0,120826,,,R*72
$GNGGA,080108.80,2756.92964,S,02449.82439,E,4,18,0.7,94.061,M,28.000,M,1.0,0000*7B
$GNGST,080108.80,0.012,0.015,0.011,32.1,0.011,0.013,0.021*76
$GNRMC,080108.80,A,2756.92964,S,02449.82439,E,3.50,180.0,120826,,,R*7E
$GNGGA,080109.00,2756.92983,S,02449.82439,E,4,18,0.7,94.060,M,28.000,M,1.0,0000*7A
$GNGST,080109.00,0.012,0.015,0.011,32.1,0.011,0.013,0.021*7F
$GNRMC,080109.00,A,2756.92983,S,02449.82439,E,3.50,180.0,120826,,,R*7E
$GNGGA,080109.20,2756.93003,S,02449.82439,E,4,18,0.7,94.060,M,28.000,M,1.0,0000*78
$GNGST,080109.20,0.012,0.015,0.011,32.1,0.011,0.013,0.021*7D
$GNRMC,080109.20,A,2756.93003,S,02449.82439,E,3.50,180.0,120826,,,R*7C
$GNGGA,080109.40,2756.93022,S,02449.82439,E,4,18,0.7,94.059,M,28.000,M,1.0,0000*77
$GNGST,080109.40,0.012,0.015,0.011,32.1,0.011,0.013,0.021*7B
$GNRMC,080109.40,A,2756.93022,S,02449.82439,E,3.50,180.0,120826,,,R*79
$GNGGA,080109.60,2756.93042,S,02449.82439,E,4,18,0.7,94.059,M,28.000,M,1.0,0000*73
$GNGST,080109.60,0.012,0.015,0.011,32.1,0.011,0.013,0.021*79
$GNRMC,080109.60,A,2756.93042,S,02449.82439,E,3.50,180.0,120826,,,R*7D
$GNGGA,080109.80,2756.93061,S,02449.82439,E,4,18,0.7,94.058,M,28.000,M,1.0,0000*7D
$GNGST,080109.80,0.012,0.015,0.011,32.1,0.011,0.013,0.021*77
$GNRMC,080109.80,A,2756.93061,S,02449.82439,E,3.50,180.0,120826,,,R*72
$GNGGA,080110.00,2756.93081,S,02449.82439,E,4,18,0.7,94.057,M,28.000,M,1.0,0000*7C
$GNGST,080110.00,0.012,0.015,0.011,32.1,0.011,0.013,0.021*77
$GNRMC,080110.00,A,2756.93081,S,02449.82439,E,3.50,180.0,120826,,,R*7C
$GNGGA,080110.20,2756.93100,S,02449.82439,E,4,18,0.7,94.057,M,28.000,M,1.0,0000*76
$GNGST,080110.20,0.012,0.015,0.011,32.1,0.011,0.013,0.021*75
$GNRMC,080110.20,A,2756.93100,S,02449.82439,E,3.50,180.0,120826,,,R*76
$GNGGA,080110.40,2756.93120,S,02449.82439,E,4,18,0.7,94.056,M,28.000,M,1.0,0000*73
$GNGST,080110.40,0.012,0.015,0.011,32.1,0.011,0.013,0.021*73
$GNRMC,080110.40,A,2756.93120,S,02449.82439,E,3.50,180.0,120826,,,R*72
$GNGGA,080110.60,2756.93139,S,02449.82439,E,4,18,0.7,94.056,M,28.000,M,1.0,0000*79
$GNGST,080110.60,0.012,0.015,0.011,32.1,0.011,0.013,0.021*71
$GNRMC,080110.60,A,2756.93139,S,02449.82439,E,3.50,180.0,120826,,,R*78
$GNGGA,080110.80,2756.93159,S,02449.82439,E,4,18,0.7,94.055,M,28.000,M,1.0,0000*72
$GNGST,080110.80,0.012,0.015,0.011,32.1,0.011,0.013,0.021*7F
$GNRMC,080110.80,A,2756.93159,S,02449.82439,E,3.50,180.0,120826,,,R*70
$GNGGA,080111.00,2756.93178,S,02449.82439,E,4,18,0.7,94.054,M,28.000,M,1.0,0000*79
$GNGST,080111.00,0.012,0.015,0.011,32.1,0.011,0.013,0.021*76
$GNRMC,080111.00,A,2756.93178,S,02449.82439,E,3.50,180.0,120826,,,R*7A
$GNGGA,080111.20,2756.93198,S,02449.82439,E,4,18,0.7,94.054,M,28.000,M,1.0,0000*75
$GNGST,080111.20,0.012,0.015,0.011,32.1,0.011,0.013,0.021*74
$GNRMC,080111.20,A,2756.93198,S,02449.82439,E,3.50,180.0,120826,,,R*76
$GNGGA,080111.40,2756.93217,S,02449.82439,E,4,18,0.7,94.053,M,28.000,M,1.0,0000*70
$GNGST,080111.40,0.012,0.015,0.011,32.1,0.011,0.013,0.021*72
$GNRMC,080111.40,A,2756.93217,S,02449.82439,E,3.50,180.0,120826,,,R*74
$GNGGA,080111.60,2756.93237,S,02449.82439,E,4,18,0.7,94.052,M,28.000,M,1.0,0000*71
$GNGST,080111.60,0.012,0.015,0.011,32.1,0.011,0.013,0.021*70
$GNRMC,080111.60,A,2756.93237,S,02449.82439,E,3.50,180.0,120826,,,R*74
$GNGGA,080111.80,2756.93256,S,02449.82439,E,4,18,0.7,94.052,M,28.000,M,1.0,0000*78
$GNGST,080111.80,0.012,0.015,0.011,32.1,0.011,0.013,0.021*7E
$GNRMC,080111.80,A,2756.93256,S,02449.82439,E,3.50,180.0,120826,,,R*7D
$GNGGA,080112.00,2756.93275,S,02449.82439,E,4,18,0.7,94.051,M,28.000,M,1.0,0000*71
$GNGST,080112.00,0.012,0.015,0.011,32.1,0.011,0.013,0.021*75
$GNRMC,080112.00,A,2756.93275,S,02449.82439,E,3.50,180.0,120826,,,R*77
$GNGGA,080112.20,2756.93295,S,02449.82439,E,4,18,0.7,94.050,M,28.000,M,1.0,0000*7C
$GNGST,080112.20,0.012,0.015,0.011,32.1,0.011,0.013,0.021*77
$GNRMC,080112.20,A,2756.93295,S,02449.82439,E,3.50,180.0,120826,,,R*7B
$GNGGA,080112.40,2756.93314,S,02449.82439,E,4,18,0.7,94.050,M,28.000,M,1.0,0000*72
$GNGST,080112.40,0.012,0.015,0.011,32.1,0.011,0.013,0.021*71
$GNRMC,080112.40,A,2756.93314,S,02449.82439,E,3.50,180.0,120826,,,R*75
$GNGGA,080112.60,2756.93334,S,02449.82439,E,4,18,0.7,94.049,M,28.000,M,1.0,0000*7A
$GNGST,080112.60,0.012,0.015,0.011,32.1,0.011,0.013,0.021*73
$GNRMC,080112.60,A,2756.93334,S,02449.82439,E,3.50,180.0,120826,,,R*75
$GNGGA,080112.80,2756.93353,S,02449.82439,E,4,18,0.7,94.049,M,28.000,M,1.0,0000*75
$GNGST,080112.80,0.012,0.015,0.011,32.1,0.011,0.013,0.021*7D
$GNRMC,080112.80,A,2756.93353,S,02449.82439,E,3.50,180.0,120826,,,R*7A
$GNGGA,080113.00,2756.93373,S,02449.82439,E,4,18,0.7,94.048,M,28.000,M,1.0,0000*7F
$GNGST,080113.00,0.012,0.015,0.011,32.1,0.011,0.013,0.021*74
$GNRMC,080113.00,A,2756.93373,S,02449.82439,E,3.50,180.0,120826,,,R*71
$GNGGA,080113.20,2756.93392,S,02449.82439,E,4,18,0.7,94.047,M,28.000,M,1.0,0000*7D
$GNGST,080113.20,0.012,0.015,0.011,32.1,0.011,0.013,0.021*76
$GNRMC,080113.20,A,2756.93392,S,02449.82439,E,3.50,180.0,120826,,,R*7C
$GNGGA,080113.40,2756.93412,S,02449.82439,E,4,18,0.7,94.046,M,28.000,M,1.0,0000*75
$GNGST,080113.40,0.012,0.015,0.011,32.1,0.011,0.013,0.021*70
$GNRMC,080113.40,A,2756.93412,S,02449.82439,E,3.50,180.0,120826,,,R*75
$GNGGA,080113.60,2756.93431,S,02449.82439,E,4,18,0.7,94.046,M,28.000,M,1.0,0000*76
$GNGST,080113.60,0.012,0.015,0.011,32.1,0.011,0.013,0.021*72
$GNRMC,080113.60,A,2756.93431,S,02449.82439,E,3.50,180.0,120826,,,R*76
$GNGGA,080113.80,2756.93451,S,02449.82439,E,4,18,0.7,94.045,M,28.000,M,1.0,0000*7D
$GNGST,080113.80,0.012,0.015,0.011,32.1,0.011,0.013,0.021*7C
$GNRMC,080113.80,A,2756.93451,S,02449.82439,E,3.50,180.0,120826,,,R*7E
$GNGGA,080114.00,2756.93470,S,02449.82439,E,4,18,0.7,94.044,M,28.000,M,1.0,0000*70
$GNGST,080114.00,0.012,0.015,0.011,32.1,0.011,0.013,0.021*73
$GNRMC,080114.00,A,2756.93470,S,02449.82439,E,3.50,180.0,120826,,,R*72
$GNGGA,080114.20,2756.93490,S,02449.82439,E,4,18,0.7,94.044,M,28.000,M,1.0,0000*7C
$GNGST,080114.20,0.012,0.015,0.011,32.1,0.011,0.013,0.021*71
$GNRMC,080114.20,A,2756.93490,S,02449.82439,E,3.50,180.0,120826,,,R*7E
$GNGGA,080114.40,2756.93509,S,02449.82439,E,4,18,0.7,94.043,M,28.000,M,1.0,0000*7C
$GNGST,080114.40,0.012,0.015,0.011,32.1,0.011,0.013,0.021*77
$GNRMC,080114.40,A,2756.93509,S,02449.82439,E,3.50,180.0,120826,,,R*79
$GNGGA,080114.60,2756.93529,S,02449.82439,E,4,18,0.7,94.042,M,28.000,M,1.0,0000*7D
$GNGST,080114.60,0.012,0.015,0.011,32.1,0.011,0.013,0.021*75
$GNRMC,080114.60,A,2756.93529,S,02449.82439,E,3.50,180.0,120826,,,R*79
$GNGGA,080114.80,2756.93548,S,02449.82439,E,4,18,0.7,94.042,M,28.000,M,1.0,0000*74
$GNGST,080114.80,0.012,0.015,0.011,32.1,0.011,0.013,0.021*7B
$GNRMC,080114.80,A,2756.93548,S,02449.82439,E,3.50,180.0,120826,,,R*70
$GNGGA,080115.00,2756.93568,S,02449.82439,E,4,18,0.7,94.041,M,28.000,M,1.0,0000*7C
$GNGST,080115.00,0.012,0.015,0.011,32.1,0.011,0.013,0.021*72
$GNRMC,080115.00,A,2756.93568,S,02449.82439,E,3.50,180.0,120826,,,R*7B
$GNGGA,080115.20,2756.93587,S,02449.82439,E,4,18,0.7,94.040,M,28.000,M,1.0,0000*7E
$GNGST,080115.20,0.012,0.015,0.011,32.1,0.011,0.013,0.021*70
$GNRMC,080115.20,A,2756.93587,S,02449.82439,E,3.50,180.0,120826,,,R*78
$GNGGA,080115.40,2756.93607,S,02449.82439,E,4,18,0.7,94.040,M,28.000,M,1.0,0000*73
$GNGST,080115.40,0.012,0.015,0.011,32.1,0.011,0.013,0.021*76
$GNRMC,080115.40,A,2756.93607,S,02449.82439,E,3.50,180.0,120826,,,R*75
$GNGGA,080115.60,2756.93626,S,02449.82439,E,4,18,0.7,94.039,M,28.000,M,1.0,0000*7C
$GNGST,080115.60,0.012,0.015,0.011,32.1,0.011,0.013,0.021*74
$GNRMC,080115.60,A,2756.93626,S,02449.82439,E,3.50,180.0,120826,,,R*74
$GNGGA,080115.80,2756.93646,S,02449.82439,E,4,18,0.7,94.038,M,28.000,M,1.0,0000*75
$GNGST,080115.80,0.012,0.015,0.011,32.1,0.011,0.013,0.021*7A
$GNRMC,080115.80,A,2756.93646,S,02449.82439,E,3.50,180.0,120826,,,R*7C
$GNGGA,080116.00,2756.93665,S,02449.82439,E,4,18,0.7,94.037,M,28.000,M,1.0,0000*70
$GNGST,080116.00,0.012,0.015,0.011,32.1,0.011,0.013,0.021*71
$GNRMC,080116.00,A,2756.93665,S,02449.82439,E,3.50,180.0,120826,,,R*76
$GNGGA,080116.20,2756.93685,S,02449.82439,E,4,18,0.7,94.037,M,28.000,M,1.0,0000*7C
$GNGST,080116.20,0.012,0.015,0.011,32.1,0.011,0.013,0.021*73
$GNRMC,080116.20,A,2756.93685,S,02449.82439,E,3.50,180.0,120826,,,R*7A
$GNGGA,080116.40,2756.93704,S,02449.82439,E,4,18,0.7,94.036,M,28.000,M,1.0,0000*73
$GNGST,080116.40,0.012,0.015,0.011,32.1,0.011,0.013,0.021*75
$GNRMC,080116.40,A,2756.93704,S,02449.82439,E,3.50,180.0,120826,,,R*74
$GNGGA,080116.60,2756.93724,S,02449.82439,E,4,18,0.7,94.035,M,28.000,M,1.0,0000*70
$GNGST,080116.60,0.012,0.015,0.011,32.1,0.011,0.013,0.021*77
$GNRMC,080116.60,A,2756.93724,S,02449.82439,E,3.50,180.0,120826,,,R*74
$GNGGA,080116.80,2756.93743,S,02449.82439,E,4,18,0.7,94.035,M,28.000,M,1.0,0000*7F
$GNGST,080116.80,0.012,0.015,0.011,32.1,0.011,0.013,0.021*79
$GNRMC,080116.80,A,2756.93743,S,02449.82439,E,3.50,180.0,120826,,,R*7B
$GNGGA,080117.00,2756.93763,S,02449.82439,E,4,18,0.7,94.034,M,28.000,M,1.0,0000*75
$GNGST,080117.00,0.012,0.015,0.011,32.1,0.011,0.013,0.021*70
$GNRMC,080117.00,A,2756.93763,S,02449.82439,E,3.50,180.0,120826,,,R*70
$GNGGA,080117.20,2756.93782,S,02449.82439,E,4,18,0.7,94.033,M,28.000,M,1.0,0000*7F
$GNGST,080117.20,0.012,0.015,0.011,32.1,0.011,0.013,0.021*72
$GNRMC,080117.20,A,2756.93782,S,02449.82439,E,3.50,180.0,120826,,,R*7D
$GNGGA,080117.40,2756.93802,S,02449.82439,E,4,18,0.7,94.032,M,28.000,M,1.0,0000*7F
$GNGST,080117.40,0.012,0.015,0.011,32.1,0.011,0.013,0.021*74
$GNRMC,080117.40,A,2756.93802,S,02449.82439,E,3.50,180.0,120826,,,R*7C
$GNGGA,080117.60,2756.93821,S,02449.82439,E,4,18,0.7,94.032,M,28.000,M,1.0,0000*7C
$GNGST,080117.60,0.012,0.015,0.011,32.1,0.011,0.013,0.021*76
$GNRMC,080117.60,A,2756.93821,S,02449.82439,E,3.50,180.0,120826,,,R*7F
$GNGGA,080117.80,2756.93841,S,02449.82439,E,4,18,0.7,94.031,M,28.000,M,1.0,0000*77
$GNGST,080117.80,0.012,0.015,0.011,32.1,0.011,0.013,0.021*78
$GNRMC,080117.80,A,2756.93841,S,02449.82439,E,3.50,180.0,120826,,,R*77
$GNGGA,080118.00,2756.93860,S,02449.82439,E,4,18,0.7,94.030,M,28.000,M,1.0,0000*72
$GNGST,080118.00,0.012,0.015,0.011,32.1,0.011,0.013,0.021*7F
$GNRMC,080118.00,A,2756.93860,S,02449.82439,E,3.50,180.0,120826,,,R*73
$GNGGA,080118.20,2756.93880,S,02449.82439,E,4,18,0.7,94.030,M,28.000,M,1.0,0000*7E
$GNGST,080118.20,0.012,0.015,0.011,32.1,0.011,0.013,0.021*7D
$GNRMC,080118.20,A,2756.93880,S,02449.82439,E,3.50,180.0,120826,,,R*7F
$GNGGA,080118.40,2756.93899,S,02449.82439,E,4,18,0.7,94.029,M,28.000,M,1.0,0000*78
$GNGST,080118.40,0.012,0.015,0.011,32.1,0.011,0.013,0.021*7B
$GNRMC,080118.40,A,2756.93899,S,02449.82439,E,3.50,180.0,120826,,,R*71
$GNGGA,080118.60,2756.93919,S,02449.82439,E,4,18,0.7,94.028,M,28.000,M,1.0,0000*72
$GNGST,080118.60,0.012,0.015,0.011,32.1,0.011,0.013,0.021*79
$GNRMC,080118.60,A,2756.93919,S,02449.82439,E,3.50,180.0,120826,,,R*7A
$GNGGA,080118.80,2756.93938,S,02449.82439,E,4,18,0.7,94.027,M,28.000,M,1.0,0000*70
$GNGST,080118.80,0.012,0.015,0.011,32.1,0.011,0.013,0.021*77
$GNRMC,080118.80,A,2756.93938,S,02449.82439,E,3.50,180.0,120826,,,R*77
$GNGGA,080119.00,2756.93958,S,02449.82439,E,4,18,0.7,94.027,M,28.000,M,1.0,0000*7F
$GNGST,080119.00,0.012,0.015,0.011,32.1,0.011,0.013,0.021*7E
$GNRMC,080119.00,A,2756.93958,S,02449.82439,E,3.50,180.0,120826,,,R*78
$GNGGA,080119.20,2756.93977,S,02449.82439,E,4,18,0.7,94.026,M,28.000,M,1.0,0000*71
$GNGST,080119.20,0.012,0.015,0.011,32.1,0.011,0.013,0.021*7C
$GNRMC,080119.20,A,2756.93977,S,02449.82439,E,3.50,180.0,120826,,,R*77
$GNGGA,080119.40,2756.93997,S,02449.82439,E,4,18,0.7,94.025,M,28.000,M,1.0,0000*7A
$GNGST,080119.40,0.012,0.015,0.011,32.1,0.011,0.013,0.021*7A
$GNRMC,080119.40,A,2756.93997,S,02449.82439,E,3.50,180.0,120826,,,R*7F
$GNGGA,080119.60,2756.94016,S,02449.82439,E,4,18,0.7,94.024,M,28.000,M,1.0,0000*7E
$GNGST,080119.60,0.012,0.015,0.011,32.1,0.011,0.013,0.021*78
$GNRMC,080119.60,A,2756.94016,S,02449.82439,E,3.50,180.0,120826,,,R*7A
$GNGGA,080119.80,2756.94036,S,02449.82439,E,4,18,0.7,94.024,M,28.000,M,1.0,0000*72
$GNGST,080119.80,0.012,0.015,0.011,32.1,0.011,0.013,0.021*76
$GNRMC,080119.80,A,2756.94036,S,02449.82439,E,3.50,180.0,120826,,,R*76
$GNGGA,080120.00,2756.94055,S,02449.82439,E,4,18,0.7,94.023,M,28.000,M,1.0,0000*72
$GNGST,080120.00,0.012,0.015,0.011,32.1,0.011,0.013,0.021*74
$GNRMC,080120.00,A,2756.94055,S,02449.82439,E,3.50,180.0,120826,,,R*71
$GNGGA,080120.20,2756.94075,S,02449.82439,E,4,18,0.7,94.022,M,28.000,M,1.0,0000*73
$GNGST,080120.20,0.012,0.015,0.011,32.1,0.011,0.013,0.021*76
$GNRMC,080120.20,A,2756.94075,S,02449.82439,E,3.50,180.0,120826,,,R*71
$GNGGA,080120.40,2756.94094,S,02449.82439,E,4,18,0.7,94.022,M,28.000,M,1.0,0000*7A
$GNGST,080120.40,0.012,0.015,0.011,32.1,0.011,0.013,0.021*70
$GNRMC,080120.40,A,2756.94094,S,02449.82439,E,3.50,180.0,120826,,,R*78
$GNGGA,080120.60,2756.94114,S,02449.82439,E,4,18,0.7,94.021,M,28.000,M,1.0,0000*72
$GNGST,080120.60,0.012,0.015,0.011,32.1,0.011,0.013,0.021*72
$GNRMC,080120.60,A,2756.94114,S,02449.82439,E,3.50,180.0,120826,,,R*73
$GNGGA,080120.80,2756.94133,S,02449.82439,E,4,18,0.7,94.020,M,28.000,M,1.0,0000*78
$GNGST,080120.80,0.012,0.015,0.011,32.1,0.011,0.013,0.021*7C
$GNRMC,080120.80,A,2756.94133,S,02449.82439,E,3.50,180.0,120826,,,R*78
$GNGGA,080121.00,2756.94153,S,02449.82439,E,4,18,0.7,94.019,M,28.000,M,1.0,0000*7D
$GNGST,080121.00,0.012,0.015,0.011,32.1,0.011,0.013,0.021*75
$GNRMC,080121.00,A,2756.94153,S,02449.82439,E,3.50,180.0,120826,,,R*77
$GNGGA,080121.20,2756.94172,S,02449.82439,E,4,18,0.7,94.019,M,28.000,M,1.0,0000*7C
$GNGST,080121.20,0.012,0.015,0.011,32.1,0.011,0.013,0.021*77
$GNRMC,080121.20,A,2756.94172,S,02449.82439,E,3.50,180.0,120826,,,R*76
$GNGGA,080121.40,2756.94192,S,02449.82439,E,4,18,0.7,94.018,M,28.000,M,1.0,0000*75
$GNGST,080121.40,0.012,0.015,0.011,32.1,0.011,0.013,0.021*71
$GNRMC,080121.40,A,2756.94192,S,02449.82439,E,3.50,180.0,120826,,,R*7E
$GNGGA,080121.60,2756.94211,S,02449.82439,E,4,18,0.7,94.017,M,28.000,M,1.0,0000*70
$GNGST,080121.60,0.012,0.015,0.011,32.1,0.011,0.013,0.021*73
$GNRMC,080121.60,A,2756.94211,S,02449.82439,E,3.50,180.0,120826,,,R*74
$GNGGA,080121.80,2756.94231,S,02449.82439,E,4,18,0.7,94.016,M,28.000,M,1.0,0000*7D
$GNGST,080121.80,0.012,0.015,0.011,32.1,0.011,0.013,0.021*7D
$GNRMC,080121.80,A,2756.94231,S,02449.82439,E,3.50,180.0,120826,,,R*78
$GNGGA,080122.00,2756.94250,S,02449.82439,E,4,18,0.7,94.016,M,28.000,M,1.0,0000*71
$GNGST,080122.00,0.012,0.015,0.011,32.1,0.011,0.013,0.021*76
$GNRMC,080122.00,A,2756.94250,S,02449.82439,E,3.50,180.0,120826,,,R*74
$GNGGA,080122.20,2756.94270,S,02449.82439,E,4,18,0.7,94.015,M,28.000,M,1.0,0000*72
$GNGST,080122.20,0.012,0.015,0.011,32.1,0.011,0.013,0.021*74
$GNRMC,080122.20,A,2756.94270,S,02449.82439,E,3.50,180.0,120826,,,R*74
$GNGGA,080122.40,2756.94289,S,02449.82439,E,4,18,0.7,94.014,M,28.000,M,1.0,0000*73
$GNGST,080122.40,0.012,0.015,0.011,32.1,0.011,0.013,0.021*72
$GNRMC,080122.40,A,2756.94289,S,02449.82439,E,3.50,180.0,120826,,,R*74
$GNGGA,080122.60,2756.94309,S,02449.82439,E,4,18,0.7,94.014,M,28.000,M,1.0,0000*78
$GNGST,080122.60,0.012,0.015,0.011,32.1,0.011,0.013,0.021*70
$GNRMC,080122.60,A,2756.94309,S,02449.82439,E,3.50,180.0,120826,,,R*7F
$GNGGA,080122.80,2756.94328,S,02449.82439,E,4,18,0.7,94.013,M,28.000,M,1.0,0000*72
$GNGST,080122.80,0.012,0.015,0.011,32.1,0.011,0.013,0.021*7E
$GNRMC,080122.80,A,2756.94328,S,02449.82439,E,3.50,180.0,120826,,,R*72
$GNGGA,080123.00,2756.94348,S,02449.82439,E,4,18,0.7,94.012,M,28.000,M,1.0,0000*7C
$GNGST,080123.00,0.012,0.015,0.011,32.1,0.011,0.013,0.021*77
$GNRMC,080123.00,A,2756.94348,S,02449.82439,E,3.50,180.0,120826,,,R*7D
$GNGGA,080123.20,2756.94367,S,02449.82439,E,4,18,0.7,94.011,M,28.000,M,1.0,0000*70
$GNGST,080123.20,0.012,0.015,0.011,32.1,0.011,0.013,0.021*75
$GNRMC,080123.20,A,2756.94367,S,02449.82439,E,3.50,180.0,120826,,,R*72
$GNGGA,080123.40,2756.94387,S,02449.82439,E,4,18,0.7,94.011,M,28.000,M,1.0,0000*78
$GNGST,080123.40,0.012,0.015,0.011,32.1,0.011,0.013,0.021*73
$GNRMC,080123.40,A,2756.94387,S,02449.82439,E,3.50,180.0,120826,,,R*7A
$GNGGA,080123.60,2756.94406,S,02449.82439,E,4,18,0.7,94.010,M,28.000,M,1.0,0000*75
$GNGST,080123.60,0.012,0.015,0.011,32.1,0.011,0.013,0.021*71
$GNRMC,080123.60,A,2756.94406,S,02449.82439,E,3.50,180.0,120826,,,R*76
$GNGGA,080123.80,2756.94425,S,02449.82439,E,4,18,0.7,94.009,M,28.000,M,1.0,0000*72
$GNGST,080123.80,0.012,0.015,0.011,32.1,0.011,0.013,0.021*7F
$GNRMC,080123.80,A,2756.94425,S,02449.82439,E,3.50,180.0,120826,,,R*79
$GNGGA,080124.00,2756.94445,S,02449.82439,E,4,18,0.7,94.008,M,28.000,M,1.0,0000*7A
$GNGST,080124.00,0.012,0.015,0.011,32.1,0.011,0.013,0.021*70
$GNRMC,080124.00,A,2756.94445,S,02449.82439,E,3.50,180.0,120826,,,R*70
$GNGGA,080124.20,2756.94464,S,02449.82439,E,4,18,0.7,94.008,M,28.000,M,1.0,0000*7B
$GNGST,080124.20,0.012,0.015,0.011,32.1,0.011,0.013,0.021*72
$GNRMC,080124.20,A,2756.94464,S,02449.82439,E,3.50,180.0,120826,,,R*71
$GNGGA,080124.40,2756.94484,S,02449.82439,E,4,18,0.7,94.007,M,28.000,M,1.0,0000*7C
$GNGST,080124.40,0.012,0.015,0.011,32.1,0.011,0.013,0.021*74
$GNRMC,080124.40,A,2756.94484,S,02449.82439,E,3.50,180.0,120826,,,R*79
$GNGGA,080124.60,2756.94503,S,02449.82439,E,4,18,0.7,94.006,M,28.000,M,1.0,0000*71
$GNGST,080124.60,0.012,0.015,0.011,32.1,0.011,0.013,0.021*76
$GNRMC,080124.60,A,2756.94503,S,02449.82439,E,3.50,180.0,120826,,,R*75
$GNGGA,080124.80,2756.94523,S,02449.82439,E,4,18,0.7,94.006,M,28.000,M,1.0,0000*7D
$GNGST,080124.80,0.012,0.015,0.011,32.1,0.011,0.013,0.021*78
$GNRMC,080124.80,A,2756.94523,S,02449.82439,E,3.50,180.0,120826,,,R*79
$GNGGA,080125.00,2756.94542,S,02449.82439,E,4,18,0.7,94.005,M,28.000,M,1.0,0000*70
$GNGST,080125.00,0.012,0.015,0.011,32.1,0.011,0.013,0.021*71
$GNRMC,080125.00,A,2756.94542,S,02449.82439,E,3.50,180.0,120826,,,R*77
$GNGGA,080125.20,2756.94562,S,02449.82439,E,4,18,0.7,94.004,M,28.000,M,1.0,0000*71
$GNGST,080125.20,0.012,0.015,0.011,32.1,0.011,0.013,0.021*73
$GNRMC,080125.20,A,2756.94562,S,02449.82439,E,3.50,180.0,120826,,,R*77
$GNGGA,080125.40,2756.94581,S,02449.82439,E,4,18,0.7,94.003,M,28.000,M,1.0,0000*7D
$GNGST,080125.40,0.012,0.015,0.011,32.1,0.011,0.013,0.021*75
$GNRMC,080125.40,A,2756.94581,S,02449.82439,E,3.50,180.0,120826,,,R*7C
$GNGGA,080125.60,2756.94601,S,02449.82439,E,4,18,0.7,94.003,M,28.000,M,1.0,0000*74
$GNGST,080125.60,0.012,0.015,0.011,32.1,0.011,0.013,0.021*77
$GNRMC,080125.60,A,2756.94601,S,02449.82439,E,3.50,180.0,120826,,,R*75
$GNGGA,080125.80,2756.94620,S,02449.82439,E,4,18,0.7,94.002,M,28.000,M,1.0,0000*78
$GNGST,080125.80,0.012,0.015,0.011,32.1,0.011,0.013,0.021*79
$GNRMC,080125.80,A,2756.94620,S,02449.82439,E,3.50,180.0,120826,,,R*78
$GNGGA,080126.00,2756.94640,S,02449.82439,E,4,18,0.7,94.001,M,28.000,M,1.0,0000*76
$GNGST,080126.00,0.012,0.015,0.011,32.1,0.011,0.013,0.021*72
$GNRMC,080126.00,A,2756.94640,S,02449.82439,E,3.50,180.0,120826,,,R*75
$GNGGA,080126.20,2756.94659,S,02449.82439,E,4,18,0.7,94.001,M,28.000,M,1.0,0000*7C
$GNGST,080126.20,0.012,0.015,0.011,32.1,0.011,0.013,0.021*70
$GNRMC,080126.20,A,2756.94659,S,02449.82439,E,3.50,180.0,120826,,,R*7F
$GNGGA,080126.40,2756.94679,S,02449.82439,E,4,18,0.7,94.000,M,28.000,M,1.0,0000*79
$GNGST,080126.40,0.012,0.015,0.011,32.1,0.011,0.013,0.021*76
$GNRMC,080126.40,A,2756.94679,S,02449.82439,E,3.50,180.0,120826,,,R*7B
$GNGGA,080126.60,2756.94698,S,02449.82439,E,4,18,0.7,93.999,M,28.000,M,1.0,0000*7A
$GNGST,080126.60,0.012,0.015,0.011,32.1,0.011,0.013,0.021*74
$GNRMC,080126.60,A,2756.94698,S,02449.82439,E,3.50,180.0,120826,,,R*76
$GNGGA,080126.80,2756.94718,S,02449.82439,E,4,18,0.7,93.999,M,28.000,M,1.0,0000*7D
$GNGST,080126.80,0.012,0.015,0.011,32.1,0.011,0.013,0.021*7A
$GNRMC,080126.80,A,2756.94718,S,02449.82439,E,3.50,180.0,120826,,,R*71
$GNGGA,080127.00,2756.94737,S,02449.82439,E,4,18,0.7,93.998,M,28.000,M,1.0,0000*78
$GNGST,080127.00,0.012,0.015,0.011,32.1,0.011,0.013,0.021*73
$GNRMC,080127.00,A,2756.94737,S,02449.82439,E,3.50,180.0,120826,,,R*75
$GNGGA,080127.20,2756.94757,S,02449.82439,E,4,18,0.7,93.997,M,28.000,M,1.0,0000*73
$GNGST,080127.20,0.012,0.015,0.011,32.1,0.011,0.013,0.021*71
$GNRMC,080127.20,A,2756.94757,S,02449.82439,E,3.50,180.0,120826,,,R*71
$GNGGA,080127.40,2756.94776,S,02449.82439,E,4,18,0.7,93.997,M,28.000,M,1.0,0000*76
$GNGST,080127.40,0.012,0.015,0.011,32.1,0.011,0.013,0.021*77
$GNRMC,080127.40,A,2756.94776,S,02449.82439,E,3.50,180.0,120826,,,R*74
$GNGGA,080127.60,2756.94796,S,02449.82439,E,4,18,0.7,93.996,M,28.000,M,1.0,0000*7B
$GNGST,080127.60,0.012,0.015,0.011,32.1,0.011,0.013,0.021*75
$GNRMC,080127.60,A,2756.94796,S,02449.82439,E,3.50,180.0,120826,,,R*78
$GNGGA,080127.80,2756.94815,S,02449.82439,E,4,18,0.7,93.995,M,28.000,M,1.0,0000*72
$GNGST,080127.80,0.012,0.015,0.011,32.1,0.011,0.013,0.021*7B
$GNRMC,080127.80,A,2756.94815,S,02449.82439,E,3.50,180.0,120826,,,R*72
$GNGGA,080128.00,2756.94835,S,02449.82439,E,4,18,0.7,93.995,M,28.000,M,1.0,0000*77
$GNGST,080128.00,0.012,0.015,0.011,32.1,0.011,0.013,0.021*7C
$GNRMC,080128.00,A,2756.94835,S,02449.82439,E,3.50,180.0,120826,,,R*77
$GNGGA,080128.20,2756.94854,S,02449.82439,E,4,18,0.7,93.994,M,28.000,M,1.0,0000*73
$GNGST,080128.20,0.012,0.015,0.011,32.1,0.011,0.013,0.021*7E
$GNRMC,080128.20,A,2756.94854,S,02449.82439,E,3.50,180.0,120826,,,R*72
$GNGGA,080128.40,2756.94874,S,02449.82439,E,4,18,0.7,93.993,M,28.000,M,1.0,0000*70
$GNGST,080128.40,0.012,0.015,0.011,32.1,0.011,0.013,0.021*78
$GNRMC,080128.40,A,2756.94874,S,02449.82439,E,3.50,180.0,120826,,,R*76
$GNGGA,080128.60,2756.94893,S,02449.82439,E,4,18,0.7,93.993,M,28.000,M,1.0,0000*7B
$GNGST,080128.60,0.012,0.015,0.011,32.1,0.011,0.013,0.021*7A
$GNRMC,080128.60,A,2756.94893,S,02449.82439,E,3.50,180.0,120826,,,R*7D
$GNGGA,080128.80,2756.94913,S,02449.82439,E,4,18,0.7,93.992,M,28.000,M,1.0,0000*7D
$GNGST,080128.80,0.012,0.015,0.011,32.1,0.011,0.013,0.021*74
$GNRMC,080128.80,A,2756.94913,S,02449.82439,E,3.50,180.0,120826,,,R*7A
$GNGGA,080129.00,2756.94932,S,02449.82439,E,4,18,0.7,93.991,M,28.000,M,1.0,0000*74
$GNGST,080129.00,0.012,0.015,0.011,32.1,0.011,0.013,0.021*7D
$GNRMC,080129.00,A,2756.94932,S,02449.82439,E,3.50,180.0,120826,,,R*70
$GNGGA,080129.20,2756.94952,S,02449.82439,E,4,18,0.7,93.991,M,28.000,M,1.0,0000*70
$GNGST,080129.20,0.012,0.015,0.011,32.1,0.011,0.013,0.021*7F
$GNRMC,080129.20,A,2756.94952,S,02449.82439,E,3.50,180.0,120826,,,R*74
$GNGGA,080129.40,2756.94971,S,02449.82439,E,4,18,0.7,93.990,M,28.000,M,1.0,0000*76
$GNGST,080129.40,0.012,0.015,0.011,32.1,0.011,0.013,0.021*79
$GNRMC,080129.40,A,2756.94971,S,02449.82439,E,3.50,180.0,120826,,,R*73
$GNGGA,080129.60,2756.94991,S,02449.82439,E,4,18,0.7,93.989,M,28.000,M,1.0,0000*72
$GNGST,080129.60,0.012,0.015,0.011,32.1,0.011,0.013,0.021*7B
$GNRMC,080129.60,A,2756.94991,S,02449.82439,E,3.50,180.0,120826,,,R*7F
$GNGGA,080129.80,2756.95010,S,02449.82439,E,4,18,0.7,93.989,M,28.000,M,1.0,0000*7D
$GNGST,080129.80,0.012,0.015,0.011,32.1,0.011,0.013,0.021*75
$GNRMC,080129.80,A,2756.95010,S,02449.82439,E,3.50,180.0,120826,,,R*70
$GNGGA,080130.00,2756.95030,S,02449.82439,E,4,18,0.7,93.988,M,28.000,M,1.0,0000*7E
$GNGST,080130.00,0.012,0.015,0.011,32.1,0.011,0.013,0.021*75
$GNRMC,080130.00,A,2756.95030,S,02449.82439,E,3.50,180.0,120826,,,R*72
$GNGGA,080130.20,2756.95049,S,02449.82439,E,4,18,0.7,93.988,M,28.000,M,1.0,0000*72
$GNGST,080130.20,0.012,0.015,0.011,32.1,0.011,0.013,0.021*77
$GNRMC,080130.20,A,2756.95049,S,02449.82439,E,3.50,180.0,120826,,,R*7E
$GNGGA,080130.40,2756.95069,S,02449.82439,E,4,18,0.7,93.987,M,28.000,M,1.0,0000*79
$GNGST,080130.40,0.012,0.015,0.011,32.1,0.011,0.013,0.021*71
$GNRMC,080130.40,A,2756.95069,S,02449.82439,E,3.50,180.0,120826,,,R*7A
$GNGGA,080130.60,2756.95088,S,02449.82439,E,4,18,0.7,93.986,M,28.000,M,1.0,0000*75
$GNGST,080130.60,0.012,0.015,0.011,32.1,0.011,0.013,0.021*73
$GNRMC,080130.60,A,2756.95088,S,02449.82439,E,3.50,180.0,120826,,,R*77
$GNGGA,080130.80,2756.95108,S,02449.82439,E,4,18,0.7,93.986,M,28.000,M,1.0,0000*72
$GNGST,080130.80,0.012,0.015,0.011,32.1,0.011,0.013,0.021*7D
$GNRMC,080130.80,A,2756.95108,S,02449.82439,E,3.50,180.0,120826,,,R*70
$GNGGA,080131.00,2756.95127,S,02449.82439,E,4,18,0.7,93.985,M,28.000,M,1.0,0000*75
$GNGST,080131.00,0.012,0.015,0.011,32.1,0.011,0.013,0.021*74
$GNRMC,080131.00,A,2756.95127,S,02449.82439,E,3.50,180.0,120826,,,R*74
$GNGGA,080131.20,2756.95147,S,02449.82439,E,4,18,0.7,93.985,M,28.000,M,1.0,0000*71
$GNGST,080131.20,0.012,0.015,0.011,32.1,0.011,0.013,0.021*76
$GNRMC,080131.20,A,2756.95147,S,02449.82439,E,3.50,180.0,120826,,,R*70
$GNGGA,080131.40,2756.95166,S,02449.82439,E,4,18,0.7,93.984,M,28.000,M,1.0,0000*75
$GNGST,080131.40,0.012,0.015,0.011,32.1,0.011,0.013,0.021*70
$GNRMC,080131.40,A,2756.95166,S,02449.82439,E,3.50,180.0,120826,,,R*75
$GNGGA,080131.60,2756.95186,S,02449.82439,E,4,18,0.7,93.983,M,28.000,M,1.0,0000*7E
$GNGST,080131.60,0.012,0.015,0.011,32.1,0.011,0.013,0.021*72
$GNRMC,080131.60,A,2756.95186,S,02449.82439,E,3.50,180.0,120826,,,R*79
$GNGGA,080131.80,2756.95205,S,02449.82439,E,4,18,0.7,93.983,M,28.000,M,1.0,0000*78
$GNGST,080131.80,0.012,0.015,0.011,32.1,0.011,0.013,0.021*7C
$GNRMC,080131.80,A,2756.95205,S,02449.82439,E,3.50,180.0,120826,,,R*7F
$GNGGA,080132.00,2756.95225,S,02449.82439,E,4,18,0.7,93.982,M,28.000,M,1.0,0000*70
$GNGST,080132.00,0.012,0.015,0.011,32.1,0.011,0.013,0.021*77
$GNRMC,080132.00,A,2756.95225,S,02449.82439,E,3.50,180.0,120826,,,R*76
$GNGGA,080132.20,2756.95244,S,02449.82439,E,4,18,0.7,93.982,M,28.000,M,1.0,0000*75
$GNGST,080132.20,0.012,0.015,0.011,32.1,0.011,0.013,0.021*75
$GNRMC,080132.20,A,2756.95244,S,02449.82439,E,3.50,180.0,120826,,,R*73
$GNGGA,080132.40,2756.95264,S,02449.82439,E,4,18,0.7,93.981,M,28.000,M,1.0,0000*72
$GNGST,080132.40,0.012,0.015,0.011,32.1,0.011,0.013,0.021*73
$GNRMC,080132.40,A,2756.95264,S,02449.82439,E,3.50,180.0,120826,,,R*77
$GNGGA,080132.60,2756.95283,S,02449.82439,E,4,18,0.7,93.980,M,28.000,M,1.0,0000*78
$GNGST,080132.60,0.012,0.015,0.011,32.1,0.011,0.013,0.021*71
$GNRMC,080132.60,A,2756.95283,S,02449.82439,E,3.50,180.0,120826,,,R*7C
$GNGGA,080132.80,2756.95303,S,02449.82439,E,4,18,0.7,93.980,M,28.000,M,1.0,0000*7F
$GNGST,080132.80,0.012,0.015,0.011,32.1,0.011,0.013,0.021*7F
$GNRMC,080132.80,A,2756.95303,S,02449.82439,E,3.50,180.0,120826,,,R*7B
$GNGGA,080133.00,2756.95322,S,02449.82439,E,4,18,0.7,93.979,M,28.000,M,1.0,0000*73
$GNGST,080133.00,0.012,0.015,0.011,32.1,0.011,0.013,0.021*76
$GNRMC,080133.00,A,2756.95322,S,02449.82439,E,3.50,180.0,120826,,,R*71
$GNGGA,080133.20,2756.95342,S,02449.82439,E,4,18,0.7,93.979,M,28.000,M,1.0,0000*77
$GNGST,080133.20,0.012,0.015,0.011,32.1,0.011,0.013,0.021*74
$GNRMC,080133.20,A,2756.95342,S,02449.82439,E,3.50,180.0,120826,,,R*75
$GNGGA,080133.40,2756.95361,S,02449.82439,E,4,18,0.7,93.978,M,28.000,M,1.0,0000*71
$GNGST,080133.40,0.012,0.015,0.011,32.1,0.011,0.013,0.021*72
$GNRMC,080133.40,A,2756.95361,S,02449.82439,E,3.50,180.0,120826,,,R*72
$GNGGA,080133.60,2756.95381,S,02449.82439,E,4,18,0.7,93.978,M,28.000,M,1.0,0000*7D
$GNGST,080133.60,0.012,0.015,0.011,32.1,0.011,0.013,0.021*70
$GNRMC,080133.60,A,2756.95381,S,02449.82439,E,3.50,180.0,120826,,,R*7E
$GNGGA,080133.80,2756.95400,S,02449.82439,E,4,18,0.7,93.977,M,28.000,M,1.0,0000*72
$GNGST,080133.80,0.012,0.015,0.011,32.1,0.011,0.013,0.021*7E
$GNRMC,080133.80,A,2756.95400,S,02449.82439,E,3.50,180.0,120826,,,R*7E
$GNGGA,080134.00,2756.95420,S,02449.82439,E,4,18,0.7,93.977,M,28.000,M,1.0,0000*7F
$GNGST,080134.00,0.012,0.015,0.011,32.1,0.011,0.013,0.021*71
$GNRMC,080134.00,A,2756.95420,S,02449.82439,E,3.50,180.0,120826,,,R*73
$GNGGA,080134.20,2756.95439,S,02449.82439,E,4,18,0.7,93.976,M,28.000,M,1.0,0000*74
$GNGST,080134.20,0.012,0.015,0.011,32.1,0.011,0.013,0.021*73
$GNRMC,080134.20,A,2756.95439,S,02449.82439,E,3.50,180.0,120826,,,R*79
$GNGGA,080134.40,2756.95459,S,02449.82439,E,4,18,0.7,93.976,M,28.000,M,1.0,0000*74
$GNGST,080134.40,0.012,0.015,0.011,32.1,0.011,0.013,0.021*75
$GNRMC,080134.40,A,2756.95459,S,02449.82439,E,3.50,180.0,120826,,,R*79
$GNGGA,080134.60,2756.95478,S,02449.82439,E,4,18,0.7,93.975,M,28.000,M,1.0,0000*76
$GNGST,080134.60,0.012,0.015,0.011,32.1,0.011,0.013,0.021*77
$GNRMC,080134.60,A,2756.95478,S,02449.82439,E,3.50,180.0,120826,,,R*78
$GNGGA,080134.80,2756.95498,S,02449.82439,E,4,18,0.7,93.975,M,28.000,M,1.0,0000*76
$GNGST,080134.80,0.012,0.015,0.011,32.1,0.011,0.013,0.021*79
$GNRMC,080134.80,A,2756.95498,S,02449.82439,E,3.50,180.0,120826,,,R*78
$GNGGA,080135.00,2756.95517,S,02449.82439,E,4,18,0.7,93.974,M,28.000,M,1.0,0000*78
$GNGST,080135.00,0.012,0.015,0.011,32.1,0.011,0.013,0.021*70
$GNRMC,080135.00,A,2756.95517,S,02449.82439,E,3.50,180.0,120826,,,R*77
$GNGGA,080135.20,2756.95536,S,02449.82439,E,4,18,0.7,93.974,M,28.000,M,1.0,0000*79
$GNGST,080135.20,0.012,0.015,0.011,32.1,0.011,0.013,0.021*72
$GNRMC,080135.20,A,2756.95536,S,02449.82439,E,3.50,180.0,120826,,,R*76
$GNGGA,080135.40,2756.95556,S,02449.82439,E,4,18,0.7,93.973,M,28.000,M,1.0,0000*7E
$GNGST,080135.40,0.012,0.015,0.011,32.1,0.011,0.013,0.021*74
$GNRMC,080135.40,A,2756.95556,S,02449.82439,E,3.50,180.0,120826,,,R*76
$GNGGA,080135.60,2756.95575,S,02449.82439,E,4,18,0.7,93.973,M,28.000,M,1.0,0000*7D
$GNGST,080135.60,0.012,0.015,0.011,32.1,0.011,0.013,0.021*76
$GNRMC,080135.60,A,2756.95575,S,02449.82439,E,3.50,180.0,120826,,,R*75
$GNGGA,080135.80,2756.95595,S,02449.82439,E,4,18,0.7,93.972,M,28.000,M,1.0,0000*7C
$GNGST,080135.80,0.012,0.015,0.011,32.1,0.011,0.013,0.021*78
$GNRMC,080135.80,A,2756.95595,S,02449.82439,E,3.50,180.0,120826,,,R*75
$GNGGA,080136.00,2756.95614,S,02449.82439,E,4,18,0.7,93.972,M,28.000,M,1.0,0000*7D
$GNGST,080136.00,0.012,0.015,0.011,32.1,0.011,0.013,0.021*73
$GNRMC,080136.00,A,2756.95614,S,02449.82439,E,3.50,180.0,120826,,,R*74
$GNGGA,080136.20,2756.95634,S,02449.82439,E,4,18,0.7,93.971,M,28.000,M,1.0,0000*7E
$GNGST,080136.20,0.012,0.015,0.011,32.1,0.011,0.013,0.021*71
$GNRMC,080136.20,A,2756.95634,S,02449.82439,E,3.50,180.0,120826,,,R*74
$GNGGA,080136.40,2756.95653,S,02449.82439,E,4,18,0.7,93.971,M,28.000,M,1.0,0000*79
$GNGST,080136.40,0.012,0.015,0.011,32.1,0.011,0.013,0.021*77
$GNRMC,080136.40,A,2756.95653,S,02449.82439,E,3.50,180.0,120826,,,R*73
$GNGGA,080136.60,2756.95673,S,02449.82439,E,4,18,0.7,93.970,M,28.000,M,1.0,0000*78
$GNGST,080136.60,0.012,0.015,0.011,32.1,0.011,0.013,0.021*75
$GNRMC,080136.60,A,2756.95673,S,02449.82439,E,3.50,180.0,120826,,,R*73
$GNGGA,080136.80,2756.95692,S,02449.82439,E,4,18,0.7,93.970,M,28.000,M,1.0,0000*79
$GNGST,080136.80,0.012,0.015,0.011,32.1,0.011,0.013,0.021*7B
$GNRMC,080136.80,A,2756.95692,S,02449.82439,E,3.50,180.0,120826,,,R*72
$GNGGA,080137.00,2756.95712,S,02449.82439,E,4,18,0.7,93.970,M,28.000,M,1.0,0000*79
$GNGST,080137.00,0.012,0.015,0.011,32.1,0.011,0.013,0.021*72
$GNRMC,080137.00,A,2756.95712,S,02449.82439,E,3.50,180.0,120826,,,R*72
$GNGGA,080137.20,2756.95731,S,02449.82439,E,4,18,0.7,93.969,M,28.000,M,1.0,0000*72
$GNGST,080137.20,0.012,0.015,0.011,32.1,0.011,0.013,0.021*70
$GNRMC,080137.20,A,2756.95731,S,02449.82439,E,3.50,180.0,120826,,,R*71
$GNGGA,080137.40,2756.95751,S,02449.82439,E,4,18,0.7,93.969,M,28.000,M,1.0,0000*72
$GNGST,080137.40,0.012,0.015,0.011,32.1,0.011,0.013,0.021*76
$GNRMC,080137.40,A,2756.95751,S,02449.82439,E,3.50,180.0,120826,,,R*71
$GNGGA,080137.60,2756.95770,S,02449.82439,E,4,18,0.7,93.968,M,28.000,M,1.0,0000*72
$GNGST,080137.60,0.012,0.015,0.011,32.1,0.011,0.013,0.021*74
$GNRMC,080137.60,A,2756.95770,S,02449.82439,E,3.50,180.0,120826,,,R*70
$GNGGA,080137.80,2756.95790,S,02449.82439,E,4,18,0.7,93.968,M,28.000,M,1.0,0000*72
$GNGST,080137.80,0.012,0.015,0.011,32.1,0.011,0.013,0.021*7A
$GNRMC,080137.80,A,2756.95790,S,02449.82439,E,3.50,180.0,120826,,,R*70
$GNGGA,080138.00,2756.95809,S,02449.82439,E,4,18,0.7,93.968,M,28.000,M,1.0,0000*7A
$GNGST,080138.00,0.012,0.015,0.011,32.1,0.011,0.013,0.021*7D
$GNRMC,080138.00,A,2756.95809,S,02449.82439,E,3.50,180.0,120826,,,R*78
$GNGGA,080138.20,2756.95829,S,02449.82439,E,4,18,0.7,93.967,M,28.000,M,1.0,0000*75
$GNGST,080138.20,0.012,0.015,0.011,32.1,0.011,0.013,0.021*7F
$GNRMC,080138.20,A,2756.95829,S,02449.82439,E,3.50,180.0,120826,,,R*78
$GNGGA,080138.40,2756.95848,S,02449.82439,E,4,18,0.7,93.967,M,28.000,M,1.0,0000*74
$GNGST,080138.40,0.012,0.015,0.011,32.1,0.011,0.013,0.021*79
$GNRMC,080138.40,A,2756.95848,S,02449.82439,E,3.50,180.0,120826,,,R*79
$GNGGA,080138.60,2756.95868,S,02449.82439,E,4,18,0.7,93.966,M,28.000,M,1.0,0000*75
$GNGST,080138.60,0.012,0.015,0.011,32.1,0.011,0.013,0.021*7B
$GNRMC,080138.60,A,2756.95868,S,02449.82439,E,3.50,180.0,120826,,,R*79
$GNGGA,080138.80,2756.95887,S,02449.82439,E,4,18,0.7,93.966,M,28.000,M,1.0,0000*7A
$GNGST,080138.80,0.012,0.015,0.011,32.1,0.011,0.013,0.021*75
$GNRMC,080138.80,A,2756.95887,S,02449.82439,E,3.50,180.0,120826,,,R*76
$GNGGA,080139.00,2756.95907,S,02449.82439,E,4,18,0.7,93.966,M,28.000,M,1.0,0000*7A
$GNGST,080139.00,0.012,0.015,0.011,32.1,0.011,0.013,0.021*7C
$GNRMC,080139.00,A,2756.95907,S,02449.82439,E,3.50,180.0,120826,,,R*76
$GNGGA,080139.20,2756.95926,S,02449.82439,E,4,18,0.7,93.965,M,28.000,M,1.0,0000*78
$GNGST,080139.20,0.012,0.015,0.011,32.1,0.011,0.013,0.021*7E
$GNRMC,080139.20,A,2756.95926,S,02449.82439,E,3.50,180.0,120826,,,R*77
$GNGGA,080139.40,2756.95946,S,02449.82439,E,4,18,0.7,93.965,M,28.000,M,1.0,0000*78
$GNGST,080139.40,0.012,0.015,0.011,32.1,0.011,0.013,0.021*78
$GNRMC,080139.40,A,2756.95946,S,02449.82439,E,3.50,180.0,120826,,,R*77
$GNGGA,080139.60,2756.95965,S,02449.82439,E,4,18,0.7,93.965,M,28.000,M,1.0,0000*7B
$GNGST,080139.60,0.012,0.015,0.011,32.1,0.011,0.013,0.021*7A
$GNRMC,080139.60,A,2756.95965,S,02449.82439,E,3.50,180.0,120826,,,R*74
$GNGGA,080139.80,2756.95985,S,02449.82439,E,4,18,0.7,93.964,M,28.000,M,1.0,0000*7A
$GNGST,080139.80,0.012,0.015,0.011,32.1,0.011,0.013,0.021*74
$GNRMC,080139.80,A,2756.95985,S,02449.82439,E,3.50,180.0,120826,,,R*74
$GNGGA,080140.00,2756.96004,S,02449.82439,E,4,18,0.7,93.964,M,28.000,M,1.0,0000*7F
$GNGST,080140.00,0.012,0.015,0.011,32.1,0.011,0.013,0.021*72
$GNRMC,080140.00,A,2756.96004,S,02449.82439,E,3.50,180.0,120826,,,R*71
$GNGGA,080140.20,2756.96024,S,02449.82439,E,4,18,0.7,93.964,M,28.000,M,1.0,0000*7F
$GNGST,080140.20,0.012,0.015,0.011,32.1,0.011,0.013,0.021*70
$GNRMC,080140.20,A,2756.96024,S,02449.82439,E,3.50,180.0,120826,,,R*71
$GNGGA,080140.40,2756.96043,S,02449.82439,E,4,18,0.7,93.963,M,28.000,M,1.0,0000*7F
$GNGST,080140.40,0.012,0.015,0.011,32.1,0.011,0.013,0.021*76
$GNRMC,080140.40,A,2756.96043,S,02449.82439,E,3.50,180.0,120826,,,R*76
$GNGGA,080140.60,2756.96063,S,02449.82439,E,4,18,0.7,93.963,M,28.000,M,1.0,0000*7F
$GNGST,080140.60,0.012,0.015,0.011,32.1,0.011,0.013,0.021*74
$GNRMC,080140.60,A,2756.96063,S,02449.82439,E,3.50,180.0,120826,,,R*76
$GNGGA,080140.80,2756.96082,S,02449.82439,E,4,18,0.7,93.963,M,28.000,M,1.0,0000*7E
$GNGST,080140.80,0.012,0.015,0.011,32.1,0.011,0.013,0.021*7A
$GNRMC,080140.80,A,2756.96082,S,02449.82439,E,3.50,180.0,120826,,,R*77
$GNGGA,080141.00,2756.96102,S,02449.82439,E,4,18,0.7,93.962,M,28.000,M,1.0,0000*7F
$GNGST,080141.00,0.012,0.015,0.011,32.1,0.011,0.013,0.021*73
$GNRMC,080141.00,A,2756.96102,S,02449.82439,E,3.50,180.0,120826,,,R*77
$GNGGA,080141.20,2756.96121,S,02449.82439,E,4,18,0.7,93.962,M,28.000,M,1.0,0000*7C
$GNGST,080141.20,0.012,0.015,0.011,32.1,0.011,0.013,0.021*71
$GNRMC,080141.20,A,2756.96121,S,02449.82439,E,3.50,180.0,120826,,,R*74
$GNGGA,080141.40,2756.96141,S,02449.82439,E,4,18,0.7,93.962,M,28.000,M,1.0,0000*7C
$GNGST,080141.40,0.012,0.015,0.011,32.1,0.011,0.013,0.021*77
$GNRMC,080141.40,A,2756.96141,S,02449.82439,E,3.50,180.0,120826,,,R*74
$GNGGA,080141.60,2756.96160,S,02449.82439,E,4,18,0.7,93.962,M,28.000,M,1.0,0000*7D
$GNGST,080141.60,0.012,0.015,0.011,32.1,0.011,0.013,0.021*75
$GNRMC,080141.60,A,2756.96160,S,02449.82439,E,3.50,180.0,120826,,,R*75
$GNGGA,080141.80,2756.96180,S,02449.82439,E,4,18,0.7,93.961,M,28.000,M,1.0,0000*7E
$GNGST,080141.80,0.012,0.015,0.011,32.1,0.011,0.013,0.021*7B
$GNRMC,080141.80,A,2756.96180,S,02449.82439,E,3.50,180.0,120826,,,R*75
$GNGGA,080142.00,2756.96199,S,02449.82439,E,4,18,0.7,93.961,M,28.000,M,1.0,0000*7D
$GNGST,080142.00,0.012,0.015,0.011,32.1,0.011,0.013,0.021*70
$GNRMC,080142.00,A,2756.96199,S,02449.82439,E,3.50,180.0,120826,,,R*76
$GNGGA,080142.20,2756.96219,S,02449.82439,E,4,18,0.7,93.961,M,28.000,M,1.0,0000*74
$GNGST,080142.20,0.012,0.015,0.011,32.1,0.011,0.013,0.021*72
$GNRMC,080142.20,A,2756.96219,S,02449.82439,E,3.50,180.0,120826,,,R*7F
$GNGGA,080142.40,2756.96238,S,02449.82439,E,4,18,0.7,93.961,M,28.000,M,1.0,0000*71
$GNGST,080142.40,0.012,0.015,0.011,32.1,0.011,0.013,0.021*74
$GNRMC,080142.40,A,2756.96238,S,02449.82439,E,3.50,180.0,120826,,,R*7A
$GNGGA,080142.60,2756.96258,S,02449.82439,E,4,18,0.7,93.960,M,28.000,M,1.0,0000*74
$GNGST,080142.60,0.012,0.015,0.011,32.1,0.011,0.013,0.021*76
$GNRMC,080142.60,A,2756.96258,S,02449.82439,E,3.50,180.0,120826,,,R*7E
$GNGGA,080142.80,2756.96277,S,02449.82439,E,4,18,0.7,93.960,M,28.000,M,1.0,0000*77
$GNGST,080142.80,0.012,0.015,0.011,32.1,0.011,0.013,0.021*78
$GNRMC,080142.80,A,2756.96277,S,02449.82439,E,3.50,180.0,120826,,,R*7D
$GNGGA,080143.00,2756.96297,S,02449.82439,E,4,18,0.7,93.960,M,28.000,M,1.0,0000*70
$GNGST,080143.00,0.012,0.015,0.011,32.1,0.011,0.013,0.021*71
$GNRMC,080143.00,A,2756.96297,S,02449.82439,E,3.50,180.0,120826,,,R*7A
$GNGGA,080143.20,2756.96316,S,02449.82439,E,4,18,0.7,93.960,M,28.000,M,1.0,0000*7A
$GNGST,080143.20,0.012,0.015,0.011,32.1,0.011,0.013,0.021*73
$GNRMC,080143.20,A,2756.96316,S,02449.82439,E,3.50,180.0,120826,,,R*70
$GNGGA,080143.40,2756.96336,S,02449.82439,E,4,18,0.7,93.959,M,28.000,M,1.0,0000*74
$GNGST,080143.40,0.012,0.015,0.011,32.1,0.011,0.013,0.021*75
$GNRMC,080143.40,A,2756.96336,S,02449.82439,E,3.50,180.0,120826,,,R*74
$GNGGA,080143.60,2756.96355,S,02449.82439,E,4,18,0.7,93.959,M,28.000,M,1.0,0000*73
$GNGST,080143.60,0.012,0.015,0.011,32.1,0.011,0.013,0.021*77
$GNRMC,080143.60,A,2756.96355,S,02449.82439,E,3.50,180.0,120826,,,R*73
$GNGGA,080143.80,2756.96375,S,02449.82439,E,4,18,0.7,93.959,M,28.000,M,1.0,0000*7F
$GNGST,080143.80,0.012,0.015,0.011,32.1,0.011,0.013,0.021*79
$GNRMC,080143.80,A,2756.96375,S,02449.82439,E,3.50,180.0,120826,,,R*7F
$GNGGA,080144.00,2756.96394,S,02449.82439,E,4,18,0.7,93.959,M,28.000,M,1.0,0000*7F
$GNGST,080144.00,0.012,0.015,0.011,32.1,0.011,0.013,0.021*76
$GNRMC,080144.00,A,2756.96394,S,02449.82439,E,3.50,180.0,120826,,,R*7F
$GNGGA,080144.20,2756.96414,S,02449.82439,E,4,18,0.7,93.959,M,28.000,M,1.0,0000*72
$GNGST,080144.20,0.012,0.015,0.011,32.1,0.011,0.013,0.021*74
$GNRMC,080144.20,A,2756.96414,S,02449.82439,E,3.50,180.0,120826,,,R*72
$GNGGA,080144.40,2756.96433,S,02449.82439,E,4,18,0.7,93.958,M,28.000,M,1.0,0000*70
$GNGST,080144.40,0.012,0.015,0.011,32.1,0.011,0.013,0.021*72
$GNRMC,080144.40,A,2756.96433,S,02449.82439,E,3.50,180.0,120826,,,R*71
$GNGGA,080144.60,2756.96453,S,02449.82439,E,4,18,0.7,93.958,M,28.000,M,1.0,0000*74
$GNGST,080144.60,0.012,0.015,0.011,32.1,0.011,0.013,0.021*70
$GNRMC,080144.60,A,2756.96453,S,02449.82439,E,3.50,180.0,120826,,,R*75
$GNGGA,080144.80,2756.96472,S,02449.82439,E,4,18,0.7,93.958,M,28.000,M,1.0,0000*79
$GNGST,080144.80,0.012,0.015,0.011,32.1,0.011,0.013,0.021*7E
$GNRMC,080144.80,A,2756.96472,S,02449.82439,E,3.50,180.0,120826,,,R*78
$GNGGA,080145.00,2756.96492,S,02449.82439,E,4,18,0.7,93.958,M,28.000,M,1.0,0000*7E
$GNGST,080145.00,0.012,0.015,0.011,32.1,0.011,0.013,0.021*77
$GNRMC,080145.00,A,2756.96492,S,02449.82439,E,3.50,180.0,120826,,,R*7F
$GNGGA,080145.20,2756.96511,S,02449.82439,E,4,18,0.7,93.958,M,28.000,M,1.0,0000*76
$GNGST,080145.20,0.012,0.015,0.011,32.1,0.011,0.013,0.021*75
$GNRMC,080145.20,A,2756.96511,S,02449.82439,E,3.50,180.0,120826,,,R*77
$GNGGA,080145.40,2756.96531,S,02449.82439,E,4,18,0.7,93.958,M,28.000,M,1.0,0000*72
$GNGST,080145.40,0.012,0.015,0.011,32.1,0.011,0.013,0.021*73
$GNRMC,080145.40,A,2756.96531,S,02449.82439,E,3.50,180.0,120826,,,R*73
$GNGGA,080145.60,2756.96550,S,02449.82439,E,4,18,0.7,93.957,M,28.000,M,1.0,0000*78
$GNGST,080145.60,0.012,0.015,0.011,32.1,0.011,0.013,0.021*71
$GNRMC,080145.60,A,2756.96550,S,02449.82439,E,3.50,180.0,120826,,,R*76
$GNGGA,080145.80,2756.96570,S,02449.82439,E,4,18,0.7,93.957,M,28.000,M,1.0,0000*74
$GNGST,080145.80,0.012,0.015,0.011,32.1,0.011,0.013,0.021*7F
$GNRMC,080145.80,A,2756.96570,S,02449.82439,E,3.50,180.0,120826,,,R*7A
$GNGGA,080146.00,2756.96589,S,02449.82439,E,4,18,0.7,93.957,M,28.000,M,1.0,0000*79
$GNGST,080146.00,0.012,0.015,0.011,32.1,0.011,0.013,0.021*74
$GNRMC,080146.00,A,2756.96589,S,02449.82439,E,3.50,180.0,120826,,,R*77
$GNGGA,080146.20,2756.96609,S,02449.82439,E,4,18,0.7,93.957,M,28.000,M,1.0,0000*70
$GNGST,080146.20,0.012,0.015,0.011,32.1,0.011,0.013,0.021*76
$GNRMC,080146.20,A,2756.96609,S,02449.82439,E,3.50,180.0,120826,,,R*7E
$GNGGA,080146.40,2756.96628,S,02449.82439,E,4,18,0.7,93.957,M,28.000,M,1.0,0000*75
$GNGST,080146.40,0.012,0.015,0.011,32.1,0.011,0.013,0.021*70
$GNRMC,080146.40,A,2756.96628,S,02449.82439,E,3.50,180.0,120826,,,R*7B
$GNGGA,080146.60,2756.96647,S,02449.82439,E,4,18,0.7,93.957,M,28.000,M,1.0,0000*7E
$GNGST,080146.60,0.012,0.015,0.011,32.1,0.011,0.013,0.021*72
$GNRMC,080146.60,A,2756.96647,S,02449.82439,E,3.50,180.0,120826,,,R*70
$GNGGA,080146.80,2756.96667,S,02449.82439,E,4,18,0.7,93.957,M,28.000,M,1.0,0000*72
$GNGST,080146.80,0.012,0.015,0.011,32.1,0.011,0.013,0.021*7C
$GNRMC,080146.80,A,2756.96667,S,02449.82439,E,3.50,180.0,120826,,,R*7C
$GNGGA,080147.00,2756.96686,S,02449.82439,E,4,18,0.7,93.957,M,28.000,M,1.0,0000*74
$GNGST,080147.00,0.012,0.015,0.011,32.1,0.011,0.013,0.021*75
$GNRMC,080147.00,A,2756.96686,S,02449.82439,E,3.50,180.0,120826,,,R*7A
$GNGGA,080147.20,2756.96706,S,02449.82439,E,4,18,0.7,93.957,M,28.000,M,1.0,0000*7F
$GNGST,080147.20,0.012,0.015,0.011,32.1,0.011,0.013,0.021*77
$GNRMC,080147.20,A,2756.96706,S,02449.82439,E,3.50,180.0,120826,,,R*71
$GNGGA,080147.40,2756.96725,S,02449.82439,E,4,18,0.7,93.956,M,28.000,M,1.0,0000*79
$GNGST,080147.40,0.012,0.015,0.011,32.1,0.011,0.013,0.021*71
$GNRMC,080147.40,A,2756.96725,S,02449.82439,E,3.50,180.0,120826,,,R*76
$GNGGA,080147.60,2756.96745,S,02449.82439,E,4,18,0.7,93.956,M,28.000,M,1.0,0000*7D
$GNGST,080147.60,0.012,0.015,0.011,32.1,0.011,0.013,0.021*73
$GNRMC,080147.60,A,2756.96745,S,02449.82439,E,3.50,180.0,120826,,,R*72
$GNGGA,080147.80,2756.96764,S,02449.82439,E,4,18,0.7,93.956,M,28.000,M,1.0,0000*70
$GNGST,080147.80,0.012,0.015,0.011,32.1,0.011,0.013,0.021*7D
$GNRMC,080147.80,A,2756.96764,S,02449.82439,E,3.50,180.0,120826,,,R*7F
$GNGGA,080148.00,2756.96784,S,02449.82439,E,4,18,0.7,93.956,M,28.000,M,1.0,0000*79
$GNGST,080148.00,0.012,0.015,0.011,32.1,0.011,0.013,0.021*7A
$GNRMC,080148.00,A,2756.96784,S,02449.82439,E,3.50,180.0,120826,,,R*76
$GNGGA,080148.20,2756.96803,S,02449.82439,E,4,18,0.7,93.956,M,28.000,M,1.0,0000*7B
$GNGST,080148.20,0.012,0.015,0.011,32.1,0.011,0.013,0.021*78
$GNRMC,080148.20,A,2756.96803,S,02449.82439,E,3.50,180.0,120826,,,R*74
$GNGGA,080148.40,2756.96823,S,02449.82439,E,4,18,0.7,93.956,M,28.000,M,1.0,0000*7F
$GNGST,080148.40,0.012,0.015,0.011,32.1,0.011,0.013,0.021*7E
$GNRMC,080148.40,A,2756.96823,S,02449.82439,E,3.50,180.0,120826,,,R*70
$GNGGA,080148.60,2756.96842,S,02449.82439,E,4,18,0.7,93.956,M,28.000,M,1.0,0000*7A
$GNGST,080148.60,0.012,0.015,0.011,32.1,0.011,0.013,0.021*7C
$GNRMC,080148.60,A,2756.96842,S,02449.82439,E,3.50,180.0,120826,,,R*75
$GNGGA,080148.80,2756.96862,S,02449.82439,E,4,18,0.7,93.956,M,28.000,M,1.0,0000*76
$GNGST,080148.80,0.012,0.015,0.011,32.1,0.011,0.013,0.021*72
$GNRMC,080148.80,A,2756.96862,S,02449.82439,E,3.50,180.0,120826,,,R*79
$GNGGA,080149.00,2756.96881,S,02449.82439,E,4,18,0.7,93.956,M,28.000,M,1.0,0000*72
$GNGST,080149.00,0.012,0.015,0.011,32.1,0.011,0.013,0.021*7B
$GNRMC,080149.00,A,2756.96881,S,02449.82439,E,3.50,180.0,120826,,,R*7D
$GNGGA,080149.20,2756.96901,S,02449.82439,E,4,18,0.7,93.956,M,28.000,M,1.0,0000*79
$GNGST,080149.20,0.012,0.015,0.011,32.1,0.011,0.013,0.021*79
$GNRMC,080149.20,A,2756.96901,S,02449.82439,E,3.50,180.0,120826,,,R*76
$GNGGA,080149.40,2756.96920,S,02449.82439,E,4,18,0.7,93.956,M,28.000,M,1.0,0000*7C
$GNGST,080149.40,0.012,0.015,0.011,32.1,0.011,0.013,0.021*7F
$GNRMC,080149.40,A,2756.96920,S,02449.82439,E,3.50,180.0,120826,,,R*73
$GNGGA,080149.60,2756.96940,S,02449.82439,E,4,18,0.7,93.956,M,28.000,M,1.0,0000*78
$GNGST,080149.60,0.012,0.015,0.011,32.1,0.011,0.013,0.021*7D
$GNRMC,080149.60,A,2756.96940,S,02449.82439,E,3.50,180.0,120826,,,R*77
$GNGGA,080149.80,2756.96959,S,02449.82439,E,4,18,0.7,93.956,M,28.000,M,1.0,0000*7E
$GNGST,080149.80,0.012,0.015,0.011,32.1,0.011,0.013,0.021*73
$GNRMC,080149.80,A,2756.96959,S,02449.82439,E,3.50,180.0,120826,,,R*71
$GNGGA,080150.00,2756.96979,S,02449.82439,E,4,18,0.7,93.956,M,28.000,M,1.0,0000*7C
$GNGST,080150.00,0.012,0.015,0.011,32.1,0.011,0.013,0.021*73
$GNRMC,080150.00,A,2756.96979,S,02449.82439,E,3.50,180.0,120826,,,R*73
$GNGGA,080150.20,2756.96998,S,02449.82439,E,4,18,0.7,93.956,M,28.000,M,1.0,0000*71
$GNGST,080150.20,0.012,0.015,0.011,32.1,0.011,0.013,0.021*71
$GNRMC,080150.20,A,2756.96998,S,02449.82439,E,3.50,180.0,120826,,,R*7E
$GNGGA,080150.40,2756.97018,S,02449.82439,E,4,18,0.7,93.956,M,28.000,M,1.0,0000*77
$GNGST,080150.40,0.012,0.015,0.011,32.1,0.011,0.013,0.021*77
$GNRMC,080150.40,A,2756.97018,S,02449.82439,E,3.50,180.0,120826,,,R*78
$GNGGA,080150.60,2756.97037,S,02449.82439,E,4,18,0.7,93.956,M,28.000,M,1.0,0000*78
$GNGST,080150.60,0.012,0.015,0.011,32.1,0.011,0.013,0.021*75
$GNRMC,080150.60,A,2756.97037,S,02449.82439,E,3.50,180.0,120826,,,R*77
$GNGGA,080150.80,2756.97057,S,02449.82439,E,4,18,0.7,93.956,M,28.000,M,1.0,0000*70
$GNGST,080150.80,0.012,0.015,0.011,32.1,0.011,0.013,0.021*7B
$GNRMC,080150.80,A,2756.97057,S,02449.82439,E,3.50,180.0,120826,,,R*7F
$GNGGA,080151.00,2756.97076,S,02449.82439,E,4,18,0.7,93.956,M,28.000,M,1.0,0000*7A
$GNGST,080151.00,0.012,0.015,0.011,32.1,0.011,0.013,0.021*72
$GNRMC,080151.00,A,2756.97076,S,02449.82439,E,3.50,180.0,120826,,,R*75
$GNGGA,080151.20,2756.97096,S,02449.82439,E,4,18,0.7,93.956,M,28.000,M,1.0,0000*76
$GNGST,080151.20,0.012,0.015,0.011,32.1,0.011,0.013,0.021*70
$GNRMC,080151.20,A,2756.97096,S,02449.82439,E,3.50,180.0,120826,,,R*79
$GNGGA,080151.40,2756.97115,S,02449.82439,E,4,18,0.7,93.956,M,28.000,M,1.0,0000*7A
$GNGST,080151.40,0.012,0.015,0.011,32.1,0.011,0.013,0.021*76
$GNRMC,080151.40,A,2756.97115,S,02449.82439,E,3.50,180.0,120826,,,R*75
$GNGGA,080151.60,2756.97135,S,02449.82439,E,4,18,0.7,93.956,M,28.000,M,1.0,0000*7A
$GNGST,080151.60,0.012,0.015,0.011,32.1,0.011,0.013,0.021*74
$GNRMC,080151.60,A,2756.97135,S,02449.82439,E,3.50,180.0,120826,,,R*75
$GNGGA,080151.80,2756.97154,S,02449.82439,E,4,18,0.7,93.956,M,28.000,M,1.0,0000*73
$GNGST,080151.80,0.012,0.015,0.011,32.1,0.011,0.013,0.021*7A
$GNRMC,080151.80,A,2756.97154,S,02449.82439,E,3.50,180.0,120826,,,R*7C
$GNGGA,080152.00,2756.97174,S,02449.82439,E,4,18,0.7,93.956,M,28.000,M,1.0,0000*7A
$GNGST,080152.00,0.012,0.015,0.011,32.1,0.011,0.013,0.021*71
$GNRMC,080152.00,A,2756.97174,S,02449.82439,E,3.50,180.0,120826,,,R*75
$GNGGA,080152.20,2756.97193,S,02449.82439,E,4,18,0.7,93.956,M,28.000,M,1.0,0000*71
$GNGST,080152.20,0.012,0.015,0.011,32.1,0.011,0.013,0.021*73
$GNRMC,080152.20,A,2756.97193,S,02449.82439,E,3.50,180.0,120826,,,R*7E
$GNGGA,080152.40,2756.97213,S,02449.82439,E,4,18,0.7,93.956,M,28.000,M,1.0,0000*7C
$GNGST,080152.40,0.012,0.015,0.011,32.1,0.011,0.013,0.021*75
$GNRMC,080152.40,A,2756.97213,S,02449.82439,E,3.50,180.0,120826,,,R*73
$GNGGA,080152.60,2756.97232,S,02449.82439,E,4,18,0.7,93.956,M,28.000,M,1.0,0000*7D
$GNGST,080152.60,0.012,0.015,0.011,32.1,0.011,0.013,0.021*77
$GNRMC,080152.60,A,2756.97232,S,02449.82439,E,3.50,180.0,120826,,,R*72
$GNGGA,080152.80,2756.97252,S,02449.82439,E,4,18,0.7,93.956,M,28.000,M,1.0,0000*75
$GNGST,080152.80,0.012,0.015,0.011,32.1,0.011,0.013,0.021*79
$GNRMC,080152.80,A,2756.97252,S,02449.82439,E,3.50,180.0,120826,,,R*7A
$GNGGA,080153.00,2756.97271,S,02449.82439,E,4,18,0.7,93.956,M,28.000,M,1.0,0000*7D
$GNGST,080153.00,0.012,0.015,0.011,32.1,0.011,0.013,0.021*70
$GNRMC,080153.00,A,2756.97271,S,02449.82439,E,3.50,180.0,120826,,,R*72
$GNGGA,080153.20,2756.97291,S,02449.82439,E,4,18,0.7,93.956,M,28.000,M,1.0,0000*71
$GNGST,080153.20,0.012,0.015,0.011,32.1,0.011,0.013,0.021*72
$GNRMC,080153.20,A,2756.97291,S,02449.82439,E,3.50,180.0,120826,,,R*7E
$GNGGA,080153.40,2756.97310,S,02449.82439,E,4,18,0.7,93.956,M,28.000,M,1.0,0000*7F
$GNGST,080153.40,0.012,0.015,0.011,32.1,0.011,0.013,0.021*74
$GNRMC,080153.40,A,2756.97310,S,02449.82439,E,3.50,180.0,120826,,,R*70
$GNGGA,080153.60,2756.97330,S,02449.82439,E,4,18,0.7,93.956,M,28.000,M,1.0,0000*7F
$GNGST,080153.60,0.012,0.015,0.011,32.1,0.011,0.013,0.021*76
$GNRMC,080153.60,A,2756.97330,S,02449.82439,E,3.50,180.0,120826,,,R*70
$GNGGA,080153.80,2756.97349,S,02449.82439,E,4,18,0.7,93.957,M,28.000,M,1.0,0000*7E
$GNGST,080153.80,0.012,0.015,0.011,32.1,0.011,0.013,0.021*78
$GNRMC,080153.80,A,2756.97349,S,02449.82439,E,3.50,180.0,120826,,,R*70
$GNGGA,080154.00,2756.97369,S,02449.82439,E,4,18,0.7,93.957,M,28.000,M,1.0,0000*73
$GNGST,080154.00,0.012,0.015,0.011,32.1,0.011,0.013,0.021*77
$GNRMC,080154.00,A,2756.97369,S,02449.82439,E,3.50,180.0,120826,,,R*7D
$GNGGA,080154.20,2756.97388,S,02449.82439,E,4,18,0.7,93.957,M,28.000,M,1.0,0000*7E
$GNGST,080154.20,0.012,0.015,0.011,32.1,0.011,0.013,0.021*75
$GNRMC,080154.20,A,2756.97388,S,02449.82439,E,3.50,180.0,120826,,,R*70
$GNGGA,080154.40,2756.97408,S,02449.82439,E,4,18,0.7,93.957,M,28.000,M,1.0,0000*77
$GNGST,080154.40,0.012,0.015,0.011,32.1,0.011,0.013,0.021*73
$GNRMC,080154.40,A,2756.97408,S,02449.82439,E,3.50,180.0,120826,,,R*79
$GNGGA,080154.60,2756.97427,S,02449.82439,E,4,18,0.7,93.957,M,28.000,M,1.0,0000*78
$GNGST,080154.60,0.012,0.015,0.011,32.1,0.011,0.013,0.021*71
$GNRMC,080154.60,A,2756.97427,S,02449.82439,E,3.50,180.0,120826,,,R*76
$GNGGA,080154.80,2756.97447,S,02449.82439,E,4,18,0.7,93.957,M,28.000,M,1.0,0000*70
$GNGST,080154.80,0.012,0.015,0.011,32.1,0.011,0.013,0.021*7F
$GNRMC,080154.80,A,2756.97447,S,02449.82439,E,3.50,180.0,120826,,,R*7E
$GNGGA,080155.00,2756.97466,S,02449.82439,E,4,18,0.7,93.957,M,28.000,M,1.0,0000*7A
$GNGST,080155.00,0.012,0.015,0.011,32.1,0.011,0.013,0.021*76
$GNRMC,080155.00,A,2756.97466,S,02449.82439,E,3.50,180.0,120826,,,R*74
$GNGGA,080155.20,2756.97486,S,02449.82439,E,4,18,0.7,93.957,M,28.000,M,1.0,0000*76
$GNGST,080155.20,0.012,0.015,0.011,32.1,0.011,0.013,0.021*74
$GNRMC,080155.20,A,2756.97486,S,02449.82439,E,3.50,180.0,120826,,,R*78
$GNGGA,080155.40,2756.97505,S,02449.82439,E,4,18,0.7,93.957,M,28.000,M,1.0,0000*7A
$GNGST,080155.40,0.012,0.015,0.011,32.1,0.011,0.013,0.021*72
$GNRMC,080155.40,A,2756.97505,S,02449.82439,E,3.50,180.0,120826,,,R*74
$GNGGA,080155.60,2756.97525,S,02449.82439,E,4,18,0.7,93.957,M,28.000,M,1.0,0000*7A
$GNGST,080155.60,0.012,0.015,0.011,32.1,0.011,0.013,0.021*70
$GNRMC,080155.60,A,2756.97525,S,02449.82439,E,3.50,180.0,120826,,,R*74
$GNGGA,080155.80,2756.97544,S,02449.82439,E,4,18,0.7,93.957,M,28.000,M,1.0,0000*73
$GNGST,080155.80,0.012,0.015,0.011,32.1,0.011,0.013,0.021*7E
$GNRMC,080155.80,A,2756.97544,S,02449.82439,E,3.50,180.0,120826,,,R*7D
$GNGGA,080156.00,2756.97564,S,02449.82439,E,4,18,0.7,93.957,M,28.000,M,1.0,0000*7A
$GNGST,080156.00,0.012,0.015,0.011,32.1,0.011,0.013,0.021*75
$GNRMC,080156.00,A,2756.97564,S,02449.82439,E,3.50,180.0,120826,,,R*74
$GNGGA,080156.20,2756.97583,S,02449.82439,E,4,18,0.7,93.958,M,28.000,M,1.0,0000*7E
$GNGST,080156.20,0.012,0.015,0.011,32.1,0.011,0.013,0.021*77
$GNRMC,080156.20,A,2756.97583,S,02449.82439,E,3.50,180.0,120826,,,R*7F
$GNGGA,080156.40,2756.97603,S,02449.82439,E,4,18,0.7,93.958,M,28.000,M,1.0,0000*73
$GNGST,080156.40,0.012,0.015,0.011,32.1,0.011,0.013,0.021*71
$GNRMC,080156.40,A,2756.97603,S,02449.82439,E,3.50,180.0,120826,,,R*72
$GNGGA,080156.60,2756.97622,S,02449.82439,E,4,18,0.7,93.958,M,28.000,M,1.0,0000*72
$GNGST,080156.60,0.012,0.015,0.011,32.1,0.011,0.013,0.021*73
$GNRMC,080156.60,A,2756.97622,S,02449.82439,E,3.50,180.0,120826,,,R*73
$GNGGA,080156.80,2756.97642,S,02449.82439,E,4,18,0.7,93.958,M,28.000,M,1.0,0000*7A
$GNGST,080156.80,0.012,0.015,0.011,32.1,0.011,0.013,0.021*7D
$GNRMC,080156.80,A,2756.97642,S,02449.82439,E,3.50,180.0,120826,,,R*7B
$GNGGA,080157.00,2756.97661,S,02449.82439,E,4,18,0.7,93.958,M,28.000,M,1.0,0000*72
$GNGST,080157.00,0.012,0.015,0.011,32.1,0.011,0.013,0.021*74
$GNRMC,080157.00,A,2756.97661,S,02449.82439,E,3.50,180.0,120826,,,R*73
$GNGGA,080157.20,2756.97681,S,02449.82439,E,4,18,0.7,93.958,M,28.000,M,1.0,0000*7E
$GNGST,080157.20,0.012,0.015,0.011,32.1,0.011,0.013,0.021*76
$GNRMC,080157.20,A,2756.97681,S,02449.82439,E,3.50,180.0,120826,,,R*7F
$GNGGA,080157.40,2756.97700,S,02449.82439,E,4,18,0.7,93.958,M,28.000,M,1.0,0000*70
$GNGST,080157.40,0.012,0.015,0.011,32.1,0.011,0.013,0.021*70
$GNRMC,080157.40,A,2756.97700,S,02449.82439,E,3.50,180.0,120826,,,R*71
$GNGGA,080157.60,2756.97720,S,02449.82439,E,4,18,0.7,93.958,M,28.000,M,1.0,0000*70
$GNGST,080157.60,0.012,0.015,0.011,32.1,0.011,0.013,0.021*72
$GNRMC,080157.60,A,2756.97720,S,02449.82439,E,3.50,180.0,120826,,,R*71
$GNGGA,080157.80,2756.97739,S,02449.82439,E,4,18,0.7,93.958,M,28.000,M,1.0,0000*76
$GNGST,080157.80,0.012,0.015,0.011,32.1,0.011,0.013,0.021*7C
$GNRMC,080157.80,A,2756.97739,S,02449.82439,E,3.50,180.0,120826,,,R*77
$GNGGA,080158.00,2756.97758,S,02449.82439,E,4,18,0.7,93.959,M,28.000,M,1.0,0000*77
$GNGST,080158.00,0.012,0.015,0.011,32.1,0.011,0.013,0.021*7B
$GNRMC,080158.00,A,2756.97758,S,02449.82439,E,3.50,180.0,120826,,,R*77
$GNGGA,080158.20,2756.97778,S,02449.82439,E,4,18,0.7,93.959,M,28.000,M,1.0,0000*77
$GNGST,080158.20,0.012,0.015,0.011,32.1,0.011,0.013,0.021*79
$GNRMC,080158.20,A,2756.97778,S,02449.82439,E,3.50,180.0,120826,,,R*77
$GNGGA,080158.40,2756.97797,S,02449.82439,E,4,18,0.7,93.959,M,28.000,M,1.0,0000*70
$GNGST,080158.40,0.012,0.015,0.011,32.1,0.011,0.013,0.021*7F
$GNRMC,080158.40,A,2756.97797,S,02449.82439,E,3.50,180.0,120826,,,R*70
$GNGGA,080158.60,2756.97817,S,02449.82439,E,4,18,0.7,93.959,M,28.000,M,1.0,0000*75
$GNGST,080158.60,0.012,0.015,0.011,32.1,0.011,0.013,0.021*7D
$GNRMC,080158.60,A,2756.97817,S,02449.82439,E,3.50,180.0,120826,,,R*75
$GNGGA,080158.80,2756.97836,S,02449.82439,E,4,18,0.7,93.959,M,28.000,M,1.0,0000*78
$GNGST,080158.80,0.012,0.015,0.011,32.1,0.011,0.013,0.021*73
$GNRMC,080158.80,A,2756.97836,S,02449.82439,E,3.50,180.0,120826,,,R*78
$GNGGA,080159.00,2756.97856,S,02449.82439,E,4,18,0.7,93.959,M,28.000,M,1.0,0000*77
$GNGST,080159.00,0.012,0.015,0.011,32.1,0.011,0.013,0.021*7A
$GNRMC,080159.00,A,2756.97856,S,02449.82439,E,3.50,180.0,120826,,,R*77
$GNGGA,080159.20,2756.97875,S,02449.82439,E,4,18,0.7,93.959,M,28.000,M,1.0,0000*74
$GNGST,080159.20,0.012,0.015,0.011,32.1,0.011,0.013,0.021*78
$GNRMC,080159.20,A,2756.97875,S,02449.82439,E,3.50,180.0,120826,,,R*74
$GNGGA,080159.40,2756.97895,S,02449.82439,E,4,18,0.7,93.959,M,28.000,M,1.0,0000*7C
$GNGST,080159.40,0.012,0.015,0.011,32.1,0.011,0.013,0.021*7E
$GNRMC,080159.40,A,2756.97895,S,02449.82439,E,3.50,180.0,120826,,,R*7C
$GNGGA,080159.60,2756.97914,S,02449.82439,E,4,18,0.7,93.960,M,28.000,M,1.0,0000*7C
$GNGST,080159.60,0.012,0.015,0.011,32.1,0.011,0.013,0.021*7C
$GNRMC,080159.60,A,2756.97914,S,02449.82439,E,3.50,180.0,120826,,,R*76
$GNGGA,080159.80,2756.97934,S,02449.82439,E,4,18,0.7,93.960,M,28.000,M,1.0,0000*70
$GNGST,080159.80,0.012,0.015,0.011,32.1,0.011,0.013,0.021*72
$GNRMC,080159.80,A,2756.97934,S,02449.82439,E,3.50,180.0,120826,,,R*7A
$GNGGA,080200.00,2756.97953,S,02449.82439,E,4,18,0.7,93.960,M,28.000,M,1.0,0000*76
$GNGST,080200.00,0.012,0.015,0.011,32.1,0.011,0.013,0.021*75
$GNRMC,080200.00,A,2756.97953,S,02449.82439,E,3.50,180.0,120826,,,R*7C
$GNGGA,080200.20,2756.97973,S,02449.82439,E,4,18,0.7,93.960,M,28.000,M,1.0,0000*76
$GNGST,080200.20,0.012,0.015,0.011,32.1,0.011,0.013,0.021*77
$GNRMC,080200.20,A,2756.97973,S,02449.82439,E,3.50,180.0,120826,,,R*7C
$GNGGA,080200.40,2756.97992,S,02449.82439,E,4,18,0.7,93.960,M,28.000,M,1.0,0000*7F
$GNGST,080200.40,0.012,0.015,0.011,32.1,0.011,0.013,0.021*71
$GNRMC,080200.40,A,2756.97992,S,02449.82439,E,3.50,180.0,120826,,,R*75
$GNGGA,080200.60,2756.98012,S,02449.82439,E,4,18,0.7,93.960,M,28.000,M,1.0,0000*73
$GNGST,080200.60,0.012,0.015,0.011,32.1,0.011,0.013,0.021*73
$GNRMC,080200.60,A,2756.98012,S,02449.82439,E,3.50,180.0,120826,,,R*79
$GNGGA,080200.80,2756.98031,S,02449.82439,E,4,18,0.7,93.960,M,28.000,M,1.0,0000*7C
$GNGST,080200.80,0.012,0.015,0.011,32.1,0.011,0.013,0.021*7D
$GNRMC,080200.80,A,2756.98031,S,02449.82439,E,3.50,180.0,120826,,,R*76
$GNGGA,080201.00,2756.98051,S,02449.82439,E,4,18,0.7,93.960,M,28.000,M,1.0,0000*73
$GNGST,080201.00,0.012,0.015,0.011,32.1,0.011,0.013,0.021*74
$GNRMC,080201.00,A,2756.98051,S,02449.82439,E,3.50,180.0,120826,,,R*79
$GNGGA,080201.20,2756.98070,S,02449.82439,E,4,18,0.7,93.960,M,28.000,M,1.0,0000*72
$GNGST,080201.20,0.012,0.015,0.011,32.1,0.011,0.013,0.021*76
$GNRMC,080201.20,A,2756.98070,S,02449.82439,E,3.50,180.0,120826,,,R*78
$GNGGA,080201.40,2756.98090,S,02449.82439,E,4,18,0.7,93.961,M,28.000,M,1.0,0000*7B
$GNGST,080201.40,0.012,0.015,0.011,32.1,0.011,0.013,0.021*70
$GNRMC,080201.40,A,2756.98090,S,02449.82439,E,3.50,180.0,120826,,,R*70
$GNGGA,080201.60,2756.98109,S,02449.82439,E,4,18,0.7,93.961,M,28.000,M,1.0,0000*78
$GNGST,080201.60,0.012,0.015,0.011,32.1,0.011,0.013,0.021*72
$GNRMC,080201.60,A,2756.98109,S,02449.82439,E,3.50,180.0,120826,,,R*73
$GNGGA,080201.80,2756.98129,S,02449.82439,E,4,18,0.7,93.961,M,28.000,M,1.0,0000*74
$GNGST,080201.80,0.012,0.015,0.011,32.1,0.011,0.013,0.021*7C
$GNRMC,080201.80,A,2756.98129,S,02449.82439,E,3.50,180.0,120826,,,R*7F
$GNGGA,080202.00,2756.98148,S,02449.82439,E,4,18,0.7,93.961,M,28.000,M,1.0,0000*78
$GNGST,080202.00,0.012,0.015,0.011,32.1,0.011,0.013,0.021*77
$GNRMC,080202.00,A,2756.98148,S,02449.82439,E,3.50,180.0,120826,,,R*73
$GNGGA,080202.20,2756.98168,S,02449.82439,E,4,18,0.7,93.961,M,28.000,M,1.0,0000*78
$GNGST,080202.20,0.012,0.015,0.011,32.1,0.011,0.013,0.021*75
$GNRMC,080202.20,A,2756.98168,S,02449.82439,E,3.50,180.0,120826,,,R*73
$GNGGA,080202.40,2756.98187,S,02449.82439,E,4,18,0.7,93.961,M,28.000,M,1.0,0000*7F
$GNGST,080202.40,0.012,0.015,0.011,32.1,0.011,0.013,0.021*73
$GNRMC,080202.40,A,2756.98187,S,02449.82439,E,3.50,180.0,120826,,,R*74
$GNGGA,080202.60,2756.98207,S,02449.82439,E,4,18,0.7,93.961,M,28.000,M,1.0,0000*76
$GNGST,080202.60,0.012,0.015,0.011,32.1,0.011,0.013,0.021*71
$GNRMC,080202.60,A,2756.98207,S,02449.82439,E,3.50,180.0,120826,,,R*7D
$GNGGA,080202.80,2756.98216,S,02449.82459,E,4,18,0.7,93.962,M,28.000,M,1.0,0000*7D
$GNGST,080202.80,0.012,0.015,0.011,32.1,0.011,0.013,0.021*7F
$GNRMC,080202.80,A,2756.98216,S,02449.82459,E,3.50,116.7,120826,,,R*7D
$GNGGA,080203.00,2756.98224,S,02449.82478,E,4,18,0.7,93.962,M,28.000,M,1.0,0000*76
$GNGST,080203.00,0.012,0.015,0.011,32.1,0.011,0.013,0.021*76
$GNRMC,080203.00,A,2756.98224,S,02449.82478,E,3.50,116.7,120826,,,R*76
$GNGGA,080203.20,2756.98233,S,02449.82498,E,4,18,0.7,93.962,M,28.000,M,1.0,0000*7C
$GNGST,080203.20,0.012,0.015,0.011,32.1,0.011,0.013,0.021*74
$GNRMC,080203.20,A,2756.98233,S,02449.82498,E,3.50,116.7,120826,,,R*7C
$GNGGA,080203.40,2756.98242,S,02449.82518,E,4,18,0.7,93.962,M,28.000,M,1.0,0000*75
$GNGST,080203.40,0.012,0.015,0.011,32.1,0.011,0.013,0.021*72
$GNRMC,080203.40,A,2756.98242,S,02449.82518,E,3.50,116.7,120826,,,R*75
$GNGGA,080203.60,2756.98251,S,02449.82537,E,4,18,0.7,93.963,M,28.000,M,1.0,0000*79
$GNGST,080203.60,0.012,0.015,0.011,32.1,0.011,0.013,0.021*70
$GNRMC,080203.60,A,2756.98251,S,02449.82537,E,3.50,116.7,120826,,,R*78
$GNGGA,080203.80,2756.98260,S,02449.82557,E,4,18,0.7,93.963,M,28.000,M,1.0,0000*73
$GNGST,080203.80,0.012,0.015,0.011,32.1,0.011,0.013,0.021*7E
$GNRMC,080203.80,A,2756.98260,S,02449.82557,E,3.50,116.7,120826,,,R*72
$GNGGA,080204.00,2756.98268,S,02449.82577,E,4,18,0.7,93.963,M,28.000,M,1.0,0000*76
$GNGST,080204.00,0.012,0.015,0.011,32.1,0.011,0.013,0.021*71
$GNRMC,080204.00,A,2756.98268,S,02449.82577,E,3.50,116.7,120826,,,R*77
$GNGGA,080204.20,2756.98277,S,02449.82596,E,4,18,0.7,93.963,M,28.000,M,1.0,0000*75
$GNGST,080204.20,0.012,0.015,0.011,32.1,0.011,0.013,0.021*73
$GNRMC,080204.20,A,2756.98277,S,02449.82596,E,3.50,116.7,120826,,,R*74
$GNGGA,080204.40,2756.98286,S,02449.82616,E,4,18,0.7,93.964,M,28.000,M,1.0,0000*71
$GNGST,080204.40,0.012,0.015,0.011,32.1,0.011,0.013,0.021*75
$GNRMC,080204.40,A,2756.98286,S,02449.82616,E,3.50,116.7,120826,,,R*77
$GNGGA,080204.60,2756.98295,S,02449.82636,E,4,18,0.7,93.964,M,28.000,M,1.0,0000*73
$GNGST,080204.60,0.012,0.015,0.011,32.1,0.011,0.013,0.021*77
$GNRMC,080204.60,A,2756.98295,S,02449.82636,E,3.50,116.7,120826,,,R*75
$GNGGA,080204.80,2756.98304,S,02449.82655,E,4,18,0.7,93.964,M,28.000,M,1.0,0000*71
$GNGST,080204.80,0.012,0.015,0.011,32.1,0.011,0.013,0.021*79
$GNRMC,080204.80,A,2756.98304,S,02449.82655,E,3.50,116.7,120826,,,R*77
$GNGGA,080205.00,2756.98312,S,02449.82675,E,4,18,0.7,93.964,M,28.000,M,1.0,0000*7D
$GNGST,080205.00,0.012,0.015,0.011,32.1,0.011,0.013,0.021*70
$GNRMC,080205.00,A,2756.98312,S,02449.82675,E,3.50,116.7,120826,,,R*7B
$GNGGA,080205.20,2756.98321,S,02449.82695,E,4,18,0.7,93.964,M,28.000,M,1.0,0000*71
$GNGST,080205.20,0.012,0.015,0.011,32.1,0.011,0.013,0.021*72
$GNRMC,080205.20,A,2756.98321,S,02449.82695,E,3.50,116.7,120826,,,R*77
$GNGGA,080205.40,2756.98330,S,02449.82714,E,4,18,0.7,93.965,M,28.000,M,1.0,0000*7E
$GNGST,080205.40,0.012,0.015,0.011,32.1,0.011,0.013,0.021*74
$GNRMC,080205.40,A,2756.98330,S,02449.82714,E,3.50,116.7,120826,,,R*79
$GNGGA,080205.60,2756.98339,S,02449.82734,E,4,18,0.7,93.965,M,28.000,M,1.0,0000*77
$GNGST,080205.60,0.012,0.015,0.011,32.1,0.011,0.013,0.021*76
$GNRMC,080205.60,A,2756.98339,S,02449.82734,E,3.50,116.7,120826,,,R*70
$GNGGA,080205.80,2756.98348,S,02449.82754,E,4,18,0.7,93.965,M,28.000,M,1.0,0000*79
$GNGST,080205.80,0.012,0.015,0.011,32.1,0.011,0.013,0.021*78
$GNRMC,080205.80,A,2756.98348,S,02449.82754,E,3.50,116.7,120826,,,R*7E
$GNGGA,080206.00,2756.98356,S,02449.82773,E,4,18,0.7,93.965,M,28.000,M,1.0,0000*78
$GNGST,080206.00,0.012,0.015,0.011,32.1,0.011,0.013,0.021*73
$GNRMC,080206.00,A,2756.98356,S,02449.82773,E,3.50,116.7,120826,,,R*7F
$GNGGA,080206.20,2756.98365,S,02449.82793,E,4,18,0.7,93.965,M,28.000,M,1.0,0000*74
$GNGST,080206.20,0.012,0.015,0.011,32.1,0.011,0.013,0.021*71
$GNRMC,080206.20,A,2756.98365,S,02449.82793,E,3.50,116.7,120826,,,R*73
$GNGGA,080206.40,2756.98374,S,02449.82813,E,4,18,0.7,93.966,M,28.000,M,1.0,0000*76
$GNGST,080206.40,0.012,0.015,0.011,32.1,0.011,0.013,0.021*77
$GNRMC,080206.40,A,2756.98374,S,02449.82813,E,3.50,116.7,120826,,,R*72
$GNGGA,080206.60,2756.98383,S,02449.82832,E,4,18,0.7,93.966,M,28.000,M,1.0,0000*7F
$GNGST,080206.60,0.012,0.015,0.011,32.1,0.011,0.013,0.021*75
$GNRMC,080206.60,A,2756.98383,S,02449.82832,E,3.50,116.7,120826,,,R*7B
$GNGGA,080206.80,2756.98392,S,02449.82852,E,4,18,0.7,93.966,M,28.000,M,1.0,0000*77
$GNGST,080206.80,0.012,0.015,0.011,32.1,0.011,0.013,0.021*7B
$GNRMC,080206.80,A,2756.98392,S,02449.82852,E,3.50,116.7,120826,,,R*73
$GNGGA,080207.00,2756.98400,S,02449.82872,E,4,18,0.7,93.966,M,28.000,M,1.0,0000*70
$GNGST,080207.00,0.012,0.015,0.011,32.1,0.011,0.013,0.021*72
$GNRMC,080207.00,A,2756.98400,S,02449.82872,E,3.50,116.7,120826,,,R*74
$GNGGA,080207.20,2756.98409,S,02449.82891,E,4,18,0.7,93.966,M,28.000,M,1.0,0000*76
$GNGST,080207.20,0.012,0.015,0.011,32.1,0.011,0.013,0.021*70
$GNRMC,080207.20,A,2756.98409,S,02449.82891,E,3.50,116.7,120826,,,R*72
$GNGGA,080207.40,2756.98418,S,02449.82911,E,4,18,0.7,93.966,M,28.000,M,1.0,0000*79
$GNGST,080207.40,0.012,0.015,0.011,32.1,0.011,0.013,0.021*76
$GNRMC,080207.40,A,2756.98418,S,02449.82911,E,3.50,116.7,120826,,,R*7D
$GNGGA,080207.60,2756.98427,S,02449.82931,E,4,18,0.7,93.967,M,28.000,M,1.0,0000*74
$GNGST,080207.60,0.012,0.015,0.011,32.1,0.011,0.013,0.021*74
$GNRMC,080207.60,A,2756.98427,S,02449.82931,E,3.50,116.7,120826,,,R*71
$GNGGA,080207.80,2756.98436,S,02449.82950,E,4,18,0.7,93.967,M,28.000,M,1.0,0000*7D
$GNGST,080207.80,0.012,0.015,0.011,32.1,0.011,0.013,0.021*7A
$GNRMC,080207.80,A,2756.98436,S,02449.82950,E,3.50,116.7,120826,,,R*78
$GNGGA,080208.00,2756.98444,S,02449.82970,E,4,18,0.7,93.967,M,28.000,M,1.0,0000*7D
$GNGST,080208.00,0.012,0.015,0.011,32.1,0.011,0.013,0.021*7D
$GNRMC,080208.00,A,2756.98444,S,02449.82970,E,3.50,116.7,120826,,,R*78
$GNGGA,080208.20,2756.98453,S,02449.82990,E,4,18,0.7,93.967,M,28.000,M,1.0,0000*77
$GNGST,080208.20,0.012,0.015,0.011,32.1,0.011,0.013,0.021*7F
$GNRMC,080208.20,A,2756.98453,S,02449.82990,E,3.50,116.7,120826,,,R*72
$GNGGA,080208.40,2756.98462,S,02449.83009,E,4,18,0.7,93.967,M,28.000,M,1.0,0000*7B
$GNGST,080208.40,0.012,0.015,0.011,32.1,0.011,0.013,0.021*79
$GNRMC,080208.40,A,2756.98462,S,02449.83009,E,3.50,116.7,120826,,,R*7E
$GNGGA,080208.60,2756.98471,S,02449.83029,E,4,18,0.7,93.967,M,28.000,M,1.0,0000*79
$GNGST,080208.60,0.012,0.015,0.011,32.1,0.011,0.013,0.021*7B
$GNRMC,080208.60,A,2756.98471,S,02449.83029,E,3.50,116.7,120826,,,R*7C
$GNGGA,080208.80,2756.98480,S,02449.83049,E,4,18,0.7,93.967,M,28.000,M,1.0,0000*7F
$GNGST,080208.80,0.012,0.015,0.011,32.1,0.011,0.013,0.021*75
$GNRMC,080208.80,A,2756.98480,S,02449.83049,E,3.50,116.7,120826,,,R*7A
$GNGGA,080209.00,2756.98488,S,02449.83068,E,4,18,0.7,93.967,M,28.000,M,1.0,0000*7D
$GNGST,080209.00,0.012,0.015,0.011,32.1,0.011,0.013,0.021*7C
$GNRMC,080209.00,A,2756.98488,S,02449.83068,E,3.50,116.7,120826,,,R*78
$GNGGA,080209.20,2756.98497,S,02449.83088,E,4,18,0.7,93.968,M,28.000,M,1.0,0000*70
$GNGST,080209.20,0.012,0.015,0.011,32.1,0.011,0.013,0.021*7E
$GNRMC,080209.20,A,2756.98497,S,02449.83088,E,3.50,116.7,120826,,,R*7A
$GNGGA,080209.40,2756.98506,S,02449.83108,E,4,18,0.7,93.968,M,28.000,M,1.0,0000*76
$GNGST,080209.40,0.012,0.015,0.011,32.1,0.011,0.013,0.021*78
$GNRMC,080209.40,A,2756.98506,S,02449.83108,E,3.50,116.7,120826,,,R*7C
$GNGGA,080209.60,2756.98515,S,02449.83127,E,4,18,0.7,93.968,M,28.000,M,1.0,0000*7B
$GNGST,080209.60,0.012,0.015,0.011,32.1,0.011,0.013,0.021*7A
$GNRMC,080209.60,A,2756.98515,S,02449.83127,E,3.50,116.7,120826,,,R*71
$GNGGA,080209.80,2756.98524,S,02449.83147,E,4,18,0.7,93.968,M,28.000,M,1.0,0000*71
$GNGST,080209.80,0.012,0.015,0.011,32.1,0.011,0.013,0.021*74
$GNRMC,080209.80,A,2756.98524,S,02449.83147,E,3.50,116.7,120826,,,R*7B
$GNGGA,080210.00,2756.98532,S,02449.83167,E,4,18,0.7,93.968,M,28.000,M,1.0,0000*74
$GNGST,080210.00,0.012,0.015,0.011,32.1,0.011,0.013,0.021*74
$GNRMC,080210.00,A,2756.98532,S,02449.83167,E,3.50,116.7,120826,,,R*7E
$GNGGA,080210.20,2756.98541,S,02449.83186,E,4,18,0.7,93.968,M,28.000,M,1.0,0000*7D
$GNGST,080210.20,0.012,0.015,0.011,32.1,0.011,0.013,0.021*76
$GNRMC,080210.20,A,2756.98541,S,02449.83186,E,3.50,116.7,120826,,,R*77
$GNGGA,080210.40,2756.98550,S,02449.83206,E,4,18,0.7,93.968,M,28.000,M,1.0,0000*70
$GNGST,080210.40,0.012,0.015,0.011,32.1,0.011,0.013,0.021*70
$GNRMC,080210.40,A,2756.98550,S,02449.83206,E,3.50,116.7,120826,,,R*7A
$GNGGA,080210.60,2756.98559,S,02449.83226,E,4,18,0.7,93.968,M,28.000,M,1.0,0000*79
$GNGST,080210.60,0.012,0.015,0.011,32.1,0.011,0.013,0.021*72
$GNRMC,080210.60,A,2756.98559,S,02449.83226,E,3.50,116.7,120826,,,R*73
$GNGGA,080210.80,2756.98568,S,02449.83245,E,4,18,0.7,93.968,M,28.000,M,1.0,0000*70
$GNGST,080210.80,0.012,0.015,0.011,32.1,0.011,0.013,0.021*7C
$GNRMC,080210.80,A,2756.98568,S,02449.83245,E,3.50,116.7,120826,,,R*7A
$GNGGA,080211.00,2756.98577,S,02449.83265,E,4,18,0.7,93.968,M,28.000,M,1.0,0000*75
$GNGST,080211.00,0.012,0.015,0.011,32.1,0.011,0.013,0.021*75
$GNRMC,080211.00,A,2756.98577,S,02449.83265,E,3.50,116.7,120826,,,R*7F
$GNGGA,080211.20,2756.98585,S,02449.83285,E,4,18,0.7,93.968,M,28.000,M,1.0,0000*74
$GNGST,080211.20,0.012,0.015,0.011,32.1,0.011,0.013,0.021*77
$GNRMC,080211.20,A,2756.98585,S,02449.83285,E,3.50,116.7,120826,,,R*7E
$GNGGA,080211.40,2756.98594,S,02449.83304,E,4,18,0.7,93.968,M,28.000,M,1.0,0000*7A
$GNGST,080211.40,0.012,0.015,0.011,32.1,0.011,0.013,0.021*71
$GNRMC,080211.40,A,2756.98594,S,02449.83304,E,3.50,116.7,120826,,,R*70
$GNGGA,080211.60,2756.98603,S,02449.83324,E,4,18,0.7,93.968,M,28.000,M,1.0,0000*77
$GNGST,080211.60,0.012,0.015,0.011,32.1,0.011,0.013,0.021*73
$GNRMC,080211.60,A,2756.98603,S,02449.83324,E,3.50,116.7,120826,,,R*7D
$GNGGA,080211.80,2756.98612,S,02449.83344,E,4,18,0.7,93.968,M,28.000,M,1.0,0000*7F
$GNGST,080211.80,0.012,0.015,0.011,32.1,0.011,0.013,0.021*7D
$GNRMC,080211.80,A,2756.98612,S,02449.83344,E,3.50,116.7,120826,,,R*75
$GNGGA,080212.00,2756.98621,S,02449.83363,E,4,18,0.7,93.968,M,28.000,M,1.0,0000*71
$GNGST,080212.00,0.012,0.015,0.011,32.1,0.011,0.013,0.021*76
$GNRMC,080212.00,A,2756.98621,S,02449.83363,E,3.50,116.7,120826,,,R*7B
$GNGGA,080212.20,2756.98629,S,02449.83383,E,4,18,0.7,93.969,M,28.000,M,1.0,0000*74
$GNGST,080212.20,0.012,0.015,0.011,32.1,0.011,0.013,0.021*74
$GNRMC,080212.20,A,2756.98629,S,02449.83383,E,3.50,116.7,120826,,,R*7F
$GNGGA,080212.40,2756.98638,S,02449.83403,E,4,18,0.7,93.969,M,28.000,M,1.0,0000*7D
$GNGST,080212.40,0.012,0.015,0.011,32.1,0.011,0.013,0.021*72
$GNRMC,080212.40,A,2756.98638,S,02449.83403,E,3.50,116.7,120826,,,R*76
$GNGGA,080212.60,2756.98647,S,02449.83422,E,4,18,0.7,93.969,M,28.000,M,1.0,0000*74
$GNGST,080212.60,0.012,0.015,0.011,32.1,0.011,0.013,0.021*70
$GNRMC,080212.60,A,2756.98647,S,02449.83422,E,3.50,116.7,120826,,,R*7F
$GNGGA,080212.80,2756.98656,S,02449.83442,E,4,18,0.7,93.969,M,28.000,M,1.0,0000*7C
$GNGST,080212.80,0.012,0.015,0.011,32.1,0.011,0.013,0.021*7E
$GNRMC,080212.80,A,2756.98656,S,02449.83442,E,3.50,116.7,120826,,,R*77
$GNGGA,080213.00,2756.98665,S,02449.83462,E,4,18,0.7,93.969,M,28.000,M,1.0,0000*77
$GNGST,080213.00,0.012,0.015,0.011,32.1,0.011,0.013,0.021*77
$GNRMC,080213.00,A,2756.98665,S,02449.83462,E,3.50,116.7,120826,,,R*7C
$GNGGA,080213.20,2756.98673,S,02449.83481,E,4,18,0.7,93.969,M,28.000,M,1.0,0000*7F
$GNGST,080213.20,0.012,0.015,0.011,32.1,0.011,0.013,0.021*75
$GNRMC,080213.20,A,2756.98673,S,02449.83481,E,3.50,116.7,120826,,,R*74
$GNGGA,080213.40,2756.98682,S,02449.83501,E,4,18,0.7,93.969,M,28.000,M,1.0,0000*7E
$GNGST,080213.40,0.012,0.015,0.011,32.1,0.011,0.013,0.021*73
$GNRMC,080213.40,A,2756.98682,S,02449.83501,E,3.50,116.7,120826,,,R*75
$GNGGA,080213.60,2756.98691,S,02449.83521,E,4,18,0.7,93.969,M,28.000,M,1.0,0000*7C
$GNGST,080213.60,0.012,0.015,0.011,32.1,0.011,0.013,0.021*71
$GNRMC,080213.60,A,2756.98691,S,02449.83521,E,3.50,116.7,120826,,,R*77
$GNGGA,080213.80,2756.98700,S,02449.83540,E,4,18,0.7,93.969,M,28.000,M,1.0,0000*7C
$GNGST,080213.80,0.012,0.015,0.011,32.1,0.011,0.013,0.021*7F
$GNRMC,080213.80,A,2756.98700,S,02449.83540,E,3.50,116.7,120826,,,R*77
$GNGGA,080214.00,2756.98709,S,02449.83560,E,4,18,0.7,93.969,M,28.000,M,1.0,0000*78
$GNGST,080214.00,0.012,0.015,0.011,32.1,0.011,0.013,0.021*70
$GNRMC,080214.00,A,2756.98709,S,02449.83560,E,3.50,116.7,120826,,,R*73
$GNGGA,080214.20,2756.98717,S,02449.83580,E,4,18,0.7,93.969,M,28.000,M,1.0,0000*7B
$GNGST,080214.20,0.012,0.015,0.011,32.1,0.011,0.013,0.021*72
$GNRMC,080214.20,A,2756.98717,S,02449.83580,E,3.50,116.7,120826,,,R*70
$GNGGA,080214.40,2756.98726,S,02449.83599,E,4,18,0.7,93.969,M,28.000,M,1.0,0000*77
$GNGST,080214.40,0.012,0.015,0.011,32.1,0.011,0.013,0.021*74
$GNRMC,080214.40,A,2756.98726,S,02449.83599,E,3.50,116.7,120826,,,R*7C
$GNGGA,080214.60,2756.98735,S,02449.83619,E,4,18,0.7,93.968,M,28.000,M,1.0,0000*7D
$GNGST,080214.60,0.012,0.015,0.011,32.1,0.011,0.013,0.021*76
$GNRMC,080214.60,A,2756.98735,S,02449.83619,E,3.50,116.7,120826,,,R*77
$GNGGA,080214.80,2756.98744,S,02449.83639,E,4,18,0.7,93.968,M,28.000,M,1.0,0000*77
$GNGST,080214.80,0.012,0.015,0.011,32.1,0.011,0.013,0.021*78
$GNRMC,080214.80,A,2756.98744,S,02449.83639,E,3.50,116.7,120826,,,R*7D
$GNGGA,080215.00,2756.98753,S,02449.83658,E,4,18,0.7,93.968,M,28.000,M,1.0,0000*7F
$GNGST,080215.00,0.012,0.015,0.011,32.1,0.011,0.013,0.021*71
$GNRMC,080215.00,A,2756.98753,S,02449.83658,E,3.50,116.7,120826,,,R*75
$GNGGA,080215.20,2756.98733,S,02449.83658,E,4,18,0.7,93.968,M,28.000,M,1.0,0000*7B
$GNGST,080215.20,0.012,0.015,0.011,32.1,0.011,0.013,0.021*73
$GNRMC,080215.20,A,2756.98733,S,02449.83658,E,3.50,0.0,120826,,,R*70
$GNGGA,080215.40,2756.98714,S,02449.83658,E,4,18,0.7,93.968,M,28.000,M,1.0,0000*78
$GNGST,080215.40,0.012,0.015,0.011,32.1,0.011,0.013,0.021*75
$GNRMC,080215.40,A,2756.98714,S,02449.83658,E,3.50,0.0,120826,,,R*73
$GNGGA,080215.60,2756.98694,S,02449.83658,E,4,18,0.7,93.968,M,28.000,M,1.0,0000*73
$GNGST,080215.60,0.012,0.015,0.011,32.1,0.011,0.013,0.021*77
$GNRMC,080215.60,A,2756.98694,S,02449.83658,E,3.50,0.0,120826,,,R*78
$GNGGA,080215.80,2756.98675,S,02449.83658,E,4,18,0.7,93.968,M,28.000,M,1.0,0000*72
$GNGST,080215.80,0.012,0.015,0.011,32.1,0.011,0.013,0.021*79
$GNRMC,080215.80,A,2756.98675,S,02449.83658,E,3.50,0.0,120826,,,R*79
$GNGGA,080216.00,2756.98655,S,02449.83658,E,4,18,0.7,93.968,M,28.000,M,1.0,0000*7B
$GNGST,080216.00,0.012,0.015,0.011,32.1,0.011,0.013,0.021*72
$GNRMC,080216.00,A,2756.98655,S,02449.83658,E,3.50,0.0,120826,,,R*70
$GNGGA,080216.20,2756.98636,S,02449.83658,E,4,18,0.7,93.968,M,28.000,M,1.0,0000*7C
$GNGST,080216.20,0.012,0.015,0.011,32.1,0.011,0.013,0.021*70
$GNRMC,080216.20,A,2756.98636,S,02449.83658,E,3.50,0.0,120826,,,R*77
$GNGGA,080216.40,2756.98616,S,02449.83658,E,4,18,0.7,93.968,M,28.000,M,1.0,0000*78
$GNGST,080216.40,0.012,0.015,0.011,32.1,0.011,0.013,0.021*76
$GNRMC,080216.40,A,2756.98616,S,02449.83658,E,3.50,0.0,120826,,,R*73
$GNGGA,080216.60,2756.98597,S,02449.83658,E,4,18,0.7,93.968,M,28.000,M,1.0,0000*70
$GNGST,080216.60,0.012,0.015,0.011,32.1,0.011,0.013,0.021*74
$GNRMC,080216.60,A,2756.98597,S,02449.83658,E,3.50,0.0,120826,,,R*7B
$GNGGA,080216.80,2756.98577,S,02449.83658,E,4,18,0.7,93.968,M,28.000,M,1.0,0000*70
$GNGST,080216.80,0.012,0.015,0.011,32.1,0.011,0.013,0.021*7A
$GNRMC,080216.80,A,2756.98577,S,02449.83658,E,3.50,0.0,120826,,,R*7B
$GNGGA,080217.00,2756.98558,S,02449.83658,E,4,18,0.7,93.969,M,28.000,M,1.0,0000*75
$GNGST,080217.00,0.012,0.015,0.011,32.1,0.011,0.013,0.021*73
$GNRMC,080217.00,A,2756.98558,S,02449.83658,E,3.50,0.0,120826,,,R*7F
$GNGGA,080217.20,2756.98538,S,02449.83658,E,4,18,0.7,93.969,M,28.000,M,1.0,0000*71
$GNGST,080217.20,0.012,0.015,0.011,32.1,0.011,0.013,0.021*71
$GNRMC,080217.20,A,2756.98538,S,02449.83658,E,3.50,0.0,120826,,,R*7B
$GNGGA,080217.40,2756.98519,S,02449.83658,E,4,18,0.7,93.969,M,28.000,M,1.0,0000*74
$GNGST,080217.40,0.012,0.015,0.011,32.1,0.011,0.013,0.021*77
$GNRMC,080217.40,A,2756.98519,S,02449.83658,E,3.50,0.0,120826,,,R*7E
$GNGGA,080217.60,2756.98499,S,02449.83658,E,4,18,0.7,93.969,M,28.000,M,1.0,0000*7F
$GNGST,080217.60,0.012,0.015,0.011,32.1,0.011,0.013,0.021*75
$GNRMC,080217.60,A,2756.98499,S,02449.83658,E,3.50,0.0,120826,,,R*75
$GNGGA,080217.80,2756.98480,S,02449.83658,E,4,18,0.7,93.969,M,28.000,M,1.0,0000*79
$GNGST,080217.80,0.012,0.015,0.011,32.1,0.011,0.013,0.021*7B
$GNRMC,080217.80,A,2756.98480,S,02449.83658,E,3.50,0.0,120826,,,R*73
$GNGGA,080218.00,2756.98460,S,02449.83658,E,4,18,0.7,93.969,M,28.000,M,1.0,0000*70
$GNGST,080218.00,0.012,0.015,0.011,32.1,0.011,0.013,0.021*7C
$GNRMC,080218.00,A,2756.98460,S,02449.83658,E,3.50,0.0,120826,,,R*7A
$GNGGA,080218.20,2756.98441,S,02449.83658,E,4,18,0.7,93.969,M,28.000,M,1.0,0000*71
$GNGST,080218.20,0.012,0.015,0.011,32.1,0.011,0.013,0.021*7E
$GNRMC,080218.20,A,2756.98441,S,02449.83658,E,3.50,0.0,120826,,,R*7B
$GNGGA,080218.40,2756.98421,S,02449.83658,E,4,18,0.7,93.969,M,28.000,M,1.0,0000*71
$GNGST,080218.40,0.012,0.015,0.011,32.1,0.011,0.013,0.021*78
$GNRMC,080218.40,A,2756.98421,S,02449.83658,E,3.50,0.0,120826,,,R*7B
$GNGGA,080218.60,2756.98402,S,02449.83658,E,4,18,0.7,93.969,M,28.000,M,1.0,0000*72
$GNGST,080218.60,0.012,0.015,0.011,32.1,0.011,0.013,0.021*7A
$GNRMC,080218.60,A,2756.98402,S,02449.83658,E,3.50,0.0,120826,,,R*78
$GNGGA,080218.80,2756.98382,S,02449.83658,E,4,18,0.7,93.969,M,28.000,M,1.0,0000*73
$GNGST,080218.80,0.012,0.015,0.011,32.1,0.011,0.013,0.021*74
$GNRMC,080218.80,A,2756.98382,S,02449.83658,E,3.50,0.0,120826,,,R*79
$GNGGA,080219.00,2756.98363,S,02449.83658,E,4,18,0.7,93.969,M,28.000,M,1.0,0000*75
$GNGST,080219.00,0.012,0.015,0.011,32.1,0.011,0.013,0.021*7D
$GNRMC,080219.00,A,2756.98363,S,02449.83658,E,3.50,0.0,120826,,,R*7F
$GNGGA,080219.20,2756.98343,S,02449.83658,E,4,18,0.7,93.969,M,28.000,M,1.0,0000*75
$GNGST,080219.20,0.012,0.015,0.011,32.1,0.011,0.013,0.021*7F
$GNRMC,080219.20,A,2756.98343,S,02449.83658,E,3.50,0.0,120826,,,R*7F
$GNGGA,080219.40,2756.98324,S,02449.83658,E,4,18,0.7,93.969,M,28.000,M,1.0,0000*72
$GNGST,080219.40,0.012,0.015,0.011,32.1,0.011,0.013,0.021*79
$GNRMC,080219.40,A,2756.98324,S,02449.83658,E,3.50,0.0,120826,,,R*78
$GNGGA,080219.60,2756.98304,S,02449.83658,E,4,18,0.7,93.969,M,28.000,M,1.0,0000*72
$GNGST,080219.60,0.012,0.015,0.011,32.1,0.011,0.013,0.021*7B
$GNRMC,080219.60,A,2756.98304,S,02449.83658,E,3.50,0.0,120826,,,R*78
$GNGGA,080219.80,2756.98285,S,02449.83658,E,4,18,0.7,93.969,M,28.000,M,1.0,0000*74
$GNGST,080219.80,0.012,0.015,0.011,32.1,0.011,0.013,0.021*75
$GNRMC,080219.80,A,2756.98285,S,02449.83658,E,3.50,0.0,120826,,,R*7E
$GNGGA,080220.00,2756.98265,S,02449.83658,E,4,18,0.7,93.969,M,28.000,M,1.0,0000*78
$GNGST,080220.00,0.012,0.015,0.011,32.1,0.011,0.013,0.021*77
$GNRMC,080220.00,A,2756.98265,S,02449.83658,E,3.50,0.0,120826,,,R*72
$GNGGA,080220.20,2756.98246,S,02449.83658,E,4,18,0.7,93.969,M,28.000,M,1.0,0000*7B
$GNGST,080220.20,0.012,0.015,0.011,32.1,0.011,0.013,0.021*75
$GNRMC,080220.20,A,2756.98246,S,02449.83658,E,3.50,0.0,120826,,,R*71
$GNGGA,080220.40,2756.98226,S,02449.83658,E,4,18,0.7,93.969,M,28.000,M,1.0,0000*7B
$GNGST,080220.40,0.012,0.015,0.011,32.1,0.011,0.013,0.021*73
$GNRMC,080220.40,A,2756.98226,S,02449.83658,E,3.50,0.0,120826,,,R*71
$GNGGA,080220.60,2756.98207,S,02449.83658,E,4,18,0.7,93.969,M,28.000,M,1.0,0000*7A
$GNGST,080220.60,0.012,0.015,0.011,32.1,0.011,0.013,0.021*71
$GNRMC,080220.60,A,2756.98207,S,02449.83658,E,3.50,0.0,120826,,,R*70
$GNGGA,080220.80,2756.98187,S,02449.83658,E,4,18,0.7,93.969,M,28.000,M,1.0,0000*7F
$GNGST,080220.80,0.012,0.015,0.011,32.1,0.011,0.013,0.021*7F
$GNRMC,080220.80,A,2756.98187,S,02449.83658,E,3.50,0.0,120826,,,R*75
$GNGGA,080221.00,2756.98168,S,02449.83658,E,4,18,0.7,93.969,M,28.000,M,1.0,0000*77
$GNGST,080221.00,0.012,0.015,0.011,32.1,0.011,0.013,0.021*76
$GNRMC,080221.00,A,2756.98168,S,02449.83658,E,3.50,0.0,120826,,,R*7D
$GNGGA,080221.20,2756.98148,S,02449.83658,E,4,18,0.7,93.970,M,28.000,M,1.0,0000*7F
$GNGST,080221.20,0.012,0.015,0.011,32.1,0.011,0.013,0.021*74
$GNRMC,080221.20,A,2756.98148,S,02449.83658,E,3.50,0.0,120826,,,R*7D
$GNGGA,080221.40,2756.98129,S,02449.83658,E,4,18,0.7,93.970,M,28.000,M,1.0,0000*7E
$GNGST,080221.40,0.012,0.015,0.011,32.1,0.011,0.013,0.021*72
$GNRMC,080221.40,A,2756.98129,S,02449.83658,E,3.50,0.0,120826,,,R*7C
$GNGGA,080221.60,2756.98109,S,02449.83658,E,4,18,0.7,93.970,M,28.000,M,1.0,0000*7E
$GNGST,080221.60,0.012,0.015,0.011,32.1,0.011,0.013,0.021*70
$GNRMC,080221.60,A,2756.98109,S,02449.83658,E,3.50,0.0,120826,,,R*7C
$GNGGA,080221.80,2756.98090,S,02449.83658,E,4,18,0.7,93.970,M,28.000,M,1.0,0000*71
$GNGST,080221.80,0.012,0.015,0.011,32.1,0.011,0.013,0.021*7E
$GNRMC,080221.80,A,2756.98090,S,02449.83658,E,3.50,0.0,120826,,,R*73
$GNGGA,080222.00,2756.98070,S,02449.83658,E,4,18,0.7,93.970,M,28.000,M,1.0,0000*74
$GNGST,080222.00,0.012,0.015,0.011,32.1,0.011,0.013,0.021*75
$GNRMC,080222.00,A,2756.98070,S,02449.83658,E,3.50,0.0,120826,,,R*76
$GNGGA,080222.20,2756.98051,S,02449.83658,E,4,18,0.7,93.970,M,28.000,M,1.0,0000*75
$GNGST,080222.20,0.012,0.015,0.011,32.1,0.011,0.013,0.021*77
$GNRMC,080222.20,A,2756.98051,S,02449.83658,E,3.50,0.0,120826,,,R*77
$GNGGA,080222.40,2756.98031,S,02449.83658,E,4,18,0.7,93.970,M,28.000,M,1.0,0000*75
$GNGST,080222.40,0.012,0.015,0.011,32.1,0.011,0.013,0.021*71
$GNRMC,080222.40,A,2756.98031,S,02449.83658,E,3.50,0.0,120826,,,R*77
$GNGGA,080222.60,2756.98012,S,02449.83658,E,4,18,0.7,93.970,M,28.000,M,1.0,0000*76
$GNGST,080222.60,0.012,0.015,0.011,32.1,0.011,0.013,0.021*73
$GNRMC,080222.60,A,2756.98012,S,02449.83658,E,3.50,0.0,120826,,,R*74
$GNGGA,080222.80,2756.97992,S,02449.83658,E,4,18,0.7,93.970,M,28.000,M,1.0,0000*76
$GNGST,080222.80,0.012,0.015,0.011,32.1,0.011,0.013,0.021*7D
$GNRMC,080222.80,A,2756.97992,S,02449.83658,E,3.50,0.0,120826,,,R*74
$GNGGA,080223.00,2756.97973,S,02449.83658,E,4,18,0.7,93.970,M,28.000,M,1.0,0000*70
$GNGST,080223.00,0.012,0.015,0.011,32.1,0.011,0.013,0.021*74
$GNRMC,080223.00,A,2756.97973,S,02449.83658,E,3.50,0.0,120826,,,R*72
$GNGGA,080223.20,2756.97953,S,02449.83658,E,4,18,0.7,93.971,M,28.000,M,1.0,0000*71
$GNGST,080223.20,0.012,0.015,0.011,32.1,0.011,0.013,0.021*76
$GNRMC,080223.20,A,2756.97953,S,02449.83658,E,3.50,0.0,120826,,,R*72
$GNGGA,080223.40,2756.97934,S,02449.83658,E,4,18,0.7,93.971,M,28.000,M,1.0,0000*76
$GNGST,080223.40,0.012,0.015,0.011,32.1,0.011,0.013,0.021*70
$GNRMC,080223.40,A,2756.97934,S,02449.83658,E,3.50,0.0,120826,,,R*75
$GNGGA,080223.60,2756.97914,S,02449.83658,E,4,18,0.7,93.971,M,28.000,M,1.0,0000*76
$GNGST,080223.60,0.012,0.015,0.011,32.1,0.011,0.013,0.021*72
$GNRMC,080223.60,A,2756.97914,S,02449.83658,E,3.50,0.0,120826,,,R*75
$GNGGA,080223.80,2756.97895,S,02449.83658,E,4,18,0.7,93.971,M,28.000,M,1.0,0000*70
$GNGST,080223.80,0.012,0.015,0.011,32.1,0.011,0.013,0.021*7C
$GNRMC,080223.80,A,2756.97895,S,02449.83658,E,3.50,0.0,120826,,,R*73
$GNGGA,080224.00,2756.97875,S,02449.83658,E,4,18,0.7,93.971,M,28.000,M,1.0,0000*71
$GNGST,080224.00,0.012,0.015,0.011,32.1,0.011,0.013,0.021*73
$GNRMC,080224.00,A,2756.97875,S,02449.83658,E,3.50,0.0,120826,,,R*72
$GNGGA,080224.20,2756.97856,S,02449.83658,E,4,18,0.7,93.971,M,28.000,M,1.0,0000*72
$GNGST,080224.20,0.012,0.015,0.011,32.1,0.011,0.013,0.021*71
$GNRMC,080224.20,A,2756.97856,S,02449.83658,E,3.50,0.0,120826,,,R*71
$GNGGA,080224.40,2756.97836,S,02449.83658,E,4,18,0.7,93.971,M,28.000,M,1.0,0000*72
$GNGST,080224.40,0.012,0.015,0.011,32.1,0.011,0.013,0.021*77
$GNRMC,080224.40,A,2756.97836,S,02449.83658,E,3.50,0.0,120826,,,R*71
$GNGGA,080224.60,2756.97817,S,02449.83658,E,4,18,0.7,93.972,M,28.000,M,1.0,0000*70
$GNGST,080224.60,0.012,0.015,0.011,32.1,0.011,0.013,0.021*75
$GNRMC,080224.60,A,2756.97817,S,02449.83658,E,3.50,0.0,120826,,,R*70
$GNGGA,080224.80,2756.97797,S,02449.83658,E,4,18,0.7,93.972,M,28.000,M,1.0,0000*79
$GNGST,080224.80,0.012,0.015,0.011,32.1,0.011,0.013,0.021*7B
$GNRMC,080224.80,A,2756.97797,S,02449.83658,E,3.50,0.0,120826,,,R*79
$GNGGA,080225.00,2756.97778,S,02449.83658,E,4,18,0.7,93.972,M,28.000,M,1.0,0000*71
$GNGST,080225.00,0.012,0.015,0.011,32.1,0.011,0.013,0.021*72
$GNRMC,080225.00,A,2756.97778,S,02449.83658,E,3.50,0.0,120826,,,R*71
$GNGGA,080225.20,2756.97758,S,02449.83658,E,4,18,0.7,93.972,M,28.000,M,1.0,0000*71
$GNGST,080225.20,0.012,0.015,0.011,32.1,0.011,0.013,0.021*70
$GNRMC,080225.20,A,2756.97758,S,02449.83658,E,3.50,0.0,120826,,,R*71
$GNGGA,080225.40,2756.97739,S,02449.83658,E,4,18,0.7,93.972,M,28.000,M,1.0,0000*70
$GNGST,080225.40,0.012,0.015,0.011,32.1,0.011,0.013,0.021*76
$GNRMC,080225.40,A,2756.97739,S,02449.83658,E,3.50,0.0,120826,,,R*70
$GNGGA,080225.60,2756.97720,S,02449.83658,E,4,18,0.7,93.972,M,28.000,M,1.0,0000*7A
$GNGST,080225.60,0.012,0.015,0.011,32.1,0.011,0.013,0.021*74
$GNRMC,080225.60,A,2756.97720,S,02449.83658,E,3.50,0.0,120826,,,R*7A
$GNGGA,080225.80,2756.97700,S,02449.83658,E,4,18,0.7,93.973,M,28.000,M,1.0,0000*77
$GNGST,080225.80,0.012,0.015,0.011,32.1,0.011,0.013,0.021*7A
$GNRMC,080225.80,A,2756.97700,S,02449.83658,E,3.50,0.0,120826,,,R*76
$GNGGA,080226.00,2756.97681,S,02449.83658,E,4,18,0.7,93.973,M,28.000,M,1.0,0000*74
$GNGST,080226.00,0.012,0.015,0.011,32.1,0.011,0.013,0.021*71
$GNRMC,080226.00,A,2756.97681,S,02449.83658,E,3.50,0.0,120826,,,R*75
$GNGGA,080226.20,2756.97661,S,02449.83658,E,4,18,0.7,93.973,M,28.000,M,1.0,0000*78
$GNGST,080226.20,0.012,0.015,0.011,32.1,0.011,0.013,0.021*73
$GNRMC,080226.20,A,2756.97661,S,02449.83658,E,3.50,0.0,120826,,,R*79
$GNGGA,080226.40,2756.97642,S,02449.83658,E,4,18,0.7,93.973,M,28.000,M,1.0,0000*7F
$GNGST,080226.40,0.012,0.015,0.011,32.1,0.011,0.013,0.021*75
$GNRMC,080226.40,A,2756.97642,S,02449.83658,E,3.50,0.0,120826,,,R*7E
$GNGGA,080226.60,2756.97622,S,02449.83658,E,4,18,0.7,93.973,M,28.000,M,1.0,0000*7B
$GNGST,080226.60,0.012,0.015,0.011,32.1,0.011,0.013,0.021*77
$GNRMC,080226.60,A,2756.97622,S,02449.83658,E,3.50,0.0,120826,,,R*7A
$GNGGA,080226.80,2756.97603,S,02449.83658,E,4,18,0.7,93.974,M,28.000,M,1.0,0000*71
$GNGST,080226.80,0.012,0.015,0.011,32.1,0.011,0.013,0.021*79
$GNRMC,080226.80,A,2756.97603,S,02449.83658,E,3.50,0.0,120826,,,R*77
$GNGGA,080227.00,2756.97583,S,02449.83658,E,4,18,0.7,93.974,M,28.000,M,1.0,0000*73
$GNGST,080227.00,0.012,0.015,0.011,32.1,0.011,0.013,0.021*70
$GNRMC,080227.00,A,2756.97583,S,02449.83658,E,3.50,0.0,120826,,,R*75
$GNGGA,080227.20,2756.97564,S,02449.83658,E,4,18,0.7,93.974,M,28.000,M,1.0,0000*78
$GNGST,080227.20,0.012,0.015,0.011,32.1,0.011,0.013,0.021*72
$GNRMC,080227.20,A,2756.97564,S,02449.83658,E,3.50,0.0,120826,,,R*7E
$GNGGA,080227.40,2756.97544,S,02449.83658,E,4,18,0.7,93.974,M,28.000,M,1.0,0000*7C
$GNGST,080227.40,0.012,0.015,0.011,32.1,0.011,0.013,0.021*74
$GNRMC,080227.40,A,2756.97544,S,02449.83658,E,3.50,0.0,120826,,,R*7A
$GNGGA,080227.60,2756.97525,S,02449.83658,E,4,18,0.7,93.975,M,28.000,M,1.0,0000*78
$GNGST,080227.60,0.012,0.015,0.011,32.1,0.011,0.013,0.021*76
$GNRMC,080227.60,A,2756.97525,S,02449.83658,E,3.50,0.0,120826,,,R*7F
$GNGGA,080227.80,2756.97505,S,02449.83658,E,4,18,0.7,93.975,M,28.000,M,1.0,0000*74
$GNGST,080227.80,0.012,0.015,0.011,32.1,0.011,0.013,0.021*78
$GNRMC,080227.80,A,2756.97505,S,02449.83658,E,3.50,0.0,120826,,,R*73
$GNGGA,080228.00,2756.97486,S,02449.83658,E,4,18,0.7,93.975,M,28.000,M,1.0,0000*79
$GNGST,080228.00,0.012,0.015,0.011,32.1,0.011,0.013,0.021*7F
$GNRMC,080228.00,A,2756.97486,S,02449.83658,E,3.50,0.0,120826,,,R*7E
$GNGGA,080228.20,2756.97466,S,02449.83658,E,4,18,0.7,93.975,M,28.000,M,1.0,0000*75
$GNGST,080228.20,0.012,0.015,0.011,32.1,0.011,0.013,0.021*7D
$GNRMC,080228.20,A,2756.97466,S,02449.83658,E,3.50,0.0,120826,,,R*72
$GNGGA,080228.40,2756.97447,S,02449.83658,E,4,18,0.7,93.976,M,28.000,M,1.0,0000*73
$GNGST,080228.40,0.012,0.015,0.011,32.1,0.011,0.013,0.021*7B
$GNRMC,080228.40,A,2756.97447,S,02449.83658,E,3.50,0.0,120826,,,R*77
$GNGGA,080228.60,2756.97427,S,02449.83658,E,4,18,0.7,93.976,M,28.000,M,1.0,0000*77
$GNGST,080228.60,0.012,0.015,0.011,32.1,0.011,0.013,0.021*79
$GNRMC,080228.60,A,2756.97427,S,02449.83658,E,3.50,0.0,120826,,,R*73
$GNGGA,080228.80,2756.97408,S,02449.83658,E,4,18,0.7,93.976,M,28.000,M,1.0,0000*74
$GNGST,080228.80,0.012,0.015,0.011,32.1,0.011,0.013,0.021*77
$GNRMC,080228.80,A,2756.97408,S,02449.83658,E,3.50,0.0,120826,,,R*70
$GNGGA,080229.00,2756.97388,S,02449.83658,E,4,18,0.7,93.976,M,28.000,M,1.0,0000*72
$GNGST,080229.00,0.012,0.015,0.011,32.1,0.011,0.013,0.021*7E
$GNRMC,080229.00,A,2756.97388,S,02449.83658,E,3.50,0.0,120826,,,R*76
$GNGGA,080229.20,2756.97369,S,02449.83658,E,4,18,0.7,93.977,M,28.000,M,1.0,0000*7E
$GNGST,080229.20,0.012,0.015,0.011,32.1,0.011,0.013,0.021*7C
$GNRMC,080229.20,A,2756.97369,S,02449.83658,E,3.50,0.0,120826,,,R*7B
$GNGGA,080229.40,2756.97349,S,02449.83658,E,4,18,0.7,93.977,M,28.000,M,1.0,0000*7A
$GNGST,080229.40,0.012,0.015,0.011,32.1,0.011,0.013,0.021*7A
$GNRMC,080229.40,A,2756.97349,S,02449.83658,E,3.50,0.0,120826,,,R*7F
$GNGGA,080229.60,2756.97330,S,02449.83658,E,4,18,0.7,93.977,M,28.000,M,1.0,0000*76
$GNGST,080229.60,0.012,0.015,0.011,32.1,0.011,0.013,0.021*78
$GNRMC,080229.60,A,2756.97330,S,02449.83658,E,3.50,0.0,120826,,,R*73
$GNGGA,080229.80,2756.97310,S,02449.83658,E,4,18,0.7,93.978,M,28.000,M,1.0,0000*75
$GNGST,080229.80,0.012,0.015,0.011,32.1,0.011,0.013,0.021*76
$GNRMC,080229.80,A,2756.97310,S,02449.83658,E,3.50,0.0,120826,,,R*7F
$GNGGA,080230.00,2756.97291,S,02449.83658,E,4,18,0.7,93.978,M,28.000,M,1.0,0000*7D
$GNGST,080230.00,0.012,0.015,0.011,32.1,0.011,0.013,0.021*76
$GNRMC,080230.00,A,2756.97291,S,02449.83658,E,3.50,0.0,120826,,,R*77
$GNGGA,080230.20,2756.97271,S,02449.83658,E,4,18,0.7,93.978,M,28.000,M,1.0,0000*71
$GNGST,080230.20,0.012,0.015,0.011,32.1,0.011,0.013,0.021*74
$GNRMC,080230.20,A,2756.97271,S,02449.83658,E,3.50,0.0,120826,,,R*7B
$GNGGA,080230.40,2756.97252,S,02449.83658,E,4,18,0.7,93.978,M,28.000,M,1.0,0000*76
$GNGST,080230.40,0.012,0.015,0.011,32.1,0.011,0.013,0.021*72
$GNRMC,080230.40,A,2756.97252,S,02449.83658,E,3.50,0.0,120826,,,R*7C
$GNGGA,080230.60,2756.97232,S,02449.83658,E,4,18,0.7,93.979,M,28.000,M,1.0,0000*73
$GNGST,080230.60,0.012,0.015,0.011,32.1,0.011,0.013,0.021*70
$GNRMC,080230.60,A,2756.97232,S,02449.83658,E,3.50,0.0,120826,,,R*78
$GNGGA,080230.80,2756.97213,S,02449.83658,E,4,18,0.7,93.979,M,28.000,M,1.0,0000*7E
$GNGST,080230.80,0.012,0.015,0.011,32.1,0.011,0.013,0.021*7E
$GNRMC,080230.80,A,2756.97213,S,02449.83658,E,3.50,0.0,120826,,,R*75
$GNGGA,080231.00,2756.97193,S,02449.83658,E,4,18,0.7,93.979,M,28.000,M,1.0,0000*7C
$GNGST,080231.00,0.012,0.015,0.011,32.1,0.011,0.013,0.021*77
$GNRMC,080231.00,A,2756.97193,S,02449.83658,E,3.50,0.0,120826,,,R*77
$GNGGA,080231.20,2756.97174,S,02449.83658,E,4,18,0.7,93.980,M,28.000,M,1.0,0000*71
$GNGST,080231.20,0.012,0.015,0.011,32.1,0.011,0.013,0.021*75
$GNRMC,080231.20,A,2756.97174,S,02449.83658,E,3.50,0.0,120826,,,R*7C
$GNGGA,080231.40,2756.97154,S,02449.83658,E,4,18,0.7,93.980,M,28.000,M,1.0,0000*75
$GNGST,080231.40,0.012,0.015,0.011,32.1,0.011,0.013,0.021*73
$GNRMC,080231.40,A,2756.97154,S,02449.83658,E,3.50,0.0,120826,,,R*78
$GNGGA,080231.60,2756.97135,S,02449.83658,E,4,18,0.7,93.980,M,28.000,M,1.0,0000*70
$GNGST,080231.60,0.012,0.015,0.011,32.1,0.011,0.013,0.021*71
$GNRMC,080231.60,A,2756.97135,S,02449.83658,E,3.50,0.0,120826,,,R*7D
$GNGGA,080231.80,2756.97115,S,02449.83658,E,4,18,0.7,93.981,M,28.000,M,1.0,0000*7D
$GNGST,080231.80,0.012,0.015,0.011,32.1,0.011,0.013,0.021*7F
$GNRMC,080231.80,A,2756.97115,S,02449.83658,E,3.50,0.0,120826,,,R*71
$GNGGA,080232.00,2756.97096,S,02449.83658,E,4,18,0.7,93.981,M,28.000,M,1.0,0000*7C
$GNGST,080232.00,0.012,0.015,0.011,32.1,0.011,0.013,0.021*74
$GNRMC,080232.00,A,2756.97096,S,02449.83658,E,3.50,0.0,120826,,,R*70
$GNGGA,080232.20,2756.97076,S,02449.83658,E,4,18,0.7,93.982,M,28.000,M,1.0,0000*73
$GNGST,080232.20,0.012,0.015,0.011,32.1,0.011,0.013,0.021*76
$GNRMC,080232.20,A,2756.97076,S,02449.83658,E,3.50,0.0,120826,,,R*7C
$GNGGA,080232.40,2756.97057,S,02449.83658,E,4,18,0.7,93.982,M,28.000,M,1.0,0000*76
$GNGST,080232.40,0.012,0.015,0.011,32.1,0.011,0.013,0.021*70
$GNRMC,080232.40,A,2756.97057,S,02449.83658,E,3.50,0.0,120826,,,R*79
$GNGGA,080232.60,2756.97037,S,02449.83658,E,4,18,0.7,93.982,M,28.000,M,1.0,0000*72
$GNGST,080232.60,0.012,0.015,0.011,32.1,0.011,0.013,0.021*72
$GNRMC,080232.60,A,2756.97037,S,02449.83658,E,3.50,0.0,120826,,,R*7D
$GNGGA,080232.80,2756.97018,S,02449.83658,E,4,18,0.7,93.983,M,28.000,M,1.0,0000*70
$GNGST,080232.80,0.012,0.015,0.011,32.1,0.011,0.013,0.021*7C
$GNRMC,080232.80,A,2756.97018,S,02449.83658,E,3.50,0.0,120826,,,R*7E
$GNGGA,080233.00,2756.96998,S,02449.83658,E,4,18,0.7,93.983,M,28.000,M,1.0,0000*79
$GNGST,080233.00,0.012,0.015,0.011,32.1,0.011,0.013,0.021*75
$GNRMC,080233.00,A,2756.96998,S,02449.83658,E,3.50,0.0,120826,,,R*77
$GNGGA,080233.20,2756.96979,S,02449.83658,E,4,18,0.7,93.984,M,28.000,M,1.0,0000*73
$GNGST,080233.20,0.012,0.015,0.011,32.1,0.011,0.013,0.021*77
$GNRMC,080233.20,A,2756.96979,S,02449.83658,E,3.50,0.0,120826,,,R*7A
$GNGGA,080233.40,2756.96959,S,02449.83658,E,4,18,0.7,93.984,M,28.000,M,1.0,0000*77
$GNGST,080233.40,0.012,0.015,0.011,32.1,0.011,0.013,0.021*71
$GNRMC,080233.40,A,2756.96959,S,02449.83658,E,3.50,0.0,120826,,,R*7E
$GNGGA,080233.60,2756.96940,S,02449.83658,E,4,18,0.7,93.984,M,28.000,M,1.0,0000*7D
$GNGST,080233.60,0.012,0.015,0.011,32.1,0.011,0.013,0.021*73
$GNRMC,080233.60,A,2756.96940,S,02449.83658,E,3.50,0.0,120826,,,R*74
$GNGGA,080233.80,2756.96920,S,02449.83658,E,4,18,0.7,93.985,M,28.000,M,1.0,0000*74
$GNGST,080233.80,0.012,0.015,0.011,32.1,0.011,0.013,0.021*7D
$GNRMC,080233.80,A,2756.96920,S,02449.83658,E,3.50,0.0,120826,,,R*7C
$GNGGA,080234.00,2756.96901,S,02449.83658,E,4,18,0.7,93.985,M,28.000,M,1.0,0000*78
$GNGST,080234.00,0.012,0.015,0.011,32.1,0.011,0.013,0.021*72
$GNRMC,080234.00,A,2756.96901,S,02449.83658,E,3.50,0.0,120826,,,R*70
$GNGGA,080234.20,2756.96881,S,02449.83658,E,4,18,0.7,93.986,M,28.000,M,1.0,0000*70
$GNGST,080234.20,0.012,0.015,0.011,32.1,0.011,0.013,0.021*70
$GNRMC,080234.20,A,2756.96881,S,02449.83658,E,3.50,0.0,120826,,,R*7B
$GNGGA,080234.40,2756.96862,S,02449.83658,E,4,18,0.7,93.986,M,28.000,M,1.0,0000*7B
$GNGST,080234.40,0.012,0.015,0.011,32.1,0.011,0.013,0.021*76
$GNRMC,080234.40,A,2756.96862,S,02449.83658,E,3.50,0.0,120826,,,R*70
$GNGGA,080234.60,2756.96842,S,02449.83658,E,4,18,0.7,93.987,M,28.000,M,1.0,0000*7A
$GNGST,080234.60,0.012,0.015,0.011,32.1,0.011,0.013,0.021*74
$GNRMC,080234.60,A,2756.96842,S,02449.83658,E,3.50,0.0,120826,,,R*70
$GNGGA,080234.80,2756.96823,S,02449.83658,E,4,18,0.7,93.987,M,28.000,M,1.0,0000*73
$GNGST,080234.80,0.012,0.015,0.011,32.1,0.011,0.013,0.021*7A
$GNRMC,080234.80,A,2756.96823,S,02449.83658,E,3.50,0.0,120826,,,R*79
$GNGGA,080235.00,2756.96803,S,02449.83658,E,4,18,0.7,93.987,M,28.000,M,1.0,0000*78
$GNGST,080235.00,0.012,0.015,0.011,32.1,0.011,0.013,0.021*73
$GNRMC,080235.00,A,2756.96803,S,02449.83658,E,3.50,0.0,120826,,,R*72
$GNGGA,080235.20,2756.96784,S,02449.83658,E,4,18,0.7,93.988,M,28.000,M,1.0,0000*75
$GNGST,080235.20,0.012,0.015,0.011,32.1,0.011,0.013,0.021*71
$GNRMC,080235.20,A,2756.96784,S,02449.83658,E,3.50,0.0,120826,,,R*70
$GNGGA,080235.40,2756.96764,S,02449.83658,E,4,18,0.7,93.988,M,28.000,M,1.0,0000*7D
$GNGST,080235.40,0.012,0.015,0.011,32.1,0.011,0.013,0.021*77
$GNRMC,080235.40,A,2756.96764,S,02449.83658,E,3.50,0.0,120826,,,R*78
$GNGGA,080235.60,2756.96745,S,02449.83658,E,4,18,0.7,93.989,M,28.000,M,1.0,0000*7D
$GNGST,080235.60,0.012,0.015,0.011,32.1,0.011,0.013,0.021*75
$GNRMC,080235.60,A,2756.96745,S,02449.83658,E,3.50,0.0,120826,,,R*79
$GNGGA,080235.80,2756.96725,S,02449.83658,E,4,18,0.7,93.989,M,28.000,M,1.0,0000*75
$GNGST,080235.80,0.012,0.015,0.011,32.1,0.011,0.013,0.021*7B
$GNRMC,080235.80,A,2756.96725,S,02449.83658,E,3.50,0.0,120826,,,R*71
$GNGGA,080236.00,2756.96706,S,02449.83658,E,4,18,0.7,93.990,M,28.000,M,1.0,0000*77
$GNGST,080236.00,0.012,0.015,0.011,32.1,0.011,0.013,0.021*70
$GNRMC,080236.00,A,2756.96706,S,02449.83658,E,3.50,0.0,120826,,,R*7B
$GNGGA,080236.20,2756.96686,S,02449.83658,E,4,18,0.7,93.990,M,28.000,M,1.0,0000*7C
$GNGST,080236.20,0.012,0.015,0.011,32.1,0.011,0.013,0.021*72
$GNRMC,080236.20,A,2756.96686,S,02449.83658,E,3.50,0.0,120826,,,R*70
$GNGGA,080236.40,2756.96667,S,02449.83658,E,4,18,0.7,93.991,M,28.000,M,1.0,0000*74
$GNGST,080236.40,0.012,0.015,0.011,32.1,0.011,0.013,0.021*74
$GNRMC,080236.40,A,2756.96667,S,02449.83658,E,3.50,0.0,120826,,,R*79
$GNGGA,080236.60,2756.96647,S,02449.83658,E,4,18,0.7,93.991,M,28.000,M,1.0,0000*74
$GNGST,080236.60,0.012,0.015,0.011,32.1,0.011,0.013,0.021*76
$GNRMC,080236.60,A,2756.96647,S,02449.83658,E,3.50,0.0,120826,,,R*79
$GNGGA,080236.80,2756.96628,S,02449.83658,E,4,18,0.7,93.992,M,28.000,M,1.0,0000*70
$GNGST,080236.80,0.012,0.015,0.011,32.1,0.011,0.013,0.021*78
$GNRMC,080236.80,A,2756.96628,S,02449.83658,E,3.50,0.0,120826,,,R*7E
$GNGGA,080237.00,2756.96609,S,02449.83658,E,4,18,0.7,93.992,M,28.000,M,1.0,0000*7A
$GNGST,080237.00,0.012,0.015,0.011,32.1,0.011,0.013,0.021*71
$GNRMC,080237.00,A,2756.96609,S,02449.83658,E,3.50,0.0,120826,,,R*74
$GNGGA,080237.20,2756.96589,S,02449.83658,E,4,18,0.7,93.993,M,28.000,M,1.0,0000*72
$GNGST,080237.20,0.012,0.015,0.011,32.1,0.011,0.013,0.021*73
$GNRMC,080237.20,A,2756.96589,S,02449.83658,E,3.50,0.0,120826,,,R*7D
$GNGGA,080237.40,2756.96570,S,02449.83658,E,4,18,0.7,93.993,M,28.000,M,1.0,0000*72
$GNGST,080237.40,0.012,0.015,0.011,32.1,0.011,0.013,0.021*75
$GNRMC,080237.40,A,2756.96570,S,02449.83658,E,3.50,0.0,120826,,,R*7D
$GNGGA,080237.60,2756.96550,S,02449.83658,E,4,18,0.7,93.994,M,28.000,M,1.0,0000*75
$GNGST,080237.60,0.012,0.015,0.011,32.1,0.011,0.013,0.021*77
$GNRMC,080237.60,A,2756.96550,S,02449.83658,E,3.50,0.0,120826,,,R*7D
$GNGGA,080237.80,2756.96531,S,02449.83658,E,4,18,0.7,93.994,M,28.000,M,1.0,0000*7C
$GNGST,080237.80,0.012,0.015,0.011,32.1,0.011,0.013,0.021*79
$GNRMC,080237.80,A,2756.96531,S,02449.83658,E,3.50,0.0,120826,,,R*74
$GNGGA,080238.00,2756.96511,S,02449.83658,E,4,18,0.7,93.995,M,28.000,M,1.0,0000*78
$GNGST,080238.00,0.012,0.015,0.011,32.1,0.011,0.013,0.021*7E
$GNRMC,080238.00,A,2756.96511,S,02449.83658,E,3.50,0.0,120826,,,R*71
$GNGGA,080238.20,2756.96492,S,02449.83658,E,4,18,0.7,93.995,M,28.000,M,1.0,0000*70
$GNGST,080238.20,0.012,0.015,0.011,32.1,0.011,0.013,0.021*7C
$GNRMC,080238.20,A,2756.96492,S,02449.83658,E,3.50,0.0,120826,,,R*79
$GNGGA,080238.40,2756.96472,S,02449.83658,E,4,18,0.7,93.996,M,28.000,M,1.0,0000*7B
$GNGST,080238.40,0.012,0.015,0.011,32.1,0.011,0.013,0.021*7A
$GNRMC,080238.40,A,2756.96472,S,02449.83658,E,3.50,0.0,120826,,,R*71
$GNGGA,080238.60,2756.96453,S,02449.83658,E,4,18,0.7,93.996,M,28.000,M,1.0,0000*7A
$GNGST,080238.60,0.012,0.015,0.011,32.1,0.011,0.013,0.021*78
$GNRMC,080238.60,A,2756.96453,S,02449.83658,E,3.50,0.0,120826,,,R*70
$GNGGA,080238.80,2756.96433,S,02449.83658,E,4,18,0.7,93.997,M,28.000,M,1.0,0000*73
$GNGST,080238.80,0.012,0.015,0.011,32.1,0.011,0.013,0.021*76
$GNRMC,080238.80,A,2756.96433,S,02449.83658,E,3.50,0.0,120826,,,R*78
$GNGGA,080239.00,2756.96414,S,02449.83658,E,4,18,0.7,93.998,M,28.000,M,1.0,0000*70
$GNGST,080239.00,0.012,0.015,0.011,32.1,0.011,0.013,0.021*7F
$GNRMC,080239.00,A,2756.96414,S,02449.83658,E,3.50,0.0,120826,,,R*74
$GNGGA,080239.20,2756.96394,S,02449.83658,E,4,18,0.7,93.998,M,28.000,M,1.0,0000*7D
$GNGST,080239.20,0.012,0.015,0.011,32.1,0.011,0.013,0.021*7D
$GNRMC,080239.20,A,2756.96394,S,02449.83658,E,3.50,0.0,120826,,,R*79
$GNGGA,080239.40,2756.96375,S,02449.83658,E,4,18,0.7,93.999,M,28.000,M,1.0,0000*75
$GNGST,080239.40,0.012,0.015,0.011,32.1,0.011,0.013,0.021*7B
$GNRMC,080239.40,A,2756.96375,S,02449.83658,E,3.50,0.0,120826,,,R*70
$GNGGA,080239.60,2756.96355,S,02449.83658,E,4,18,0.7,93.999,M,28.000,M,1.0,0000*75
$GNGST,080239.60,0.012,0.015,0.011,32.1,0.011,0.013,0.021*79
$GNRMC,080239.60,A,2756.96355,S,02449.83658,E,3.50,0.0,120826,,,R*70
$GNGGA,080239.80,2756.96336,S,02449.83658,E,4,18,0.7,94.000,M,28.000,M,1.0,0000*70
$GNGST,080239.80,0.012,0.015,0.011,32.1,0.011,0.013,0.021*77
$GNRMC,080239.80,A,2756.96336,S,02449.83658,E,3.50,0.0,120826,,,R*7B
$GNGGA,080240.00,2756.96316,S,02449.83658,E,4,18,0.7,94.000,M,28.000,M,1.0,0000*74
$GNGST,080240.00,0.012,0.015,0.011,32.1,0.011,0.013,0.021*71
$GNRMC,080240.00,A,2756.96316,S,02449.83658,E,3.50,0.0,120826,,,R*7F
$GNGGA,080240.20,2756.96297,S,02449.83658,E,4,18,0.7,94.001,M,28.000,M,1.0,0000*7F
$GNGST,080240.20,0.012,0.015,0.011,32.1,0.011,0.013,0.021*73
$GNRMC,080240.20,A,2756.96297,S,02449.83658,E,3.50,0.0,120826,,,R*75
$GNGGA,080240.40,2756.96277,S,02449.83658,E,4,18,0.7,94.002,M,28.000,M,1.0,0000*74
$GNGST,080240.40,0.012,0.015,0.011,32.1,0.011,0.013,0.021*75
$GNRMC,080240.40,A,2756.96277,S,02449.83658,E,3.50,0.0,120826,,,R*7D
$GNGGA,080240.60,2756.96258,S,02449.83658,E,4,18,0.7,94.002,M,28.000,M,1.0,0000*7B
$GNGST,080240.60,0.012,0.015,0.011,32.1,0.011,0.013,0.021*77
$GNRMC,080240.60,A,2756.96258,S,02449.83658,E,3.50,0.0,120826,,,R*72
$GNGGA,080240.80,2756.96238,S,02449.83658,E,4,18,0.7,94.003,M,28.000,M,1.0,0000*72
$GNGST,080240.80,0.012,0.015,0.011,32.1,0.011,0.013,0.021*79
$GNRMC,080240.80,A,2756.96238,S,02449.83658,E,3.50,0.0,120826,,,R*7A
$GNGGA,080241.00,2756.96219,S,02449.83658,E,4,18,0.7,94.003,M,28.000,M,1.0,0000*78
$GNGST,080241.00,0.012,0.015,0.011,32.1,0.011,0.013,0.021*70
$GNRMC,080241.00,A,2756.96219,S,02449.83658,E,3.50,0.0,120826,,,R*70
$GNGGA,080241.20,2756.96199,S,02449.83658,E,4,18,0.7,94.004,M,28.000,M,1.0,0000*76
$GNGST,080241.20,0.012,0.015,0.011,32.1,0.011,0.013,0.021*72
$GNRMC,080241.20,A,2756.96199,S,02449.83658,E,3.50,0.0,120826,,,R*79
$GNGGA,080241.40,2756.96180,S,02449.83658,E,4,18,0.7,94.005,M,28.000,M,1.0,0000*79
$GNGST,080241.40,0.012,0.015,0.011,32.1,0.011,0.013,0.021*74
$GNRMC,080241.40,A,2756.96180,S,02449.83658,E,3.50,0.0,120826,,,R*77
$GNGGA,080241.60,2756.96160,S,02449.83658,E,4,18,0.7,94.005,M,28.000,M,1.0,0000*75
$GNGST,080241.60,0.012,0.015,0.011,32.1,0.011,0.013,0.021*76
$GNRMC,080241.60,A,2756.96160,S,02449.83658,E,3.50,0.0,120826,,,R*7B
$GNGGA,080241.80,2756.96141,S,02449.83658,E,4,18,0.7,94.006,M,28.000,M,1.0,0000*7B
$GNGST,080241.80,0.012,0.015,0.011,32.1,0.011,0.013,0.021*78
$GNRMC,080241.80,A,2756.96141,S,02449.83658,E,3.50,0.0,120826,,,R*76
$GNGGA,080242.00,2756.96121,S,02449.83658,E,4,18,0.7,94.006,M,28.000,M,1.0,0000*76
$GNGST,080242.00,0.012,0.015,0.011,32.1,0.011,0.013,0.021*73
$GNRMC,080242.00,A,2756.96121,S,02449.83658,E,3.50,0.0,120826,,,R*7B
$GNGGA,080242.20,2756.96102,S,02449.83658,E,4,18,0.7,94.007,M,28.000,M,1.0,0000*74
$GNGST,080242.20,0.012,0.015,0.011,32.1,0.011,0.013,0.021*71
$GNRMC,080242.20,A,2756.96102,S,02449.83658,E,3.50,0.0,120826,,,R*78
$GNGGA,080242.40,2756.96082,S,02449.83658,E,4,18,0.7,94.008,M,28.000,M,1.0,0000*74
$GNGST,080242.40,0.012,0.015,0.011,32.1,0.011,0.013,0.021*77
$GNRMC,080242.40,A,2756.96082,S,02449.83658,E,3.50,0.0,120826,,,R*77
$GNGGA,080242.60,2756.96063,S,02449.83658,E,4,18,0.7,94.008,M,28.000,M,1.0,0000*79
$GNGST,080242.60,0.012,0.015,0.011,32.1,0.011,0.013,0.021*75
$GNRMC,080242.60,A,2756.96063,S,02449.83658,E,3.50,0.0,120826,,,R*7A
$GNGGA,080242.80,2756.96043,S,02449.83658,E,4,18,0.7,94.009,M,28.000,M,1.0,0000*74
$GNGST,080242.80,0.012,0.015,0.011,32.1,0.011,0.013,0.021*7B
$GNRMC,080242.80,A,2756.96043,S,02449.83658,E,3.50,0.0,120826,,,R*76
$GNGGA,080243.00,2756.96024,S,02449.83658,E,4,18,0.7,94.009,M,28.000,M,1.0,0000*7C
$GNGST,080243.00,0.012,0.015,0.011,32.1,0.011,0.013,0.021*72
$GNRMC,080243.00,A,2756.96024,S,02449.83658,E,3.50,0.0,120826,,,R*7E
$GNGGA,080243.20,2756.96004,S,02449.83658,E,4,18,0.7,94.010,M,28.000,M,1.0,0000*74
$GNGST,080243.20,0.012,0.015,0.011,32.1,0.011,0.013,0.021*70
$GNRMC,080243.20,A,2756.96004,S,02449.83658,E,3.50,0.0,120826,,,R*7E
$GNGGA,080243.40,2756.95985,S,02449.83658,E,4,18,0.7,94.011,M,28.000,M,1.0,0000*70
$GNGST,080243.40,0.012,0.015,0.011,32.1,0.011,0.013,0.021*76
$GNRMC,080243.40,A,2756.95985,S,02449.83658,E,3.50,0.0,120826,,,R*7B
$GNGGA,080243.60,2756.95965,S,02449.83658,E,4,18,0.7,94.011,M,28.000,M,1.0,0000*7C
$GNGST,080243.60,0.012,0.015,0.011,32.1,0.011,0.013,0.021*74
$GNRMC,080243.60,A,2756.95965,S,02449.83658,E,3.50,0.0,120826,,,R*77
$GNGGA,080243.80,2756.95946,S,02449.83658,E,4,18,0.7,94.012,M,28.000,M,1.0,0000*70
$GNGST,080243.80,0.012,0.015,0.011,32.1,0.011,0.013,0.021*7A
$GNRMC,080243.80,A,2756.95946,S,02449.83658,E,3.50,0.0,120826,,,R*78
$GNGGA,080244.00,2756.95926,S,02449.83658,E,4,18,0.7,94.013,M,28.000,M,1.0,0000*78
$GNGST,080244.00,0.012,0.015,0.011,32.1,0.011,0.013,0.021*75
$GNRMC,080244.00,A,2756.95926,S,02449.83658,E,3.50,0.0,120826,,,R*71
$GNGGA,080244.20,2756.95907,S,02449.83658,E,4,18,0.7,94.013,M,28.000,M,1.0,0000*79
$GNGST,080244.20,0.012,0.015,0.011,32.1,0.011,0.013,0.021*77
$GNRMC,080244.20,A,2756.95907,S,02449.83658,E,3.50,0.0,120826,,,R*70
$GNGGA,080244.40,2756.95887,S,02449.83658,E,4,18,0.7,94.014,M,28.000,M,1.0,0000*71
$GNGST,080244.40,0.012,0.015,0.011,32.1,0.011,0.013,0.021*71
$GNRMC,080244.40,A,2756.95887,S,02449.83658,E,3.50,0.0,120826,,,R*7F
$GNGGA,080244.60,2756.95868,S,02449.83658,E,4,18,0.7,94.015,M,28.000,M,1.0,0000*73
$GNGST,080244.60,0.012,0.015,0.011,32.1,0.011,0.013,0.021*73
$GNRMC,080244.60,A,2756.95868,S,02449.83658,E,3.50,0.0,120826,,,R*7C
$GNGGA,080244.80,2756.95848,S,02449.83658,E,4,18,0.7,94.015,M,28.000,M,1.0,0000*7F
$GNGST,080244.80,0.012,0.015,0.011,32.1,0.011,0.013,0.021*7D
$GNRMC,080244.80,A,2756.95848,S,02449.83658,E,3.50,0.0,120826,,,R*70
$GNGGA,080245.00,2756.95829,S,02449.83658,E,4,18,0.7,94.016,M,28.000,M,1.0,0000*72
$GNGST,080245.00,0.012,0.015,0.011,32.1,0.011,0.013,0.021*74
$GNRMC,080245.00,A,2756.95829,S,02449.83658,E,3.50,0.0,120826,,,R*7E
$GNGGA,080245.20,2756.95809,S,02449.83658,E,4,18,0.7,94.017,M,28.000,M,1.0,0000*73
$GNGST,080245.20,0.012,0.015,0.011,32.1,0.011,0.013,0.021*76
$GNRMC,080245.20,A,2756.95809,S,02449.83658,E,3.50,0.0,120826,,,R*7E
$GNGGA,080245.40,2756.95790,S,02449.83658,E,4,18,0.7,94.017,M,28.000,M,1.0,0000*7A
$GNGST,080245.40,0.012,0.015,0.011,32.1,0.011,0.013,0.021*70
$GNRMC,080245.40,A,2756.95790,S,02449.83658,E,3.50,0.0,120826,,,R*77
$GNGGA,080245.60,2756.95770,S,02449.83658,E,4,18,0.7,94.018,M,28.000,M,1.0,0000*79
$GNGST,080245.60,0.012,0.015,0.011,32.1,0.011,0.013,0.021*72
$GNRMC,080245.60,A,2756.95770,S,02449.83658,E,3.50,0.0,120826,,,R*7B
$GNGGA,080245.80,2756.95751,S,02449.83658,E,4,18,0.7,94.019,M,28.000,M,1.0,0000*75
$GNGST,080245.80,0.012,0.015,0.011,32.1,0.011,0.013,0.021*7C
$GNRMC,080245.80,A,2756.95751,S,02449.83658,E,3.50,0.0,120826,,,R*76
$GNGGA,080246.00,2756.95731,S,02449.83658,E,4,18,0.7,94.019,M,28.000,M,1.0,0000*78
$GNGST,080246.00,0.012,0.015,0.011,32.1,0.011,0.013,0.021*77
$GNRMC,080246.00,A,2756.95731,S,02449.83658,E,3.50,0.0,120826,,,R*7B
$GNGGA,080246.20,2756.95712,S,02449.83658,E,4,18,0.7,94.020,M,28.000,M,1.0,0000*71
$GNGST,080246.20,0.012,0.015,0.011,32.1,0.011,0.013,0.021*75
$GNRMC,080246.20,A,2756.95712,S,02449.83658,E,3.50,0.0,120826,,,R*78
$GNGGA,080246.40,2756.95692,S,02449.83658,E,4,18,0.7,94.021,M,28.000,M,1.0,0000*7F
$GNGST,080246.40,0.012,0.015,0.011,32.1,0.011,0.013,0.021*73
$GNRMC,080246.40,A,2756.95692,S,02449.83658,E,3.50,0.0,120826,,,R*77
$GNGGA,080246.60,2756.95673,S,02449.83658,E,4,18,0.7,94.021,M,28.000,M,1.0,0000*72
$GNGST,080246.60,0.012,0.015,0.011,32.1,0.011,0.013,0.021*71
$GNRMC,080246.60,A,2756.95673,S,02449.83658,E,3.50,0.0,120826,,,R*7A
$GNGGA,080246.80,2756.95653,S,02449.83658,E,4,18,0.7,94.022,M,28.000,M,1.0,0000*7D
$GNGST,080246.80,0.012,0.015,0.011,32.1,0.011,0.013,0.021*7F
$GNRMC,080246.80,A,2756.95653,S,02449.83658,E,3.50,0.0,120826,,,R*76
$GNGGA,080247.00,2756.95634,S,02449.83658,E,4,18,0.7,94.023,M,28.000,M,1.0,0000*74
$GNGST,080247.00,0.012,0.015,0.011,32.1,0.011,0.013,0.021*76
$GNRMC,080247.00,A,2756.95634,S,02449.83658,E,3.50,0.0,120826,,,R*7E
$GNGGA,080247.20,2756.95614,S,02449.83658,E,4,18,0.7,94.023,M,28.000,M,1.0,0000*74
$GNGST,080247.20,0.012,0.015,0.011,32.1,0.011,0.013,0.021*74
$GNRMC,080247.20,A,2756.95614,S,02449.83658,E,3.50,0.0,120826,,,R*7E
$GNGGA,080247.40,2756.95595,S,02449.83658,E,4,18,0.7,94.024,M,28.000,M,1.0,0000*7F
$GNGST,080247.40,0.012,0.015,0.011,32.1,0.011,0.013,0.021*72
$GNRMC,080247.40,A,2756.95595,S,02449.83658,E,3.50,0.0,120826,,,R*72
$GNGGA,080247.60,2756.95575,S,02449.83658,E,4,18,0.7,94.025,M,28.000,M,1.0,0000*72
$GNGST,080247.60,0.012,0.015,0.011,32.1,0.011,0.013,0.021*70
$GNRMC,080247.60,A,2756.95575,S,02449.83658,E,3.50,0.0,120826,,,R*7E
$GNGGA,080247.80,2756.95556,S,02449.83658,E,4,18,0.7,94.025,M,28.000,M,1.0,0000*7D
$GNGST,080247.80,0.012,0.015,0.011,32.1,0.011,0.013,0.021*7E
$GNRMC,080247.80,A,2756.95556,S,02449.83658,E,3.50,0.0,120826,,,R*71
$GNGGA,080248.00,2756.95536,S,02449.83658,E,4,18,0.7,94.026,M,28.000,M,1.0,0000*7F
$GNGST,080248.00,0.012,0.015,0.011,32.1,0.011,0.013,0.021*79
$GNRMC,080248.00,A,2756.95536,S,02449.83658,E,3.50,0.0,120826,,,R*70
$GNGGA,080248.20,2756.95517,S,02449.83658,E,4,18,0.7,94.027,M,28.000,M,1.0,0000*7F
$GNGST,080248.20,0.012,0.015,0.011,32.1,0.011,0.013,0.021*7B
$GNRMC,080248.20,A,2756.95517,S,02449.83658,E,3.50,0.0,120826,,,R*71
$GNGGA,080248.40,2756.95498,S,02449.83658,E,4,18,0.7,94.027,M,28.000,M,1.0,0000*7F
$GNGST,080248.40,0.012,0.015,0.011,32.1,0.011,0.013,0.021*7D
$GNRMC,080248.40,A,2756.95498,S,02449.83658,E,3.50,0.0,120826,,,R*71
$GNGGA,080248.60,2756.95478,S,02449.83658,E,4,18,0.7,94.028,M,28.000,M,1.0,0000*7C
$GNGST,080248.60,0.012,0.015,0.011,32.1,0.011,0.013,0.021*7F
$GNRMC,080248.60,A,2756.95478,S,02449.83658,E,3.50,0.0,120826,,,R*7D
$GNGGA,080248.80,2756.95459,S,02449.83658,E,4,18,0.7,94.029,M,28.000,M,1.0,0000*70
$GNGST,080248.80,0.012,0.015,0.011,32.1,0.011,0.013,0.021*71
$GNRMC,080248.80,A,2756.95459,S,02449.83658,E,3.50,0.0,120826,,,R*70
$GNGGA,080249.00,2756.95439,S,02449.83658,E,4,18,0.7,94.029,M,28.000,M,1.0,0000*7F
$GNGST,080249.00,0.012,0.015,0.011,32.1,0.011,0.013,0.021*78
$GNRMC,080249.00,A,2756.95439,S,02449.83658,E,3.50,0.0,120826,,,R*7F
$GNGGA,080249.20,2756.95420,S,02449.83658,E,4,18,0.7,94.030,M,28.000,M,1.0,0000*7D
$GNGST,080249.20,0.012,0.015,0.011,32.1,0.011,0.013,0.021*7A
$GNRMC,080249.20,A,2756.95420,S,02449.83658,E,3.50,0.0,120826,,,R*75
$GNGGA,080249.40,2756.95400,S,02449.83658,E,4,18,0.7,94.031,M,28.000,M,1.0,0000*78
$GNGST,080249.40,0.012,0.015,0.011,32.1,0.011,0.013,0.021*7C
$GNRMC,080249.40,A,2756.95400,S,02449.83658,E,3.50,0.0,120826,,,R*71
$GNGGA,080249.60,2756.95381,S,02449.83658,E,4,18,0.7,94.032,M,28.000,M,1.0,0000*77
$GNGST,080249.60,0.012,0.015,0.011,32.1,0.011,0.013,0.021*7E
$GNRMC,080249.60,A,2756.95381,S,02449.83658,E,3.50,0.0,120826,,,R*7D
$GNGGA,080249.80,2756.95361,S,02449.83658,E,4,18,0.7,94.032,M,28.000,M,1.0,0000*77
$GNGST,080249.80,0.012,0.015,0.011,32.1,0.011,0.013,0.021*70
$GNRMC,080249.80,A,2756.95361,S,02449.83658,E,3.50,0.0,120826,,,R*7D
$GNGGA,080250.00,2756.95342,S,02449.83658,E,4,18,0.7,94.033,M,28.000,M,1.0,0000*77
$GNGST,080250.00,0.012,0.015,0.011,32.1,0.011,0.013,0.021*70
$GNRMC,080250.00,A,2756.95342,S,02449.83658,E,3.50,0.0,120826,,,R*7C
$GNGGA,080250.20,2756.95322,S,02449.83658,E,4,18,0.7,94.034,M,28.000,M,1.0,0000*74
$GNGST,080250.20,0.012,0.015,0.011,32.1,0.011,0.013,0.021*72
$GNRMC,080250.20,A,2756.95322,S,02449.83658,E,3.50,0.0,120826,,,R*78
$GNGGA,080250.40,2756.95303,S,02449.83658,E,4,18,0.7,94.034,M,28.000,M,1.0,0000*71
$GNGST,080250.40,0.012,0.015,0.011,32.1,0.011,0.013,0.021*74
$GNRMC,080250.40,A,2756.95303,S,02449.83658,E,3.50,0.0,120826,,,R*7D
$GNGGA,080250.60,2756.95283,S,02449.83658,E,4,18,0.7,94.035,M,28.000,M,1.0,0000*7B
$GNGST,080250.60,0.012,0.015,0.011,32.1,0.011,0.013,0.021*76
$GNRMC,080250.60,A,2756.95283,S,02449.83658,E,3.50,0.0,120826,,,R*76
$GNGGA,080250.80,2756.95264,S,02449.83658,E,4,18,0.7,94.036,M,28.000,M,1.0,0000*7F
$GNGST,080250.80,0.012,0.015,0.011,32.1,0.011,0.013,0.021*78
$GNRMC,080250.80,A,2756.95264,S,02449.83658,E,3.50,0.0,120826,,,R*71
$GNGGA,080251.00,2756.95244,S,02449.83658,E,4,18,0.7,94.036,M,28.000,M,1.0,0000*74
$GNGST,080251.00,0.012,0.015,0.011,32.1,0.011,0.013,0.021*71
$GNRMC,080251.00,A,2756.95244,S,02449.83658,E,3.50,0.0,120826,,,R*7A
$GNGGA,080251.20,2756.95225,S,02449.83658,E,4,18,0.7,94.037,M,28.000,M,1.0,0000*70
$GNGST,080251.20,0.012,0.015,0.011,32.1,0.011,0.013,0.021*73
$GNRMC,080251.20,A,2756.95225,S,02449.83658,E,3.50,0.0,120826,,,R*7F
$GNGGA,080251.40,2756.95205,S,02449.83658,E,4,18,0.7,94.038,M,28.000,M,1.0,0000*7B
$GNGST,080251.40,0.012,0.015,0.011,32.1,0.011,0.013,0.021*75
$GNRMC,080251.40,A,2756.95205,S,02449.83658,E,3.50,0.0,120826,,,R*7B
$GNGGA,080251.60,2756.95186,S,02449.83658,E,4,18,0.7,94.038,M,28.000,M,1.0,0000*71
$GNGST,080251.60,0.012,0.015,0.011,32.1,0.011,0.013,0.021*77
$GNRMC,080251.60,A,2756.95186,S,02449.83658,E,3.50,0.0,120826,,,R*71
$GNGGA,080251.80,2756.95166,S,02449.83658,E,4,18,0.7,94.039,M,28.000,M,1.0,0000*70
$GNGST,080251.80,0.012,0.015,0.011,32.1,0.011,0.013,0.021*79
$GNRMC,080251.80,A,2756.95166,S,02449.83658,E,3.50,0.0,120826,,,R*71
$GNGGA,080252.00,2756.95147,S,02449.83658,E,4,18,0.7,94.040,M,28.000,M,1.0,0000*76
$GNGST,080252.00,0.012,0.015,0.011,32.1,0.011,0.013,0.021*72
$GNRMC,080252.00,A,2756.95147,S,02449.83658,E,3.50,0.0,120826,,,R*79
$GNGGA,080252.20,2756.95127,S,02449.83658,E,4,18,0.7,94.040,M,28.000,M,1.0,0000*72
$GNGST,080252.20,0.012,0.015,0.011,32.1,0.011,0.013,0.021*70
$GNRMC,080252.20,A,2756.95127,S,02449.83658,E,3.50,0.0,120826,,,R*7D
$GNGGA,080252.40,2756.95108,S,02449.83658,E,4,18,0.7,94.041,M,28.000,M,1.0,0000*78
$GNGST,080252.40,0.012,0.015,0.011,32.1,0.011,0.013,0.021*76
$GNRMC,080252.40,A,2756.95108,S,02449.83658,E,3.50,0.0,120826,,,R*76
$GNGGA,080252.60,2756.95088,S,02449.83658,E,4,18,0.7,94.042,M,28.000,M,1.0,0000*70
$GNGST,080252.60,0.012,0.015,0.011,32.1,0.011,0.013,0.021*74
$GNRMC,080252.60,A,2756.95088,S,02449.83658,E,3.50,0.0,120826,,,R*7D
$GNGGA,080252.80,2756.95069,S,02449.83658,E,4,18,0.7,94.042,M,28.000,M,1.0,0000*71
$GNGST,080252.80,0.012,0.015,0.011,32.1,0.011,0.013,0.021*7A
$GNRMC,080252.80,A,2756.95069,S,02449.83658,E,3.50,0.0,120826,,,R*7C
$GNGGA,080253.00,2756.95049,S,02449.83658,E,4,18,0.7,94.043,M,28.000,M,1.0,0000*7B
$GNGST,080253.00,0.012,0.015,0.011,32.1,0.011,0.013,0.021*73
$GNRMC,080253.00,A,2756.95049,S,02449.83658,E,3.50,0.0,120826,,,R*77
$GNGGA,080253.20,2756.95030,S,02449.83658,E,4,18,0.7,94.044,M,28.000,M,1.0,0000*70
$GNGST,080253.20,0.012,0.015,0.011,32.1,0.011,0.013,0.021*71
$GNRMC,080253.20,A,2756.95030,S,02449.83658,E,3.50,0.0,120826,,,R*7B
$GNGGA,080253.40,2756.95010,S,02449.83658,E,4,18,0.7,94.044,M,28.000,M,1.0,0000*74
$GNGST,080253.40,0.012,0.015,0.011,32.1,0.011,0.013,0.021*77
$GNRMC,080253.40,A,2756.95010,S,02449.83658,E,3.50,0.0,120826,,,R*7F
$GNGGA,080253.60,2756.94991,S,02449.83658,E,4,18,0.7,94.045,M,28.000,M,1.0,0000*76
$GNGST,080253.60,0.012,0.015,0.011,32.1,0.011,0.013,0.021*75
$GNRMC,080253.60,A,2756.94991,S,02449.83658,E,3.50,0.0,120826,,,R*7C
$GNGGA,080253.80,2756.94971,S,02449.83658,E,4,18,0.7,94.046,M,28.000,M,1.0,0000*75
$GNGST,080253.80,0.012,0.015,0.011,32.1,0.011,0.013,0.021*7B
$GNRMC,080253.80,A,2756.94971,S,02449.83658,E,3.50,0.0,120826,,,R*7C
$GNGGA,080254.00,2756.94952,S,02449.83658,E,4,18,0.7,94.046,M,28.000,M,1.0,0000*7B
$GNGST,080254.00,0.012,0.015,0.011,32.1,0.011,0.013,0.021*74
$GNRMC,080254.00,A,2756.94952,S,02449.83658,E,3.50,0.0,120826,,,R*72
$GNGGA,080254.20,2756.94932,S,02449.83658,E,4,18,0.7,94.047,M,28.000,M,1.0,0000*7E
$GNGST,080254.20,0.012,0.015,0.011,32.1,0.011,0.013,0.021*76
$GNRMC,080254.20,A,2756.94932,S,02449.83658,E,3.50,0.0,120826,,,R*76
$GNGGA,080254.40,2756.94913,S,02449.83658,E,4,18,0.7,94.048,M,28.000,M,1.0,0000*74
$GNGST,080254.40,0.012,0.015,0.011,32.1,0.011,0.013,0.021*70
$GNRMC,080254.40,A,2756.94913,S,02449.83658,E,3.50,0.0,120826,,,R*73
$GNGGA,080254.60,2756.94893,S,02449.83658,E,4,18,0.7,94.048,M,28.000,M,1.0,0000*7F
$GNGST,080254.60,0.012,0.015,0.011,32.1,0.011,0.013,0.021*72
$GNRMC,080254.60,A,2756.94893,S,02449.83658,E,3.50,0.0,120826,,,R*78
$GNGGA,080254.80,2756.94874,S,02449.83658,E,4,18,0.7,94.049,M,28.000,M,1.0,0000*79
$GNGST,080254.80,0.012,0.015,0.011,32.1,0.011,0.013,0.021*7C
$GNRMC,080254.80,A,2756.94874,S,02449.83658,E,3.50,0.0,120826,,,R*7F
$GNGGA,080255.00,2756.94854,S,02449.83658,E,4,18,0.7,94.050,M,28.000,M,1.0,0000*7A
$GNGST,080255.00,0.012,0.015,0.011,32.1,0.011,0.013,0.021*75
$GNRMC,080255.00,A,2756.94854,S,02449.83658,E,3.50,0.0,120826,,,R*74
$GNGGA,080255.20,2756.94835,S,02449.83658,E,4,18,0.7,94.050,M,28.000,M,1.0,0000*7F
$GNGST,080255.20,0.012,0.015,0.011,32.1,0.011,0.013,0.021*77
$GNRMC,080255.20,A,2756.94835,S,02449.83658,E,3.50,0.0,120826,,,R*71
$GNGGA,080255.40,2756.94815,S,02449.83658,E,4,18,0.7,94.051,M,28.000,M,1.0,0000*7A
$GNGST,080255.40,0.012,0.015,0.011,32.1,0.011,0.013,0.021*71
$GNRMC,080255.40,A,2756.94815,S,02449.83658,E,3.50,0.0,120826,,,R*75
$GNGGA,080255.60,2756.94796,S,02449.83658,E,4,18,0.7,94.052,M,28.000,M,1.0,0000*7F
$GNGST,080255.60,0.012,0.015,0.011,32.1,0.011,0.013,0.021*73
$GNRMC,080255.60,A,2756.94796,S,02449.83658,E,3.50,0.0,120826,,,R*73
$GNGGA,080255.80,2756.94776,S,02449.83658,E,4,18,0.7,94.052,M,28.000,M,1.0,0000*7F
$GNGST,080255.80,0.012,0.015,0.011,32.1,0.011,0.013,0.021*7D
$GNRMC,080255.80,A,2756.94776,S,02449.83658,E,3.50,0.0,120826,,,R*73
$GNGGA,080256.00,2756.94757,S,02449.83658,E,4,18,0.7,94.053,M,28.000,M,1.0,0000*76
$GNGST,080256.00,0.012,0.015,0.011,32.1,0.011,0.013,0.021*76
$GNRMC,080256.00,A,2756.94757,S,02449.83658,E,3.50,0.0,120826,,,R*7B
$GNGGA,080256.20,2756.94737,S,02449.83658,E,4,18,0.7,94.054,M,28.000,M,1.0,0000*75
$GNGST,080256.20,0.012,0.015,0.011,32.1,0.011,0.013,0.021*74
$GNRMC,080256.20,A,2756.94737,S,02449.83658,E,3.50,0.0,120826,,,R*7F
$GNGGA,080256.40,2756.94718,S,02449.83658,E,4,18,0.7,94.054,M,28.000,M,1.0,0000*7E
$GNGST,080256.40,0.012,0.015,0.011,32.1,0.011,0.013,0.021*72
$GNRMC,080256.40,A,2756.94718,S,02449.83658,E,3.50,0.0,120826,,,R*74
$GNGGA,080256.60,2756.94698,S,02449.83658,E,4,18,0.7,94.055,M,28.000,M,1.0,0000*74
$GNGST,080256.60,0.012,0.015,0.011,32.1,0.011,0.013,0.021*70
$GNRMC,080256.60,A,2756.94698,S,02449.83658,E,3.50,0.0,120826,,,R*7F
$GNGGA,080256.80,2756.94679,S,02449.83658,E,4,18,0.7,94.055,M,28.000,M,1.0,0000*75
$GNGST,080256.80,0.012,0.015,0.011,32.1,0.011,0.013,0.021*7E
$GNRMC,080256.80,A,2756.94679,S,02449.83658,E,3.50,0.0,120826,,,R*7E
$GNGGA,080257.00,2756.94659,S,02449.83658,E,4,18,0.7,94.056,M,28.000,M,1.0,0000*7D
$GNGST,080257.00,0.012,0.015,0.011,32.1,0.011,0.013,0.021*77
$GNRMC,080257.00,A,2756.94659,S,02449.83658,E,3.50,0.0,120826,,,R*75
$GNGGA,080257.20,2756.94640,S,02449.83658,E,4,18,0.7,94.057,M,28.000,M,1.0,0000*76
$GNGST,080257.20,0.012,0.015,0.011,32.1,0.011,0.013,0.021*75
$GNRMC,080257.20,A,2756.94640,S,02449.83658,E,3.50,0.0,120826,,,R*7F
$GNGGA,080257.40,2756.94620,S,02449.83658,E,4,18,0.7,94.057,M,28.000,M,1.0,0000*76
$GNGST,080257.40,0.012,0.015,0.011,32.1,0.011,0.013,0.021*73
$GNRMC,080257.40,A,2756.94620,S,02449.83658,E,3.50,0.0,120826,,,R*7F
$GNGGA,080257.60,2756.94601,S,02449.83658,E,4,18,0.7,94.058,M,28.000,M,1.0,0000*78
$GNGST,080257.60,0.012,0.015,0.011,32.1,0.011,0.013,0.021*71
$GNRMC,080257.60,A,2756.94601,S,02449.83658,E,3.50,0.0,120826,,,R*7E
$GNGGA,080257.80,2756.94581,S,02449.83658,E,4,18,0.7,94.059,M,28.000,M,1.0,0000*7C
$GNGST,080257.80,0.012,0.015,0.011,32.1,0.011,0.013,0.021*7F
$GNRMC,080257.80,A,2756.94581,S,02449.83658,E,3.50,0.0,120826,,,R*7B
$GNGGA,080258.00,2756.94562,S,02449.83658,E,4,18,0.7,94.059,M,28.000,M,1.0,0000*76
$GNGST,080258.00,0.012,0.015,0.011,32.1,0.011,0.013,0.021*78
$GNRMC,080258.00,A,2756.94562,S,02449.83658,E,3.50,0.0,120826,,,R*71
$GNGGA,080258.20,2756.94542,S,02449.83658,E,4,18,0.7,94.060,M,28.000,M,1.0,0000*7C
$GNGST,080258.20,0.012,0.015,0.011,32.1,0.011,0.013,0.021*7A
$GNRMC,080258.20,A,2756.94542,S,02449.83658,E,3.50,0.0,120826,,,R*71
$GNGGA,080258.40,2756.94523,S,02449.83658,E,4,18,0.7,94.060,M,28.000,M,1.0,0000*7D
$GNGST,080258.40,0.012,0.015,0.011,32.1,0.011,0.013,0.021*7C
$GNRMC,080258.40,A,2756.94523,S,02449.83658,E,3.50,0.0,120826,,,R*70
$GNGGA,080258.60,2756.94503,S,02449.83658,E,4,18,0.7,94.061,M,28.000,M,1.0,0000*7C
$GNGST,080258.60,0.012,0.015,0.011,32.1,0.011,0.013,0.021*7E
$GNRMC,080258.60,A,2756.94503,S,02449.83658,E,3.50,0.0,120826,,,R*70
$GNGGA,080258.80,2756.94484,S,02449.83658,E,4,18,0.7,94.062,M,28.000,M,1.0,0000*7F
$GNGST,080258.80,0.012,0.015,0.011,32.1,0.011,0.013,0.021*70
$GNRMC,080258.80,A,2756.94484,S,02449.83658,E,3.50,0.0,120826,,,R*70
$GNGGA,080259.00,2756.94464,S,02449.83658,E,4,18,0.7,94.062,M,28.000,M,1.0,0000*78
$GNGST,080259.00,0.012,0.015,0.011,32.1,0.011,0.013,0.021*79
$GNRMC,080259.00,A,2756.94464,S,02449.83658,E,3.50,0.0,120826,,,R*77
$GNGGA,080259.20,2756.94445,S,02449.83658,E,4,18,0.7,94.063,M,28.000,M,1.0,0000*78
$GNGST,080259.20,0.012,0.015,0.011,32.1,0.011,0.013,0.021*7B
$GNRMC,080259.20,A,2756.94445,S,02449.83658,E,3.50,0.0,120826,,,R*76
$GNGGA,080259.40,2756.94425,S,02449.83658,E,4,18,0.7,94.063,M,28.000,M,1.0,0000*78
$GNGST,080259.40,0.012,0.015,0.011,32.1,0.011,0.013,0.021*7D
$GNRMC,080259.40,A,2756.94425,S,02449.83658,E,3.50,0.0,120826,,,R*76
$GNGGA,080259.60,2756.94406,S,02449.83658,E,4,18,0.7,94.064,M,28.000,M,1.0,0000*7C
$GNGST,080259.60,0.012,0.015,0.011,32.1,0.011,0.013,0.021*7F
$GNRMC,080259.60,A,2756.94406,S,02449.83658,E,3.50,0.0,120826,,,R*75
$GNGGA,080259.80,2756.94387,S,02449.83658,E,4,18,0.7,94.064,M,28.000,M,1.0,0000*7C
$GNGST,080259.80,0.012,0.015,0.011,32.1,0.011,0.013,0.021*71
$GNRMC,080259.80,A,2756.94387,S,02449.83658,E,3.50,0.0,120826,,,R*75
$GNGGA,080300.00,2756.94367,S,02449.83658,E,4,18,0.7,94.065,M,28.000,M,1.0,0000*76
$GNGST,080300.00,0.012,0.015,0.011,32.1,0.011,0.013,0.021*74
$GNRMC,080300.00,A,2756.94367,S,02449.83658,E,3.50,0.0,120826,,,R*7E
$GNGGA,080300.20,2756.94348,S,02449.83658,E,4,18,0.7,94.066,M,28.000,M,1.0,0000*7A
$GNGST,080300.20,0.012,0.015,0.011,32.1,0.011,0.013,0.021*76
$GNRMC,080300.20,A,2756.94348,S,02449.83658,E,3.50,0.0,120826,,,R*71
$GNGGA,080300.40,2756.94328,S,02449.83658,E,4,18,0.7,94.066,M,28.000,M,1.0,0000*7A
$GNGST,080300.40,0.012,0.015,0.011,32.1,0.011,0.013,0.021*70
$GNRMC,080300.40,A,2756.94328,S,02449.83658,E,3.50,0.0,120826,,,R*71
$GNGGA,080300.60,2756.94309,S,02449.83658,E,4,18,0.7,94.067,M,28.000,M,1.0,0000*7A
$GNGST,080300.60,0.012,0.015,0.011,32.1,0.011,0.013,0.021*72
$GNRMC,080300.60,A,2756.94309,S,02449.83658,E,3.50,0.0,120826,,,R*70
$GNGGA,080300.80,2756.94289,S,02449.83658,E,4,18,0.7,94.067,M,28.000,M,1.0,0000*7D
$GNGST,080300.80,0.012,0.015,0.011,32.1,0.011,0.013,0.021*7C
$GNRMC,080300.80,A,2756.94289,S,02449.83658,E,3.50,0.0,120826,,,R*77
$GNGGA,080301.00,2756.94270,S,02449.83658,E,4,18,0.7,94.068,M,28.000,M,1.0,0000*7D
$GNGST,080301.00,0.012,0.015,0.011,32.1,0.011,0.013,0.021*75
$GNRMC,080301.00,A,2756.94270,S,02449.83658,E,3.50,0.0,120826,,,R*78
$GNGGA,080301.20,2756.94250,S,02449.83658,E,4,18,0.7,94.068,M,28.000,M,1.0,0000*7D
$GNGST,080301.20,0.012,0.015,0.011,32.1,0.011,0.013,0.021*77
$GNRMC,080301.20,A,2756.94250,S,02449.83658,E,3.50,0.0,120826,,,R*78
$GNGGA,080301.40,2756.94231,S,02449.83658,E,4,18,0.7,94.069,M,28.000,M,1.0,0000*7D
$GNGST,080301.40,0.012,0.015,0.011,32.1,0.011,0.013,0.021*71
$GNRMC,080301.40,A,2756.94231,S,02449.83658,E,3.50,0.0,120826,,,R*79
$GNGGA,080301.60,2756.94211,S,02449.83658,E,4,18,0.7,94.069,M,28.000,M,1.0,0000*7D
$GNGST,080301.60,0.012,0.015,0.011,32.1,0.011,0.013,0.021*73
$GNRMC,080301.60,A,2756.94211,S,02449.83658,E,3.50,0.0,120826,,,R*79
$GNGGA,080301.80,2756.94192,S,02449.83658,E,4,18,0.7,94.070,M,28.000,M,1.0,0000*73
$GNGST,080301.80,0.012,0.015,0.011,32.1,0.011,0.013,0.021*7D
$GNRMC,080301.80,A,2756.94192,S,02449.83658,E,3.50,0.0,120826,,,R*7F
$GNGGA,080302.00,2756.94172,S,02449.83658,E,4,18,0.7,94.070,M,28.000,M,1.0,0000*76
$GNGST,080302.00,0.012,0.015,0.011,32.1,0.011,0.013,0.021*76
$GNRMC,080302.00,A,2756.94172,S,02449.83658,E,3.50,0.0,120826,,,R*7A
$GNGGA,080302.20,2756.94153,S,02449.83658,E,4,18,0.7,94.071,M,28.000,M,1.0,0000*76
$GNGST,080302.20,0.012,0.015,0.011,32.1,0.011,0.013,0.021*74
$GNRMC,080302.20,A,2756.94153,S,02449.83658,E,3.50,0.0,120826,,,R*7B
$GNGGA,080302.40,2756.94133,S,02449.83658,E,4,18,0.7,94.071,M,28.000,M,1.0,0000*76
$GNGST,080302.40,0.012,0.015,0.011,32.1,0.011,0.013,0.021*72
$GNRMC,080302.40,A,2756.94133,S,02449.83658,E,3.50,0.0,120826,,,R*7B
$GNGGA,080302.60,2756.94114,S,02449.83658,E,4,18,0.7,94.072,M,28.000,M,1.0,0000*72
$GNGST,080302.60,0.012,0.015,0.011,32.1,0.011,0.013,0.021*70
$GNRMC,080302.60,A,2756.94114,S,02449.83658,E,3.50,0.0,120826,,,R*7C
$GNGGA,080302.80,2756.94094,S,02449.83658,E,4,18,0.7,94.072,M,28.000,M,1.0,0000*75
$GNGST,080302.80,0.012,0.015,0.011,32.1,0.011,0.013,0.021*7E
$GNRMC,080302.80,A,2756.94094,S,02449.83658,E,3.50,0.0,120826,,,R*7B
$GNGGA,080303.00,2756.94075,S,02449.83658,E,4,18,0.7,94.073,M,28.000,M,1.0,0000*72
$GNGST,080303.00,0.012,0.015,0.011,32.1,0.011,0.013,0.021*77
$GNRMC,080303.00,A,2756.94075,S,02449.83658,E,3.50,0.0,120826,,,R*7D
$GNGGA,080303.20,2756.94055,S,02449.83658,E,4,18,0.7,94.073,M,28.000,M,1.0,0000*72
$GNGST,080303.20,0.012,0.015,0.011,32.1,0.011,0.013,0.021*75
$GNRMC,080303.20,A,2756.94055,S,02449.83658,E,3.50,0.0,120826,,,R*7D
$GNGGA,080303.40,2756.94036,S,02449.83658,E,4,18,0.7,94.074,M,28.000,M,1.0,0000*76
$GNGST,080303.40,0.012,0.015,0.011,32.1,0.011,0.013,0.021*73
$GNRMC,080303.40,A,2756.94036,S,02449.83658,E,3.50,0.0,120826,,,R*7E
$GNGGA,080303.60,2756.94016,S,02449.83658,E,4,18,0.7,94.074,M,28.000,M,1.0,0000*76
$GNGST,080303.60,0.012,0.015,0.011,32.1,0.011,0.013,0.021*71
$GNRMC,080303.60,A,2756.94016,S,02449.83658,E,3.50,0.0,120826,,,R*7E
$GNGGA,080303.80,2756.93997,S,02449.83658,E,4,18,0.7,94.075,M,28.000,M,1.0,0000*7E
$GNGST,080303.80,0.012,0.015,0.011,32.1,0.011,0.013,0.021*7F
$GNRMC,080303.80,A,2756.93997,S,02449.83658,E,3.50,0.0,120826,,,R*77
$GNGGA,080304.00,2756.93977,S,02449.83658,E,4,18,0.7,94.075,M,28.000,M,1.0,0000*7F
$GNGST,080304.00,0.012,0.015,0.011,32.1,0.011,0.013,0.021*70
$GNRMC,080304.00,A,2756.93977,S,02449.83658,E,3.50,0.0,120826,,,R*76
$GNGGA,080304.20,2756.93958,S,02449.83658,E,4,18,0.7,94.076,M,28.000,M,1.0,0000*73
$GNGST,080304.20,0.012,0.015,0.011,32.1,0.011,0.013,0.021*72
$GNRMC,080304.20,A,2756.93958,S,02449.83658,E,3.50,0.0,120826,,,R*79
$GNGGA,080304.40,2756.93938,S,02449.83658,E,4,18,0.7,94.076,M,28.000,M,1.0,0000*73
$GNGST,080304.40,0.012,0.015,0.011,32.1,0.011,0.013,0.021*74
$GNRMC,080304.40,A,2756.93938,S,02449.83658,E,3.50,0.0,120826,,,R*79
$GNGGA,080304.60,2756.93919,S,02449.83658,E,4,18,0.7,94.077,M,28.000,M,1.0,0000*73
$GNGST,080304.60,0.012,0.015,0.011,32.1,0.011,0.013,0.021*76
$GNRMC,080304.60,A,2756.93919,S,02449.83658,E,3.50,0.0,120826,,,R*78
$GNGGA,080304.80,2756.93899,S,02449.83658,E,4,18,0.7,94.077,M,28.000,M,1.0,0000*74
$GNGST,080304.80,0.012,0.015,0.011,32.1,0.011,0.013,0.021*78
$GNRMC,080304.80,A,2756.93899,S,02449.83658,E,3.50,0.0,120826,,,R*7F
$GNGGA,080305.00,2756.93880,S,02449.83658,E,4,18,0.7,94.078,M,28.000,M,1.0,0000*7A
$GNGST,080305.00,0.012,0.015,0.011,32.1,0.011,0.013,0.021*71
$GNRMC,080305.00,A,2756.93880,S,02449.83658,E,3.50,0.0,120826,,,R*7E
$GNGGA,080305.20,2756.93860,S,02449.83658,E,4,18,0.7,94.078,M,28.000,M,1.0,0000*76
$GNGST,080305.20,0.012,0.015,0.011,32.1,0.011,0.013,0.021*73
$GNRMC,080305.20,A,2756.93860,S,02449.83658,E,3.50,0.0,120826,,,R*72
$GNGGA,080305.40,2756.93841,S,02449.83658,E,4,18,0.7,94.078,M,28.000,M,1.0,0000*73
$GNGST,080305.40,0.012,0.015,0.011,32.1,0.011,0.013,0.021*75
$GNRMC,080305.40,A,2756.93841,S,02449.83658,E,3.50,0.0,120826,,,R*77
$GNGGA,080305.60,2756.93821,S,02449.83658,E,4,18,0.7,94.079,M,28.000,M,1.0,0000*76
$GNGST,080305.60,0.012,0.015,0.011,32.1,0.011,0.013,0.021*77
$GNRMC,080305.60,A,2756.93821,S,02449.83658,E,3.50,0.0,120826,,,R*73
$GNGGA,080305.80,2756.93802,S,02449.83658,E,4,18,0.7,94.079,M,28.000,M,1.0,0000*79
$GNGST,080305.80,0.012,0.015,0.011,32.1,0.011,0.013,0.021*79
$GNRMC,080305.80,A,2756.93802,S,02449.83658,E,3.50,0.0,120826,,,R*7C
$GNGGA,080306.00,2756.93782,S,02449.83658,E,4,18,0.7,94.080,M,28.000,M,1.0,0000*73
$GNGST,080306.00,0.012,0.015,0.011,32.1,0.011,0.013,0.021*72
$GNRMC,080306.00,A,2756.93782,S,02449.83658,E,3.50,0.0,120826,,,R*70
$GNGGA,080306.20,2756.93763,S,02449.83658,E,4,18,0.7,94.080,M,28.000,M,1.0,0000*7E
$GNGST,080306.20,0.012,0.015,0.011,32.1,0.011,0.013,0.021*70
$GNRMC,080306.20,A,2756.93763,S,02449.83658,E,3.50,0.0,120826,,,R*7D
$GNGGA,080306.40,2756.93743,S,02449.83658,E,4,18,0.7,94.081,M,28.000,M,1.0,0000*7B
$GNGST,080306.40,0.012,0.015,0.011,32.1,0.011,0.013,0.021*76
$GNRMC,080306.40,A,2756.93743,S,02449.83658,E,3.50,0.0,120826,,,R*79
$GNGGA,080306.60,2756.93724,S,02449.83658,E,4,18,0.7,94.081,M,28.000,M,1.0,0000*78
$GNGST,080306.60,0.012,0.015,0.011,32.1,0.011,0.013,0.021*74
$GNRMC,080306.60,A,2756.93724,S,02449.83658,E,3.50,0.0,120826,,,R*7A
$GNGGA,080306.80,2756.93704,S,02449.83658,E,4,18,0.7,94.081,M,28.000,M,1.0,0000*74
$GNGST,080306.80,0.012,0.015,0.011,32.1,0.011,0.013,0.021*7A
$GNRMC,080306.80,A,2756.93704,S,02449.83658,E,3.50,0.0,120826,,,R*76
$GNGGA,080307.00,2756.93685,S,02449.83658,E,4,18,0.7,94.082,M,28.000,M,1.0,0000*76
$GNGST,080307.00,0.012,0.015,0.011,32.1,0.011,0.013,0.021*73
$GNRMC,080307.00,A,2756.93685,S,02449.83658,E,3.50,0.0,120826,,,R*77
$GNGGA,080307.20,2756.93665,S,02449.83658,E,4,18,0.7,94.082,M,28.000,M,1.0,0000*7A
$GNGST,080307.20,0.012,0.015,0.011,32.1,0.011,0.013,0.021*71
$GNRMC,080307.20,A,2756.93665,S,02449.83658,E,3.50,0.0,120826,,,R*7B
$GNGGA,080307.40,2756.93646,S,02449.83658,E,4,18,0.7,94.082,M,28.000,M,1.0,0000*7D
$GNGST,080307.40,0.012,0.015,0.011,32.1,0.011,0.013,0.021*77
$GNRMC,080307.40,A,2756.93646,S,02449.83658,E,3.50,0.0,120826,,,R*7C
$GNGGA,080307.60,2756.93626,S,02449.83658,E,4,18,0.7,94.083,M,28.000,M,1.0,0000*78
$GNGST,080307.60,0.012,0.015,0.011,32.1,0.011,0.013,0.021*75
$GNRMC,080307.60,A,2756.93626,S,02449.83658,E,3.50,0.0,120826,,,R*78
$GNGGA,080307.80,2756.93607,S,02449.83658,E,4,18,0.7,94.083,M,28.000,M,1.0,0000*75
$GNGST,080307.80,0.012,0.015,0.011,32.1,0.011,0.013,0.021*7B
$GNRMC,080307.80,A,2756.93607,S,02449.83658,E,3.50,0.0,120826,,,R*75
$GNGGA,080308.00,2756.93587,S,02449.83658,E,4,18,0.7,94.084,M,28.000,M,1.0,0000*7E
$GNGST,080308.00,0.012,0.015,0.011,32.1,0.011,0.013,0.021*7C
$GNRMC,080308.00,A,2756.93587,S,02449.83658,E,3.50,0.0,120826,,,R*79
$GNGGA,080308.20,2756.93568,S,02449.83658,E,4,18,0.7,94.084,M,28.000,M,1.0,0000*7D
$GNGST,080308.20,0.012,0.015,0.011,32.1,0.011,0.013,0.021*7E
$GNRMC,080308.20,A,2756.93568,S,02449.83658,E,3.50,0.0,120826,,,R*7A
$GNGGA,080308.40,2756.93548,S,02449.83658,E,4,18,0.7,94.084,M,28.000,M,1.0,0000*79
$GNGST,080308.40,0.012,0.015,0.011,32.1,0.011,0.013,0.021*78
$GNRMC,080308.40,A,2756.93548,S,02449.83658,E,3.50,0.0,120826,,,R*7E
$GNGGA,080308.60,2756.93529,S,02449.83658,E,4,18,0.7,94.085,M,28.000,M,1.0,0000*7D
$GNGST,080308.60,0.012,0.015,0.011,32.1,0.011,0.013,0.021*7A
$GNRMC,080308.60,A,2756.93529,S,02449.83658,E,3.50,0.0,120826,,,R*7B
$GNGGA,080308.80,2756.93509,S,02449.83658,E,4,18,0.7,94.085,M,28.000,M,1.0,0000*71
$GNGST,080308.80,0.012,0.015,0.011,32.1,0.011,0.013,0.021*74
$GNRMC,080308.80,A,2756.93509,S,02449.83658,E,3.50,0.0,120826,,,R*77
$GNGGA,080309.00,2756.93490,S,02449.83658,E,4,18,0.7,94.085,M,28.000,M,1.0,0000*79
$GNGST,080309.00,0.012,0.015,0.011,32.1,0.011,0.013,0.021*7D
$GNRMC,080309.00,A,2756.93490,S,02449.83658,E,3.50,0.0,120826,,,R*7F
$GNGGA,080309.20,2756.93470,S,02449.83658,E,4,18,0.7,94.086,M,28.000,M,1.0,0000*76
$GNGST,080309.20,0.012,0.015,0.011,32.1,0.011,0.013,0.021*7F
$GNRMC,080309.20,A,2756.93470,S,02449.83658,E,3.50,0.0,120826,,,R*73
$GNGGA,080309.40,2756.93451,S,02449.83658,E,4,18,0.7,94.086,M,28.000,M,1.0,0000*73
$GNGST,080309.40,0.012,0.015,0.011,32.1,0.011,0.013,0.021*79
$GNRMC,080309.40,A,2756.93451,S,02449.83658,E,3.50,0.0,120826,,,R*76
$GNGGA,080309.60,2756.93431,S,02449.83658,E,4,18,0.7,94.086,M,28.000,M,1.0,0000*77
$GNGST,080309.60,0.012,0.015,0.011,32.1,0.011,0.013,0.021*7B
$GNRMC,080309.60,A,2756.93431,S,02449.83658,E,3.50,0.0,120826,,,R*72
$GNGGA,080309.80,2756.93412,S,02449.83658,E,4,18,0.7,94.087,M,28.000,M,1.0,0000*79
$GNGST,080309.80,0.012,0.015,0.011,32.1,0.011,0.013,0.021*75
$GNRMC,080309.80,A,2756.93412,S,02449.83658,E,3.50,0.0,120826,,,R*7D
$GNGGA,080310.00,2756.93392,S,02449.83658,E,4,18,0.7,94.087,M,28.000,M,1.0,0000*76
$GNGST,080310.00,0.012,0.015,0.011,32.1,0.011,0.013,0.021*75
$GNRMC,080310.00,A,2756.93392,S,02449.83658,E,3.50,0.0,120826,,,R*72
$GNGGA,080310.20,2756.93373,S,02449.83658,E,4,18,0.7,94.087,M,28.000,M,1.0,0000*7B
$GNGST,080310.20,0.012,0.015,0.011,32.1,0.011,0.013,0.021*77
$GNRMC,080310.20,A,2756.93373,S,02449.83658,E,3.50,0.0,120826,,,R*7F
$GNGGA,080310.40,2756.93353,S,02449.83658,E,4,18,0.7,94.087,M,28.000,M,1.0,0000*7F
$GNGST,080310.40,0.012,0.015,0.011,32.1,0.011,0.013,0.021*71
$GNRMC,080310.40,A,2756.93353,S,02449.83658,E,3.50,0.0,120826,,,R*7B
$GNGGA,080310.60,2756.93334,S,02449.83658,E,4,18,0.7,94.088,M,28.000,M,1.0,0000*73
$GNGST,080310.60,0.012,0.015,0.011,32.1,0.011,0.013,0.021*73
$GNRMC,080310.60,A,2756.93334,S,02449.83658,E,3.50,0.0,120826,,,R*78
$GNGGA,080310.80,2756.93314,S,02449.83658,E,4,18,0.7,94.088,M,28.000,M,1.0,0000*7F
$GNGST,080310.80,0.012,0.015,0.011,32.1,0.011,0.013,0.021*7D
$GNRMC,080310.80,A,2756.93314,S,02449.83658,E,3.50,0.0,120826,,,R*74
$GNGGA,080311.00,2756.93295,S,02449.83658,E,4,18,0.7,94.088,M,28.000,M,1.0,0000*7E
$GNGST,080311.00,0.012,0.015,0.011,32.1,0.011,0.013,0.021*74
$GNRMC,080311.00,A,2756.93295,S,02449.83658,E,3.50,0.0,120826,,,R*75
$GNGGA,080311.20,2756.93275,S,02449.83658,E,4,18,0.7,94.089,M,28.000,M,1.0,0000*73
$GNGST,080311.20,0.012,0.015,0.011,32.1,0.011,0.013,0.021*76
$GNRMC,080311.20,A,2756.93275,S,02449.83658,E,3.50,0.0,120826,,,R*79
$GNGGA,080311.40,2756.93256,S,02449.83658,E,4,18,0.7,94.089,M,28.000,M,1.0,0000*74
$GNGST,080311.40,0.012,0.015,0.011,32.1,0.011,0.013,0.021*70
$GNRMC,080311.40,A,2756.93256,S,02449.83658,E,3.50,0.0,120826,,,R*7E
$GNGGA,080311.60,2756.93237,S,02449.83658,E,4,18,0.7,94.089,M,28.000,M,1.0,0000*71
$GNGST,080311.60,0.012,0.015,0.011,32.1,0.011,0.013,0.021*72
$GNRMC,080311.60,A,2756.93237,S,02449.83658,E,3.50,0.0,120826,,,R*7B
$GNGGA,080311.80,2756.93217,S,02449.83658,E,4,18,0.7,94.089,M,28.000,M,1.0,0000*7D
$GNGST,080311.80,0.012,0.015,0.011,32.1,0.011,0.013,0.021*7C
$GNRMC,080311.80,A,2756.93217,S,02449.83658,E,3.50,0.0,120826,,,R*77
$GNGGA,080312.00,2756.93198,S,02449.83658,E,4,18,0.7,94.090,M,28.000,M,1.0,0000*7A
$GNGST,080312.00,0.012,0.015,0.011,32.1,0.011,0.013,0.021*77
$GNRMC,080312.00,A,2756.93198,S,02449.83658,E,3.50,0.0,120826,,,R*78
$GNGGA,080312.20,2756.93178,S,02449.83658,E,4,18,0.7,94.090,M,28.000,M,1.0,0000*76
$GNGST,080312.20,0.012,0.015,0.011,32.1,0.011,0.013,0.021*75
$GNRMC,080312.20,A,2756.93178,S,02449.83658,E,3.50,0.0,120826,,,R*74
$GNGGA,080312.40,2756.93159,S,02449.83658,E,4,18,0.7,94.090,M,28.000,M,1.0,0000*73
$GNGST,080312.40,0.012,0.015,0.011,32.1,0.011,0.013,0.021*73
$GNRMC,080312.40,A,2756.93159,S,02449.83658,E,3.50,0.0,120826,,,R*71
$GNGGA,080312.60,2756.93139,S,02449.83658,E,4,18,0.7,94.090,M,28.000,M,1.0,0000*77
$GNGST,080312.60,0.012,0.015,0.011,32.1,0.011,0.013,0.021*71
$GNRMC,080312.60,A,2756.93139,S,02449.83658,E,3.50,0.0,120826,,,R*75
$GNGGA,080312.80,2756.93120,S,02449.83658,E,4,18,0.7,94.091,M,28.000,M,1.0,0000*70
$GNGST,080312.80,0.012,0.015,0.011,32.1,0.011,0.013,0.021*7F
$GNRMC,080312.80,A,2756.93120,S,02449.83658,E,3.50,0.0,120826,,,R*73
$GNGGA,080313.00,2756.93100,S,02449.83658,E,4,18,0.7,94.091,M,28.000,M,1.0,0000*7B
$GNGST,080313.00,0.012,0.015,0.011,32.1,0.011,0.013,0.021*76
$GNRMC,080313.00,A,2756.93100,S,02449.83658,E,3.50,0.0,120826,,,R*78
$GNGGA,080313.20,2756.93081,S,02449.83658,E,4,18,0.7,94.091,M,28.000,M,1.0,0000*71
$GNGST,080313.20,0.012,0.015,0.011,32.1,0.011,0.013,0.021*74
$GNRMC,080313.20,A,2756.93081,S,02449.83658,E,3.50,0.0,120826,,,R*72
$GNGGA,080313.40,2756.93061,S,02449.83658,E,4,18,0.7,94.091,M,28.000,M,1.0,0000*79
$GNGST,080313.40,0.012,0.015,0.011,32.1,0.011,0.013,0.021*72
$GNRMC,080313.40,A,2756.93061,S,02449.83658,E,3.50,0.0,120826,,,R*7A
$GNGGA,080313.60,2756.93042,S,02449.83658,E,4,18,0.7,94.091,M,28.000,M,1.0,0000*7A
$GNGST,080313.60,0.012,0.015,0.011,32.1,0.011,0.013,0.021*70
$GNRMC,080313.60,A,2756.93042,S,02449.83658,E,3.50,0.0,120826,,,R*79
$GNGGA,080313.80,2756.93022,S,02449.83658,E,4,18,0.7,94.092,M,28.000,M,1.0,0000*71
$GNGST,080313.80,0.012,0.015,0.011,32.1,0.011,0.013,0.021*7E
$GNRMC,080313.80,A,2756.93022,S,02449.83658,E,3.50,0.0,120826,,,R*71
$GNGGA,080314.00,2756.93003,S,02449.83658,E,4,18,0.7,94.092,M,28.000,M,1.0,0000*7D
$GNGST,080314.00,0.012,0.015,0.011,32.1,0.011,0.013,0.021*71
$GNRMC,080314.00,A,2756.93003,S,02449.83658,E,3.50,0.0,120826,,,R*7D
$GNGGA,080314.20,2756.92983,S,02449.83658,E,4,18,0.7,94.092,M,28.000,M,1.0,0000*7F
$GNGST,080314.20,0.012,0.015,0.011,32.1,0.011,0.013,0.021*73
$GNRMC,080314.20,A,2756.92983,S,02449.83658,E,3.50,0.0,120826,,,R*7F
$GNGGA,080314.40,2756.92964,S,02449.83658,E,4,18,0.7,94.092,M,28.000,M,1.0,0000*70
$GNGST,080314.40,0.012,0.015,0.011,32.1,0.011,0.013,0.021*75
$GNRMC,080314.40,A,2756.92964,S,02449.83658,E,3.50,0.0,120826,,,R*70
$GNGGA,080314.60,2756.92944,S,02449.83658,E,4,18,0.7,94.092,M,28.000,M,1.0,0000*70
$GNGST,080314.60,0.012,0.015,0.011,32.1,0.011,0.013,0.021*77
$GNRMC,080314.60,A,2756.92944,S,02449.83658,E,3.50,0.0,120826,,,R*70
$GNGGA,080314.80,2756.92925,S,02449.83658,E,4,18,0.7,94.093,M,28.000,M,1.0,0000*78
$GNGST,080314.80,0.012,0.015,0.011,32.1,0.011,0.013,0.021*79
$GNRMC,080314.80,A,2756.92925,S,02449.83658,E,3.50,0.0,120826,,,R*79
$GNGGA,080315.00,2756.92905,S,02449.83658,E,4,18,0.7,94.093,M,28.000,M,1.0,0000*73
$GNGST,080315.00,0.012,0.015,0.011,32.1,0.011,0.013,0.021*70
$GNRMC,080315.00,A,2756.92905,S,02449.83658,E,3.50,0.0,120826,,,R*72
$GNGGA,080315.20,2756.92886,S,02449.83658,E,4,18,0.7,94.093,M,28.000,M,1.0,0000*7B
$GNGST,080315.20,0.012,0.015,0.011,32.1,0.011,0.013,0.021*72
$GNRMC,080315.20,A,2756.92886,S,02449.83658,E,3.50,0.0,120826,,,R*7A
$GNGGA,080315.40,2756.92866,S,02449.83658,E,4,18,0.7,94.093,M,28.000,M,1.0,0000*73
$GNGST,080315.40,0.012,0.015,0.011,32.1,0.011,0.013,0.021*74
$GNRMC,080315.40,A,2756.92866,S,02449.83658,E,3.50,0.0,120826,,,R*72
$GNGGA,080315.60,2756.92847,S,02449.83658,E,4,18,0.7,94.093,M,28.000,M,1.0,0000*72
$GNGST,080315.60,0.012,0.015,0.011,32.1,0.011,0.013,0.021*76
$GNRMC,080315.60,A,2756.92847,S,02449.83658,E,3.50,0.0,120826,,,R*73
$GNGGA,080315.80,2756.92827,S,02449.83658,E,4,18,0.7,94.094,M,28.000,M,1.0,0000*7D
$GNGST,080315.80,0.012,0.015,0.011,32.1,0.011,0.013,0.021*78
$GNRMC,080315.80,A,2756.92827,S,02449.83658,E,3.50,0.0,120826,,,R*7B
$GNGGA,080316.00,2756.92808,S,02449.83658,E,4,18,0.7,94.094,M,28.000,M,1.0,0000*7B
$GNGST,080316.00,0.012,0.015,0.011,32.1,0.011,0.013,0.021*73
$GNRMC,080316.00,A,2756.92808,S,02449.83658,E,3.50,0.0,120826,,,R*7D
$GNGGA,080316.20,2756.92788,S,02449.83658,E,4,18,0.7,94.094,M,28.000,M,1.0,0000*7E
$GNGST,080316.20,0.012,0.015,0.011,32.1,0.011,0.013,0.021*71
$GNRMC,080316.20,A,2756.92788,S,02449.83658,E,3.50,0.0,120826,,,R*78
$GNGGA,080316.40,2756.92769,S,02449.83658,E,4,18,0.7,94.094,M,28.000,M,1.0,0000*77
$GNGST,080316.40,0.012,0.015,0.011,32.1,0.011,0.013,0.021*77
$GNRMC,080316.40,A,2756.92769,S,02449.83658,E,3.50,0.0,120826,,,R*71
$GNGGA,080316.60,2756.92749,S,02449.83658,E,4,18,0.7,94.094,M,28.000,M,1.0,0000*77
$GNGST,080316.60,0.012,0.015,0.011,32.1,0.011,0.013,0.021*75
$GNRMC,080316.60,A,2756.92749,S,02449.83658,E,3.50,0.0,120826,,,R*71
$GNGGA,080316.80,2756.92730,S,02449.83658,E,4,18,0.7,94.094,M,28.000,M,1.0,0000*77
$GNGST,080316.80,0.012,0.015,0.011,32.1,0.011,0.013,0.021*7B
$GNRMC,080316.80,A,2756.92730,S,02449.83658,E,3.50,0.0,120826,,,R*71
$GNGGA,080317.00,2756.92710,S,02449.83658,E,4,18,0.7,94.094,M,28.000,M,1.0,0000*7C
$GNGST,080317.00,0.012,0.015,0.011,32.1,0.011,0.013,0.021*72
$GNRMC,080317.00,A,2756.92710,S,02449.83658,E,3.50,0.0,120826,,,R*7A
$GNGGA,080317.20,2756.92691,S,02449.83658,E,4,18,0.7,94.095,M,28.000,M,1.0,0000*77
$GNGST,080317.20,0.012,0.015,0.011,32.1,0.011,0.013,0.021*70
$GNRMC,080317.20,A,2756.92691,S,02449.83658,E,3.50,0.0,120826,,,R*70
$GNGGA,080317.40,2756.92671,S,02449.83658,E,4,18,0.7,94.095,M,28.000,M,1.0,0000*7F
$GNGST,080317.40,0.012,0.015,0.011,32.1,0.011,0.013,0.021*76
$GNRMC,080317.40,A,2756.92671,S,02449.83658,E,3.50,0.0,120826,,,R*78
$GNGGA,080317.60,2756.92652,S,02449.83658,E,4,18,0.7,94.095,M,28.000,M,1.0,0000*7C
$GNGST,080317.60,0.012,0.015,0.011,32.1,0.011,0.013,0.021*74
$GNRMC,080317.60,A,2756.92652,S,02449.83658,E,3.50,0.0,120826,,,R*7B
$GNGGA,080317.80,2756.92632,S,02449.83658,E,4,18,0.7,94.095,M,28.000,M,1.0,0000*74
$GNGST,080317.80,0.012,0.015,0.011,32.1,0.011,0.013,0.021*7A
$GNRMC,080317.80,A,2756.92632,S,02449.83658,E,3.50,0.0,120826,,,R*73
$GNGGA,080318.00,2756.92613,S,02449.83658,E,4,18,0.7,94.095,M,28.000,M,1.0,0000*70
$GNGST,080318.00,0.012,0.015,0.011,32.1,0.011,0.013,0.021*7D
$GNRMC,080318.00,A,2756.92613,S,02449.83658,E,3.50,0.0,120826,,,R*77
$GNGGA,080318.20,2756.92593,S,02449.83658,E,4,18,0.7,94.095,M,28.000,M,1.0,0000*79
$GNGST,080318.20,0.012,0.015,0.011,32.1,0.011,0.013,0.021*7F
$GNRMC,080318.20,A,2756.92593,S,02449.83658,E,3.50,0.0,120826,,,R*7E
$GNGGA,080318.40,2756.92574,S,02449.83658,E,4,18,0.7,94.095,M,28.000,M,1.0,0000*76
$GNGST,080318.40,0.012,0.015,0.011,32.1,0.011,0.013,0.021*79
$GNRMC,080318.40,A,2756.92574,S,02449.83658,E,3.50,0.0,120826,,,R*71
$GNGGA,080318.60,2756.92554,S,02449.83658,E,4,18,0.7,94.095,M,28.000,M,1.0,0000*76
$GNGST,080318.60,0.012,0.015,0.011,32.1,0.011,0.013,0.021*7B
$GNRMC,080318.60,A,2756.92554,S,02449.83658,E,3.50,0.0,120826,,,R*71
$GNGGA,080318.80,2756.92535,S,02449.83658,E,4,18,0.7,94.096,M,28.000,M,1.0,0000*7C
$GNGST,080318.80,0.012,0.015,0.011,32.1,0.011,0.013,0.021*75
$GNRMC,080318.80,A,2756.92535,S,02449.83658,E,3.50,0.0,120826,,,R*78
$GNGGA,080319.00,2756.92515,S,02449.83658,E,4,18,0.7,94.096,M,28.000,M,1.0,0000*77
$GNGST,080319.00,0.012,0.015,0.011,32.1,0.011,0.013,0.021*7C
$GNRMC,080319.00,A,2756.92515,S,02449.83658,E,3.50,0.0,120826,,,R*73
$GNGGA,080319.20,2756.92496,S,02449.83658,E,4,18,0.7,94.096,M,28.000,M,1.0,0000*7F
$GNGST,080319.20,0.012,0.015,0.011,32.1,0.011,0.013,0.021*7E
$GNRMC,080319.20,A,2756.92496,S,02449.83658,E,3.50,0.0,120826,,,R*7B
$GNGGA,080319.40,2756.92476,S,02449.83658,E,4,18,0.7,94.096,M,28.000,M,1.0,0000*77
$GNGST,080319.40,0.012,0.015,0.011,32.1,0.011,0.013,0.021*78
$GNRMC,080319.40,A,2756.92476,S,02449.83658,E,3.50,0.0,120826,,,R*73
$GNGGA,080319.60,2756.92457,S,02449.83658,E,4,18,0.7,94.096,M,28.000,M,1.0,0000*76
$GNGST,080319.60,0.012,0.015,0.011,32.1,0.011,0.013,0.021*7A
$GNRMC,080319.60,A,2756.92457,S,02449.83658,E,3.50,0.0,120826,,,R*72
$GNGGA,080319.80,2756.92437,S,02449.83658,E,4,18,0.7,94.096,M,28.000,M,1.0,0000*7E
$GNGST,080319.80,0.012,0.015,0.011,32.1,0.011,0.013,0.021*74
$GNRMC,080319.80,A,2756.92437,S,02449.83658,E,3.50,0.0,120826,,,R*7A
$GNGGA,080320.00,2756.92418,S,02449.83658,E,4,18,0.7,94.096,M,28.000,M,1.0,0000*71
$GNGST,080320.00,0.012,0.015,0.011,32.1,0.011,0.013,0.021*76
$GNRMC,080320.00,A,2756.92418,S,02449.83658,E,3.50,0.0,120826,,,R*75
$GNGGA,080320.20,2756.92398,S,02449.83658,E,4,18,0.7,94.096,M,28.000,M,1.0,0000*7C
$GNGST,080320.20,0.012,0.015,0.011,32.1,0.011,0.013,0.021*74
$GNRMC,080320.20,A,2756.92398,S,02449.83658,E,3.50,0.0,120826,,,R*78
$GNGGA,080320.40,2756.92379,S,02449.83658,E,4,18,0.7,94.096,M,28.000,M,1.0,0000*75
$GNGST,080320.40,0.012,0.015,0.011,32.1,0.011,0.013,0.021*72
$GNRMC,080320.40,A,2756.92379,S,02449.83658,E,3.50,0.0,120826,,,R*71
$GNGGA,080320.60,2756.92359,S,02449.83658,E,4,18,0.7,94.096,M,28.000,M,1.0,0000*75
$GNGST,080320.60,0.012,0.015,0.011,32.1,0.011,0.013,0.021*70
$GNRMC,080320.60,A,2756.92359,S,02449.83658,E,3.50,0.0,120826,,,R*71
$GNGGA,080320.80,2756.92340,S,02449.83658,E,4,18,0.7,94.096,M,28.000,M,1.0,0000*73
$GNGST,080320.80,0.012,0.015,0.011,32.1,0.011,0.013,0.021*7E
$GNRMC,080320.80,A,2756.92340,S,02449.83658,E,3.50,0.0,120826,,,R*77
$GNGGA,080321.00,2756.92320,S,02449.83658,E,4,18,0.7,94.097,M,28.000,M,1.0,0000*7D
$GNGST,080321.00,0.012,0.015,0.011,32.1,0.011,0.013,0.021*77
$GNRMC,080321.00,A,2756.92320,S,02449.83658,E,3.50,0.0,120826,,,R*78
$GNGGA,080321.20,2756.92301,S,02449.83658,E,4,18,0.7,94.097,M,28.000,M,1.0,0000*7C
$GNGST,080321.20,0.012,0.015,0.011,32.1,0.011,0.013,0.021*75
$GNRMC,080321.20,A,2756.92301,S,02449.83658,E,3.50,0.0,120826,,,R*79
$GNGGA,080321.40,2756.92281,S,02449.83658,E,4,18,0.7,94.097,M,28.000,M,1.0,0000*73
$GNGST,080321.40,0.012,0.015,0.011,32.1,0.011,0.013,0.021*73
$GNRMC,080321.40,A,2756.92281,S,02449.83658,E,3.50,0.0,120826,,,R*76
$GNGGA,080321.60,2756.92262,S,02449.83658,E,4,18,0.7,94.097,M,28.000,M,1.0,0000*7C
$GNGST,080321.60,0.012,0.015,0.011,32.1,0.011,0.013,0.021*71
$GNRMC,080321.60,A,2756.92262,S,02449.83658,E,3.50,0.0,120826,,,R*79
$GNGGA,080321.80,2756.92242,S,02449.83658,E,4,18,0.7,94.097,M,28.000,M,1.0,0000*70
$GNGST,080321.80,0.012,0.015,0.011,32.1,0.011,0.013,0.021*7F
$GNRMC,080321.80,A,2756.92242,S,02449.83658,E,3.50,0.0,120826,,,R*75
$GNGGA,080322.00,2756.92223,S,02449.83658,E,4,18,0.7,94.097,M,28.000,M,1.0,0000*7C
$GNGST,080322.00,0.012,0.015,0.011,32.1,0.011,0.013,0.021*74
$GNRMC,080322.00,A,2756.92223,S,02449.83658,E,3.50,0.0,120826,,,R*79
$GNGGA,080322.20,2756.92203,S,02449.83658,E,4,18,0.7,94.097,M,28.000,M,1.0,0000*7C
$GNGST,080322.20,0.012,0.015,0.011,32.1,0.011,0.013,0.021*76
$GNRMC,080322.20,A,2756.92203,S,02449.83658,E,3.50,0.0,120826,,,R*79
$GNGGA,080322.40,2756.92184,S,02449.83658,E,4,18,0.7,94.097,M,28.000,M,1.0,0000*76
$GNGST,080322.40,0.012,0.015,0.011,32.1,0.011,0.013,0.021*70
$GNRMC,080322.40,A,2756.92184,S,02449.83658,E,3.50,0.0,120826,,,R*73
$GNGGA,080322.60,2756.92164,S,02449.83658,E,4,18,0.7,94.097,M,28.000,M,1.0,0000*7A
$GNGST,080322.60,0.012,0.015,0.011,32.1,0.011,0.013,0.021*72
$GNRMC,080322.60,A,2756.92164,S,02449.83658,E,3.50,0.0,120826,,,R*7F
$GNGGA,080322.80,2756.92145,S,02449.83658,E,4,18,0.7,94.097,M,28.000,M,1.0,0000*77
$GNGST,080322.80,0.012,0.015,0.011,32.1,0.011,0.013,0.021*7C
$GNRMC,080322.80,A,2756.92145,S,02449.83658,E,3.50,0.0,120826,,,R*72
$GNGGA,080323.00,2756.92126,S,02449.83658,E,4,18,0.7,94.097,M,28.000,M,1.0,0000*7B
$GNGST,080323.00,0.012,0.015,0.011,32.1,0.011,0.013,0.021*75
$GNRMC,080323.00,A,2756.92126,S,02449.83658,E,3.50,0.0,120826,,,R*7E
$GNGGA,080323.20,2756.92106,S,02449.83658,E,4,18,0.7,94.097,M,28.000,M,1.0,0000*7B
$GNGST,080323.20,0.012,0.015,0.011,32.1,0.011,0.013,0.021*77
$GNRMC,080323.20,A,2756.92106,S,02449.83658,E,3.50,0.0,120826,,,R*7E
$GNGGA,080323.40,2756.92087,S,02449.83658,E,4,18,0.7,94.097,M,28.000,M,1.0,0000*75
$GNGST,080323.40,0.012,0.015,0.011,32.1,0.011,0.013,0.021*71
$GNRMC,080323.40,A,2756.92087,S,02449.83658,E,3.50,0.0,120826,,,R*70
$GNGGA,080323.60,2756.92067,S,02449.83658,E,4,18,0.7,94.097,M,28.000,M,1.0,0000*79
$GNGST,080323.60,0.012,0.015,0.011,32.1,0.011,0.013,0.021*73
$GNRMC,080323.60,A,2756.92067,S,02449.83658,E,3.50,0.0,120826,,,R*7C
$GNGGA,080323.80,2756.92048,S,02449.83658,E,4,18,0.7,94.098,M,28.000,M,1.0,0000*75
$GNGST,080323.80,0.012,0.015,0.011,32.1,0.011,0.013,0.021*7D
$GNRMC,080323.80,A,2756.92048,S,02449.83658,E,3.50,0.0,120826,,,R*7F
$GNGGA,080324.00,2756.92028,S,02449.83658,E,4,18,0.7,94.098,M,28.000,M,1.0,0000*7C
$GNGST,080324.00,0.012,0.015,0.011,32.1,0.011,0.013,0.021*72
$GNRMC,080324.00,A,2756.92028,S,02449.83658,E,3.50,0.0,120826,,,R*76
$GNGGA,080324.20,2756.92009,S,02449.83658,E,4,18,0.7,94.098,M,28.000,M,1.0,0000*7D
$GNGST,080324.20,0.012,0.015,0.011,32.1,0.011,0.013,0.021*70
$GNRMC,080324.20,A,2756.92009,S,02449.83658,E,3.50,0.0,120826,,,R*77
$GNGGA,080324.40,2756.91989,S,02449.83658,E,4,18,0.7,94.098,M,28.000,M,1.0,0000*79
$GNGST,080324.40,0.012,0.015,0.011,32.1,0.011,0.013,0.021*76
$GNRMC,080324.40,A,2756.91989,S,02449.83658,E,3.50,0.0,120826,,,R*73
$GNGGA,080324.60,2756.91970,S,02449.83658,E,4,18,0.7,94.098,M,28.000,M,1.0,0000*7D
$GNGST,080324.60,0.012,0.015,0.011,32.1,0.011,0.013,0.021*74
$GNRMC,080324.60,A,2756.91970,S,02449.83658,E,3.50,0.0,120826,,,R*77
$GNGGA,080324.80,2756.91950,S,02449.83658,E,4,18,0.7,94.098,M,28.000,M,1.0,0000*71
$GNGST,080324.80,0.012,0.015,0.011,32.1,0.011,0.013,0.021*7A
$GNRMC,080324.80,A,2756.91950,S,02449.83658,E,3.50,0.0,120826,,,R*7B
$GNGGA,080325.00,2756.91931,S,02449.83658,E,4,18,0.7,94.098,M,28.000,M,1.0,0000*7F
$GNGST,080325.00,0.012,0.015,0.011,32.1,0.011,0.013,0.021*73
$GNRMC,080325.00,A,2756.91931,S,02449.83658,E,3.50,0.0,120826,,,R*75
$GNGGA,080325.20,2756.91911,S,02449.83658,E,4,18,0.7,94.098,M,28.000,M,1.0,0000*7F
$GNGST,080325.20,0.012,0.015,0.011,32.1,0.011,0.013,0.021*71
$GNRMC,080325.20,A,2756.91911,S,02449.83658,E,3.50,0.0,120826,,,R*75
$GNGGA,080325.40,2756.91892,S,02449.83658,E,4,18,0.7,94.098,M,28.000,M,1.0,0000*73
$GNGST,080325.40,0.012,0.015,0.011,32.1,0.011,0.013,0.021*77
$GNRMC,080325.40,A,2756.91892,S,02449.83658,E,3.50,0.0,120826,,,R*79
$GNGGA,080325.60,2756.91872,S,02449.83658,E,4,18,0.7,94.098,M,28.000,M,1.0,0000*7F
$GNGST,080325.60,0.012,0.015,0.011,32.1,0.011,0.013,0.021*75
$GNRMC,080325.60,A,2756.91872,S,02449.83658,E,3.50,0.0,120826,,,R*75
$GNGGA,080325.80,2756.91853,S,02449.83658,E,4,18,0.7,94.098,M,28.000,M,1.0,0000*72
$GNGST,080325.80,0.012,0.015,0.011,32.1,0.011,0.013,0.021*7B
$GNRMC,080325.80,A,2756.91853,S,02449.83658,E,3.50,0.0,120826,,,R*78
$GNGGA,080326.00,2756.91833,S,02449.83658,E,4,18,0.7,94.098,M,28.000,M,1.0,0000*7F
$GNGST,080326.00,0.012,0.015,0.011,32.1,0.011,0.013,0.021*70
$GNRMC,080326.00,A,2756.91833,S,02449.83658,E,3.50,0.0,120826,,,R*75
$GNGGA,080326.20,2756.91814,S,02449.83658,E,4,18,0.7,94.098,M,28.000,M,1.0,0000*78
$GNGST,080326.20,0.012,0.015,0.011,32.1,0.011,0.013,0.021*72
$GNRMC,080326.20,A,2756.91814,S,02449.83658,E,3.50,0.0,120826,,,R*72
$GNGGA,080326.40,2756.91794,S,02449.83658,E,4,18,0.7,94.098,M,28.000,M,1.0,0000*79
$GNGST,080326.40,0.012,0.015,0.011,32.1,0.011,0.013,0.021*74
$GNRMC,080326.40,A,2756.91794,S,02449.83658,E,3.50,0.0,120826,,,R*73
$GNGGA,080326.60,2756.91775,S,02449.83658,E,4,18,0.7,94.098,M,28.000,M,1.0,0000*74
$GNGST,080326.60,0.012,0.015,0.011,32.1,0.011,0.013,0.021*76
$GNRMC,080326.60,A,2756.91775,S,02449.83658,E,3.50,0.0,120826,,,R*7E
$GNGGA,080326.80,2756.91755,S,02449.83658,E,4,18,0.7,94.098,M,28.000,M,1.0,0000*78
$GNGST,080326.80,0.012,0.015,0.011,32.1,0.011,0.013,0.021*78
$GNRMC,080326.80,A,2756.91755,S,02449.83658,E,3.50,0.0,120826,,,R*72
$GNGGA,080327.00,2756.91736,S,02449.83658,E,4,18,0.7,94.099,M,28.000,M,1.0,0000*75
$GNGST,080327.00,0.012,0.015,0.011,32.1,0.011,0.013,0.021*71
$GNRMC,080327.00,A,2756.91736,S,02449.83658,E,3.50,0.0,120826,,,R*7E
$GNGGA,080327.20,2756.91716,S,02449.83658,E,4,18,0.7,94.099,M,28.000,M,1.0,0000*75
$GNGST,080327.20,0.012,0.015,0.011,32.1,0.011,0.013,0.021*73
$GNRMC,080327.20,A,2756.91716,S,02449.83658,E,3.50,0.0,120826,,,R*7E
$GNGGA,080327.40,2756.91697,S,02449.83658,E,4,18,0.7,94.099,M,28.000,M,1.0,0000*7B
$GNGST,080327.40,0.012,0.015,0.011,32.1,0.011,0.013,0.021*75
$GNRMC,080327.40,A,2756.91697,S,02449.83658,E,3.50,0.0,120826,,,R*70
$GNGGA,080327.60,2756.91677,S,02449.83658,E,4,18,0.7,94.099,M,28.000,M,1.0,0000*77
$GNGST,080327.60,0.012,0.015,0.011,32.1,0.011,0.013,0.021*77
$GNRMC,080327.60,A,2756.91677,S,02449.83658,E,3.50,0.0,120826,,,R*7C
$GNGGA,080327.80,2756.91658,S,02449.83658,E,4,18,0.7,94.099,M,28.000,M,1.0,0000*74
$GNGST,080327.80,0.012,0.015,0.011,32.1,0.011,0.013,0.021*79
$GNRMC,080327.80,A,2756.91658,S,02449.83658,E,3.50,0.0,120826,,,R*7F
$GNGGA,080328.00,2756.91638,S,02449.83658,E,4,18,0.7,94.099,M,28.000,M,1.0,0000*75
$GNGST,080328.00,0.012,0.015,0.011,32.1,0.011,0.013,0.021*7E
$GNRMC,080328.00,A,2756.91638,S,02449.83658,E,3.50,0.0,120826,,,R*7E
$GNGGA,080328.20,2756.91619,S,02449.83658,E,4,18,0.7,94.099,M,28.000,M,1.0,0000*74
$GNGST,080328.20,0.012,0.015,0.011,32.1,0.011,0.013,0.021*7C
$GNRMC,080328.20,A,2756.91619,S,02449.83658,E,3.50,0.0,120826,,,R*7F
$GNGGA,080328.40,2756.91599,S,02449.83658,E,4,18,0.7,94.099,M,28.000,M,1.0,0000*79
$GNGST,080328.40,0.012,0.015,0.011,32.1,0.011,0.013,0.021*7A
$GNRMC,080328.40,A,2756.91599,S,02449.83658,E,3.50,0.0,120826,,,R*72
$GNGGA,080328.60,2756.91580,S,02449.83658,E,4,18,0.7,94.099,M,28.000,M,1.0,0000*73
$GNGST,080328.60,0.012,0.015,0.011,32.1,0.011,0.013,0.021*78
$GNRMC,080328.60,A,2756.91580,S,02449.83658,E,3.50,0.0,120826,,,R*78
$GNGGA,080328.80,2756.91560,S,02449.83658,E,4,18,0.7,94.099,M,28.000,M,1.0,0000*73
$GNGST,080328.80,0.012,0.015,0.011,32.1,0.011,0.013,0.021*76
$GNRMC,080328.80,A,2756.91560,S,02449.83658,E,3.50,0.0,120826,,,R*78
$GNGGA,080329.00,2756.91541,S,02449.83658,E,4,18,0.7,94.099,M,28.000,M,1.0,0000*79
$GNGST,080329.00,0.012,0.015,0.011,32.1,0.011,0.013,0.021*7F
$GNRMC,080329.00,A,2756.91541,S,02449.83658,E,3.50,0.0,120826,,,R*72
$GNGGA,080329.20,2756.91521,S,02449.83658,E,4,18,0.7,94.099,M,28.000,M,1.0,0000*7D
$GNGST,080329.20,0.012,0.015,0.011,32.1,0.011,0.013,0.021*7D
$GNRMC,080329.20,A,2756.91521,S,02449.83658,E,3.50,0.0,120826,,,R*76
$GNGGA,080329.40,2756.91502,S,02449.83658,E,4,18,0.7,94.099,M,28.000,M,1.0,0000*7A
$GNGST,080329.40,0.012,0.015,0.011,32.1,0.011,0.013,0.021*7B
$GNRMC,080329.40,A,2756.91502,S,02449.83658,E,3.50,0.0,120826,,,R*71
$GNGGA,080329.60,2756.91482,S,02449.83658,E,4,18,0.7,94.100,M,28.000,M,1.0,0000*70
$GNGST,080329.60,0.012,0.015,0.011,32.1,0.011,0.013,0.021*79
$GNRMC,080329.60,A,2756.91482,S,02449.83658,E,3.50,0.0,120826,,,R*7A
$GNGGA,080329.80,2756.91463,S,02449.83658,E,4,18,0.7,94.100,M,28.000,M,1.0,0000*71
$GNGST,080329.80,0.012,0.015,0.011,32.1,0.011,0.013,0.021*77
$GNRMC,080329.80,A,2756.91463,S,02449.83658,E,3.50,0.0,120826,,,R*7B
$GNGGA,080330.00,2756.91443,S,02449.83658,E,4,18,0.7,94.100,M,28.000,M,1.0,0000*73
$GNGST,080330.00,0.012,0.015,0.011,32.1,0.011,0.013,0.021*77
$GNRMC,080330.00,A,2756.91443,S,02449.83658,E,3.50,0.0,120826,,,R*79
$GNGGA,080330.20,2756.91424,S,02449.83658,E,4,18,0.7,94.100,M,28.000,M,1.0,0000*70
$GNGST,080330.20,0.012,0.015,0.011,32.1,0.011,0.013,0.021*75
$GNRMC,080330.20,A,2756.91424,S,02449.83658,E,3.50,0.0,120826,,,R*7A
$GNGGA,080330.40,2756.91404,S,02449.83658,E,4,18,0.7,94.100,M,28.000,M,1.0,0000*74
$GNGST,080330.40,0.012,0.015,0.011,32.1,0.011,0.013,0.021*73
$GNRMC,080330.40,A,2756.91404,S,02449.83658,E,3.50,0.0,120826,,,R*7E
$GNGGA,080330.60,2756.91385,S,02449.83658,E,4,18,0.7,94.100,M,28.000,M,1.0,0000*78
$GNGST,080330.60,0.012,0.015,0.011,32.1,0.011,0.013,0.021*71
$GNRMC,080330.60,A,2756.91385,S,02449.83658,E,3.50,0.0,120826,,,R*72
$GNGGA,080330.80,2756.91365,S,02449.83658,E,4,18,0.7,94.100,M,28.000,M,1.0,0000*78
$GNGST,080330.80,0.012,0.015,0.011,32.1,0.011,0.013,0.021*7F
$GNRMC,080330.80,A,2756.91365,S,02449.83658,E,3.50,0.0,120826,,,R*72
$GNGGA,080331.00,2756.91346,S,02449.83658,E,4,18,0.7,94.100,M,28.000,M,1.0,0000*70
$GNGST,080331.00,0.012,0.015,0.011,32.1,0.011,0.013,0.021*76
$GNRMC,080331.00,A,2756.91346,S,02449.83658,E,3.50,0.0,120826,,,R*7A
$GNGGA,080331.20,2756.91326,S,02449.83658,E,4,18,0.7,94.100,M,28.000,M,1.0,0000*74
$GNGST,080331.20,0.012,0.015,0.011,32.1,0.011,0.013,0.021*74
$GNRMC,080331.20,A,2756.91326,S,02449.83658,E,3.50,0.0,120826,,,R*7E
$GNGGA,080331.40,2756.91307,S,02449.83658,E,4,18,0.7,94.101,M,28.000,M,1.0,0000*70
$GNGST,080331.40,0.012,0.015,0.011,32.1,0.011,0.013,0.021*72
$GNRMC,080331.40,A,2756.91307,S,02449.83658,E,3.50,0.0,120826,,,R*7B
$GNGGA,080331.60,2756.91287,S,02449.83658,E,4,18,0.7,94.101,M,28.000,M,1.0,0000*7B
$GNGST,080331.60,0.012,0.015,0.011,32.1,0.011,0.013,0.021*70
$GNRMC,080331.60,A,2756.91287,S,02449.83658,E,3.50,0.0,120826,,,R*70
$GNGGA,080331.80,2756.91268,S,02449.83658,E,4,18,0.7,94.101,M,28.000,M,1.0,0000*74
$GNGST,080331.80,0.012,0.015,0.011,32.1,0.011,0.013,0.021*7E
$GNRMC,080331.80,A,2756.91268,S,02449.83658,E,3.50,0.0,120826,,,R*7F
$GNGGA,080332.00,2756.91248,S,02449.83658,E,4,18,0.7,94.101,M,28.000,M,1.0,0000*7D
$GNGST,080332.00,0.012,0.015,0.011,32.1,0.011,0.013,0.021*75
$GNRMC,080332.00,A,2756.91248,S,02449.83658,E,3.50,0.0,120826,,,R*76
$GNGGA,080332.20,2756.91229,S,02449.83658,E,4,18,0.7,94.101,M,28.000,M,1.0,0000*78
$GNGST,080332.20,0.012,0.015,0.011,32.1,0.011,0.013,0.021*77
$GNRMC,080332.20,A,2756.91229,S,02449.83658,E,3.50,0.0,120826,,,R*73
$GNGGA,080332.40,2756.91209,S,02449.83658,E,4,18,0.7,94.101,M,28.000,M,1.0,0000*7C
$GNGST,080332.40,0.012,0.015,0.011,32.1,0.011,0.013,0.021*71
$GNRMC,080332.40,A,2756.91209,S,02449.83658,E,3.50,0.0,120826,,,R*77
$GNGGA,080332.60,2756.91190,S,02449.83658,E,4,18,0.7,94.101,M,28.000,M,1.0,0000*7D
$GNGST,080332.60,0.012,0.015,0.011,32.1,0.011,0.013,0.021*73
$GNRMC,080332.60,A,2756.91190,S,02449.83658,E,3.50,0.0,120826,,,R*76
$GNGGA,080332.80,2756.91170,S,02449.83658,E,4,18,0.7,94.101,M,28.000,M,1.0,0000*7D
$GNGST,080332.80,0.012,0.015,0.011,32.1,0.011,0.013,0.021*7D
$GNRMC,080332.80,A,2756.91170,S,02449.83658,E,3.50,0.0,120826,,,R*76
$GNGGA,080333.00,2756.91151,S,02449.83658,E,4,18,0.7,94.102,M,28.000,M,1.0,0000*74
$GNGST,080333.00,0.012,0.015,0.011,32.1,0.011,0.013,0.021*74
$GNRMC,080333.00,A,2756.91151,S,02449.83658,E,3.50,0.0,120826,,,R*7C
$GNGGA,080333.20,2756.91131,S,02449.83658,E,4,18,0.7,94.102,M,28.000,M,1.0,0000*70
$GNGST,080333.20,0.012,0.015,0.011,32.1,0.011,0.013,0.021*76
$GNRMC,080333.20,A,2756.91131,S,02449.83658,E,3.50,0.0,120826,,,R*78
$GNGGA,080333.40,2756.91112,S,02449.83658,E,4,18,0.7,94.102,M,28.000,M,1.0,0000*77
$GNGST,080333.40,0.012,0.015,0.011,32.1,0.011,0.013,0.021*70
$GNRMC,080333.40,A,2756.91112,S,02449.83658,E,3.50,0.0,120826,,,R*7F
$GNGGA,080333.60,2756.91092,S,02449.83658,E,4,18,0.7,94.102,M,28.000,M,1.0,0000*7C
$GNGST,080333.60,0.012,0.015,0.011,32.1,0.011,0.013,0.021*72
$GNRMC,080333.60,A,2756.91092,S,02449.83658,E,3.50,0.0,120826,,,R*74
$GNGGA,080333.80,2756.91073,S,02449.83658,E,4,18,0.7,94.102,M,28.000,M,1.0,0000*7D
$GNGST,080333.80,0.012,0.015,0.011,32.1,0.011,0.013,0.021*7C
$GNRMC,080333.80,A,2756.91073,S,02449.83658,E,3.50,0.0,120826,,,R*75
$GNGGA,080334.00,2756.91053,S,02449.83658,E,4,18,0.7,94.102,M,28.000,M,1.0,0000*70
$GNGST,080334.00,0.012,0.015,0.011,32.1,0.011,0.013,0.021*73
$GNRMC,080334.00,A,2756.91053,S,02449.83658,E,3.50,0.0,120826,,,R*78
$GNGGA,080334.20,2756.91034,S,02449.83658,E,4,18,0.7,94.103,M,28.000,M,1.0,0000*72
$GNGST,080334.20,0.012,0.015,0.011,32.1,0.011,0.013,0.021*71
$GNRMC,080334.20,A,2756.91034,S,02449.83658,E,3.50,0.0,120826,,,R*7B
$GNGGA,080334.40,2756.91015,S,02449.83658,E,4,18,0.7,94.103,M,28.000,M,1.0,0000*77
$GNGST,080334.40,0.012,0.015,0.011,32.1,0.011,0.013,0.021*77
$GNRMC,080334.40,A,2756.91015,S,02449.83658,E,3.50,0.0,120826,,,R*7E
$GNGGA,080334.60,2756.90995,S,02449.83658,E,4,18,0.7,94.103,M,28.000,M,1.0,0000*75
$GNGST,080334.60,0.012,0.015,0.011,32.1,0.011,0.013,0.021*75
$GNRMC,080334.60,A,2756.90995,S,02449.83658,E,3.50,0.0,120826,,,R*7C
$GNGGA,080334.80,2756.90976,S,02449.83658,E,4,18,0.7,94.103,M,28.000,M,1.0,0000*76
$GNGST,080334.80,0.012,0.015,0.011,32.1,0.011,0.013,0.021*7B
$GNRMC,080334.80,A,2756.90976,S,02449.83658,E,3.50,0.0,120826,,,R*7F
$GNGGA,080335.00,2756.90956,S,02449.83658,E,4,18,0.7,94.103,M,28.000,M,1.0,0000*7D
$GNGST,080335.00,0.012,0.015,0.011,32.1,0.011,0.013,0.021*72
$GNRMC,080335.00,A,2756.90956,S,02449.83658,E,3.50,0.0,120826,,,R*74
$GNGGA,080335.20,2756.90937,S,02449.83658,E,4,18,0.7,94.104,M,28.000,M,1.0,0000*7F
$GNGST,080335.20,0.012,0.015,0.011,32.1,0.011,0.013,0.021*70
$GNRMC,080335.20,A,2756.90937,S,02449.83658,E,3.50,0.0,120826,,,R*71
$GNGGA,080335.40,2756.90917,S,02449.83658,E,4,18,0.7,94.104,M,28.000,M,1.0,0000*7B
$GNGST,080335.40,0.012,0.015,0.011,32.1,0.011,0.013,0.021*76
$GNRMC,080335.40,A,2756.90917,S,02449.83658,E,3.50,0.0,120826,,,R*75
$GNGGA,080335.60,2756.90898,S,02449.83658,E,4,18,0.7,94.104,M,28.000,M,1.0,0000*7F
$GNGST,080335.60,0.012,0.015,0.011,32.1,0.011,0.013,0.021*74
$GNRMC,080335.60,A,2756.90898,S,02449.83658,E,3.50,0.0,120826,,,R*71
$GNGGA,080335.80,2756.90878,S,02449.83658,E,4,18,0.7,94.104,M,28.000,M,1.0,0000*7F
$GNGST,080335.80,0.012,0.015,0.011,32.1,0.011,0.013,0.021*7A
$GNRMC,080335.80,A,2756.90878,S,02449.83658,E,3.50,0.0,120826,,,R*71
$GNGGA,080336.00,2756.90859,S,02449.83658,E,4,18,0.7,94.105,M,28.000,M,1.0,0000*76
$GNGST,080336.00,0.012,0.015,0.011,32.1,0.011,0.013,0.021*71
$GNRMC,080336.00,A,2756.90859,S,02449.83658,E,3.50,0.0,120826,,,R*79
$GNGGA,080336.20,2756.90839,S,02449.83658,E,4,18,0.7,94.105,M,28.000,M,1.0,0000*72
$GNGST,080336.20,0.012,0.015,0.011,32.1,0.011,0.013,0.021*73
$GNRMC,080336.20,A,2756.90839,S,02449.83658,E,3.50,0.0,120826,,,R*7D
$GNGGA,080336.40,2756.90820,S,02449.83658,E,4,18,0.7,94.105,M,28.000,M,1.0,0000*7C
$GNGST,080336.40,0.012,0.015,0.011,32.1,0.011,0.013,0.021*75
$GNRMC,080336.40,A,2756.90820,S,02449.83658,E,3.50,0.0,120826,,,R*73
$GNGGA,080336.60,2756.90800,S,02449.83658,E,4,18,0.7,94.105,M,28.000,M,1.0,0000*7C
$GNGST,080336.60,0.012,0.015,0.011,32.1,0.011,0.013,0.021*77
$GNRMC,080336.60,A,2756.90800,S,02449.83658,E,3.50,0.0,120826,,,R*73
$GNGGA,080336.80,2756.90781,S,02449.83658,E,4,18,0.7,94.106,M,28.000,M,1.0,0000*77
$GNGST,080336.80,0.012,0.015,0.011,32.1,0.011,0.013,0.021*79
$GNRMC,080336.80,A,2756.90781,S,02449.83658,E,3.50,0.0,120826,,,R*7B
$GNGGA,080337.00,2756.90761,S,02449.83658,E,4,18,0.7,94.106,M,28.000,M,1.0,0000*70
$GNGST,080337.00,0.012,0.015,0.011,32.1,0.011,0.013,0.021*70
$GNRMC,080337.00,A,2756.90761,S,02449.83658,E,3.50,0.0,120826,,,R*7C
$GNGGA,080337.20,2756.90742,S,02449.83658,E,4,18,0.7,94.106,M,28.000,M,1.0,0000*73
$GNGST,080337.20,0.012,0.015,0.011,32.1,0.011,0.013,0.021*72
$GNRMC,080337.20,A,2756.90742,S,02449.83658,E,3.50,0.0,120826,,,R*7F
$GNGGA,080337.40,2756.90722,S,02449.83658,E,4,18,0.7,94.106,M,28.000,M,1.0,0000*73
$GNGST,080337.40,0.012,0.015,0.011,32.1,0.011,0.013,0.021*74
$GNRMC,080337.40,A,2756.90722,S,02449.83658,E,3.50,0.0,120826,,,R*7F
$GNGGA,080337.60,2756.90703,S,02449.83658,E,4,18,0.7,94.107,M,28.000,M,1.0,0000*73
$GNGST,080337.60,0.012,0.015,0.011,32.1,0.011,0.013,0.021*76
$GNRMC,080337.60,A,2756.90703,S,02449.83658,E,3.50,0.0,120826,,,R*7E
$GNGGA,080337.80,2756.90683,S,02449.83658,E,4,18,0.7,94.107,M,28.000,M,1.0,0000*74
$GNGST,080337.80,0.012,0.015,0.011,32.1,0.011,0.013,0.021*78
$GNRMC,080337.80,A,2756.90683,S,02449.83658,E,3.50,0.0,120826,,,R*79
$GNGGA,080338.00,2756.90664,S,02449.83658,E,4,18,0.7,94.107,M,28.000,M,1.0,0000*7A
$GNGST,080338.00,0.012,0.015,0.011,32.1,0.011,0.013,0.021*7F
$GNRMC,080338.00,A,2756.90664,S,02449.83658,E,3.50,0.0,120826,,,R*77
$GNGGA,080338.20,2756.90644,S,02449.83658,E,4,18,0.7,94.108,M,28.000,M,1.0,0000*75
$GNGST,080338.20,0.012,0.015,0.011,32.1,0.011,0.013,0.021*7D
$GNRMC,080338.20,A,2756.90644,S,02449.83658,E,3.50,0.0,120826,,,R*77
$GNGGA,080338.40,2756.90625,S,02449.83658,E,4,18,0.7,94.108,M,28.000,M,1.0,0000*74
$GNGST,080338.40,0.012,0.015,0.011,32.1,0.011,0.013,0.021*7B
$GNRMC,080338.40,A,2756.90625,S,02449.83658,E,3.50,0.0,120826,,,R*76
$GNGGA,080338.60,2756.90605,S,02449.83658,E,4,18,0.7,94.108,M,28.000,M,1.0,0000*74
$GNGST,080338.60,0.012,0.015,0.011,32.1,0.011,0.013,0.021*79
$GNRMC,080338.60,A,2756.90605,S,02449.83658,E,3.50,0.0,120826,,,R*76
$GNGGA,080338.80,2756.90586,S,02449.83658,E,4,18,0.7,94.109,M,28.000,M,1.0,0000*73
$GNGST,080338.80,0.012,0.015,0.011,32.1,0.011,0.013,0.021*77
$GNRMC,080338.80,A,2756.90586,S,02449.83658,E,3.50,0.0,120826,,,R*70
$GNGGA,080339.00,2756.90566,S,02449.83658,E,4,18,0.7,94.109,M,28.000,M,1.0,0000*74
$GNGST,080339.00,0.012,0.015,0.011,32.1,0.011,0.013,0.021*7E
$GNRMC,080339.00,A,2756.90566,S,02449.83658,E,3.50,0.0,120826,,,R*77
$GNGGA,080339.20,2756.90547,S,02449.83658,E,4,18,0.7,94.109,M,28.000,M,1.0,0000*75
$GNGST,080339.20,0.012,0.015,0.011,32.1,0.011,0.013,0.021*7C
$GNRMC,080339.20,A,2756.90547,S,02449.83658,E,3.50,0.0,120826,,,R*76
$GNGGA,080339.40,2756.90527,S,02449.83658,E,4,18,0.7,94.110,M,28.000,M,1.0,0000*7D
$GNGST,080339.40,0.012,0.015,0.011,32.1,0.011,0.013,0.021*7A
$GNRMC,080339.40,A,2756.90527,S,02449.83658,E,3.50,0.0,120826,,,R*76
$GNGGA,080339.60,2756.90508,S,02449.83658,E,4,18,0.7,94.110,M,28.000,M,1.0,0000*72
$GNGST,080339.60,0.012,0.015,0.011,32.1,0.011,0.013,0.021*78
$GNRMC,080339.60,A,2756.90508,S,02449.83658,E,3.50,0.0,120826,,,R*79
$GNGGA,080339.80,2756.90488,S,02449.83658,E,4,18,0.7,94.110,M,28.000,M,1.0,0000*75
$GNGST,080339.80,0.012,0.015,0.011,32.1,0.011,0.013,0.021*76
$GNRMC,080339.80,A,2756.90488,S,02449.83658,E,3.50,0.0,120826,,,R*7E
$GNGGA,080340.00,2756.90469,S,02449.83658,E,4,18,0.7,94.111,M,28.000,M,1.0,0000*7D
$GNGST,080340.00,0.012,0.015,0.011,32.1,0.011,0.013,0.021*70
$GNRMC,080340.00,A,2756.90469,S,02449.83658,E,3.50,0.0,120826,,,R*77
$GNGGA,080340.20,2756.90458,S,02449.83677,E,4,18,0.7,94.111,M,28.000,M,1.0,0000*70
$GNGST,080340.20,0.012,0.015,0.011,32.1,0.011,0.013,0.021*72
$GNRMC,080340.20,A,2756.90458,S,02449.83677,E,3.50,57.1,120826,,,R*49
$GNGGA,080340.40,2756.90447,S,02449.83695,E,4,18,0.7,94.111,M,28.000,M,1.0,0000*74
$GNGST,080340.40,0.012,0.015,0.011,32.1,0.011,0.013,0.021*74
$GNRMC,080340.40,A,2756.90447,S,02449.83695,E,3.50,57.1,120826,,,R*4D
$GNGGA,080340.60,2756.90437,S,02449.83714,E,4,18,0.7,94.112,M,28.000,M,1.0,0000*7A
$GNGST,080340.60,0.012,0.015,0.011,32.1,0.011,0.013,0.021*76
$GNRMC,080340.60,A,2756.90437,S,02449.83714,E,3.50,57.1,120826,,,R*40
$GNGGA,080340.80,2756.90426,S,02449.83732,E,4,18,0.7,94.112,M,28.000,M,1.0,0000*70
$GNGST,080340.80,0.012,0.015,0.011,32.1,0.011,0.013,0.021*78
$GNRMC,080340.80,A,2756.90426,S,02449.83732,E,3.50,57.1,120826,,,R*4A
$GNGGA,080341.00,2756.90416,S,02449.83751,E,4,18,0.7,94.112,M,28.000,M,1.0,0000*7F
$GNGST,080341.00,0.012,0.015,0.011,32.1,0.011,0.013,0.021*71
$GNRMC,080341.00,A,2756.90416,S,02449.83751,E,3.50,57.1,120826,,,R*45
$GNGGA,080341.20,2756.90405,S,02449.83769,E,4,18,0.7,94.112,M,28.000,M,1.0,0000*74
$GNGST,080341.20,0.012,0.015,0.011,32.1,0.011,0.013,0.021*73
$GNRMC,080341.20,A,2756.90405,S,02449.83769,E,3.50,57.1,120826,,,R*4E
$GNGGA,080341.40,2756.90394,S,02449.83788,E,4,18,0.7,94.113,M,28.000,M,1.0,0000*73
$GNGST,080341.40,0.012,0.015,0.011,32.1,0.011,0.013,0.021*75
$GNRMC,080341.40,A,2756.90394,S,02449.83788,E,3.50,57.1,120826,,,R*48
$GNGGA,080341.60,2756.90384,S,02449.83806,E,4,18,0.7,94.113,M,28.000,M,1.0,0000*79
$GNGST,080341.60,0.012,0.015,0.011,32.1,0.011,0.013,0.021*77
$GNRMC,080341.60,A,2756.90384,S,02449.83806,E,3.50,57.1,120826,,,R*42
$GNGGA,080341.80,2756.90373,S,02449.83825,E,4,18,0.7,94.113,M,28.000,M,1.0,0000*7E
$GNGST,080341.80,0.012,0.015,0.011,32.1,0.011,0.013,0.021*79
$GNRMC,080341.80,A,2756.90373,S,02449.83825,E,3.50,57.1,120826,,,R*45
$GNGGA,080342.00,2756.90362,S,02449.83843,E,4,18,0.7,94.114,M,28.000,M,1.0,0000*72
$GNGST,080342.00,0.012,0.015,0.011,32.1,0.011,0.013,0.021*72
$GNRMC,080342.00,A,2756.90362,S,02449.83843,E,3.50,57.1,120826,,,R*4E
$GNGGA,080342.20,2756.90352,S,02449.83862,E,4,18,0.7,94.114,M,28.000,M,1.0,0000*70
$GNGST,080342.20,0.012,0.015,0.011,32.1,0.011,0.013,0.021*70
$GNRMC,080342.20,A,2756.90352,S,02449.83862,E,3.50,57.1,120826,,,R*4C
$GNGGA,080342.40,2756.90341,S,02449.83880,E,4,18,0.7,94.114,M,28.000,M,1.0,0000*78
$GNGST,080342.40,0.012,0.015,0.011,32.1,0.011,0.013,0.021*76
$GNRMC,080342.40,A,2756.90341,S,02449.83880,E,3.50,57.1,120826,,,R*44
$GNGGA,080342.60,2756.90331,S,02449.83898,E,4,18,0.7,94.115,M,28.000,M,1.0,0000*75
$GNGST,080342.60,0.012,0.015,0.011,32.1,0.011,0.013,0.021*74
$GNRMC,080342.60,A,2756.90331,S,02449.83898,E,3.50,57.1,120826,,,R*48
$GNGGA,080342.80,2756.90320,S,02449.83917,E,4,18,0.7,94.115,M,28.000,M,1.0,0000*7D
$GNGST,080342.80,0.012,0.015,0.011,32.1,0.011,0.013,0.021*7A
$GNRMC,080342.80,A,2756.90320,S,02449.83917,E,3.50,57.1,120826,,,R*40
$GNGGA,080343.00,2756.90309,S,02449.83935,E,4,18,0.7,94.116,M,28.000,M,1.0,0000*7C
$GNGST,080343.00,0.012,0.015,0.011,32.1,0.011,0.013,0.021*73
$GNRMC,080343.00,A,2756.90309,S,02449.83935,E,3.50,57.1,120826,,,R*42
$GNGGA,080343.20,2756.90299,S,02449.83954,E,4,18,0.7,94.116,M,28.000,M,1.0,0000*71
$GNGST,080343.20,0.012,0.015,0.011,32.1,0.011,0.013,0.021*71
$GNRMC,080343.20,A,2756.90299,S,02449.83954,E,3.50,57.1,120826,,,R*4F
$GNGGA,080343.40,2756.90288,S,02449.83972,E,4,18,0.7,94.116,M,28.000,M,1.0,0000*73
$GNGST,080343.40,0.012,0.015,0.011,32.1,0.011,0.013,0.021*77
$GNRMC,080343.40,A,2756.90288,S,02449.83972,E,3.50,57.1,120826,,,R*4D
$GNGGA,080343.60,2756.90277,S,02449.83991,E,4,18,0.7,94.117,M,28.000,M,1.0,0000*7D
$GNGST,080343.60,0.012,0.015,0.011,32.1,0.011,0.013,0.021*75
$GNRMC,080343.60,A,2756.90277,S,02449.83991,E,3.50,57.1,120826,,,R*42
$GNGGA,080343.80,2756.90267,S,02449.84009,E,4,18,0.7,94.117,M,28.000,M,1.0,0000*7D
$GNGST,080343.80,0.012,0.015,0.011,32.1,0.011,0.013,0.021*7B
$GNRMC,080343.80,A,2756.90267,S,02449.84009,E,3.50,57.1,120826,,,R*42
$GNGGA,080344.00,2756.90256,S,02449.84028,E,4,18,0.7,94.118,M,28.000,M,1.0,0000*7C
$GNGST,080344.00,0.012,0.015,0.011,32.1,0.011,0.013,0.021*74
$GNRMC,080344.00,A,2756.90256,S,02449.84028,E,3.50,57.1,120826,,,R*4C
$GNGGA,080344.20,2756.90245,S,02449.84046,E,4,18,0.7,94.118,M,28.000,M,1.0,0000*74
$GNGST,080344.20,0.012,0.015,0.011,32.1,0.011,0.013,0.021*76
$GNRMC,080344.20,A,2756.90245,S,02449.84046,E,3.50,57.1,120826,,,R*44
$GNGGA,080344.40,2756.90235,S,02449.84065,E,4,18,0.7,94.118,M,28.000,M,1.0,0000*74
$GNGST,080344.40,0.012,0.015,0.011,32.1,0.011,0.013,0.021*70
$GNRMC,080344.40,A,2756.90235,S,02449.84065,E,3.50,57.1,120826,,,R*44
$GNGGA,080344.60,2756.90224,S,02449.84083,E,4,18,0.7,94.119,M,28.000,M,1.0,0000*7F
$GNGST,080344.60,0.012,0.015,0.011,32.1,0.011,0.013,0.021*72
$GNRMC,080344.60,A,2756.90224,S,02449.84083,E,3.50,57.1,120826,,,R*4E
$GNGGA,080344.80,2756.90214,S,02449.84102,E,4,18,0.7,94.119,M,28.000,M,1.0,0000*7A
$GNGST,080344.80,0.012,0.015,0.011,32.1,0.011,0.013,0.021*7C
$GNRMC,080344.80,A,2756.90214,S,02449.84102,E,3.50,57.1,120826,,,R*4B
$GNGGA,080345.00,2756.90203,S,02449.84120,E,4,18,0.7,94.120,M,28.000,M,1.0,0000*7F
$GNGST,080345.00,0.012,0.015,0.011,32.1,0.011,0.013,0.021*75
$GNRMC,080345.00,A,2756.90203,S,02449.84120,E,3.50,57.1,120826,,,R*44
$GNGGA,080345.20,2756.90192,S,02449.84139,E,4,18,0.7,94.120,M,28.000,M,1.0,0000*7E
$GNGST,080345.20,0.012,0.015,0.011,32.1,0.011,0.013,0.021*77
$GNRMC,080345.20,A,2756.90192,S,02449.84139,E,3.50,57.1,120826,,,R*45
$GNGGA,080345.40,2756.90182,S,02449.84157,E,4,18,0.7,94.121,M,28.000,M,1.0,0000*70
$GNGST,080345.40,0.012,0.015,0.011,32.1,0.011,0.013,0.021*71
$GNRMC,080345.40,A,2756.90182,S,02449.84157,E,3.50,57.1,120826,,,R*4A
$GNGGA,080345.60,2756.90171,S,02449.84176,E,4,18,0.7,94.121,M,28.000,M,1.0,0000*7D
$GNGST,080345.60,0.012,0.015,0.011,32.1,0.011,0.013,0.021*73
$GNRMC,080345.60,A,2756.90171,S,02449.84176,E,3.50,57.1,120826,,,R*47
$GNGGA,080345.80,2756.90160,S,02449.84194,E,4,18,0.7,94.122,M,28.000,M,1.0,0000*7C
$GNGST,080345.80,0.012,0.015,0.011,32.1,0.011,0.013,0.021*7D
$GNRMC,080345.80,A,2756.90160,S,02449.84194,E,3.50,57.1,120826,,,R*45
$GNGGA,080346.00,2756.90150,S,02449.84213,E,4,18,0.7,94.122,M,28.000,M,1.0,0000*78
$GNGST,080346.00,0.012,0.015,0.011,32.1,0.011,0.013,0.021*76
$GNRMC,080346.00,A,2756.90150,S,02449.84213,E,3.50,57.1,120826,,,R*41
$GNGGA,080346.20,2756.90139,S,02449.84231,E,4,18,0.7,94.123,M,28.000,M,1.0,0000*74
$GNGST,080346.20,0.012,0.015,0.011,32.1,0.011,0.013,0.021*74
$GNRMC,080346.20,A,2756.90139,S,02449.84231,E,3.50,57.1,120826,,,R*4C
$GNGGA,080346.40,2756.90129,S,02449.84250,E,4,18,0.7,94.123,M,28.000,M,1.0,0000*74
$GNGST,080346.40,0.012,0.015,0.011,32.1,0.011,0.013,0.021*72
$GNRMC,080346.40,A,2756.90129,S,02449.84250,E,3.50,57.1,120826,,,R*4C
$GNGGA,080346.60,2756.90118,S,02449.84268,E,4,18,0.7,94.124,M,28.000,M,1.0,0000*78
$GNGST,080346.60,0.012,0.015,0.011,32.1,0.011,0.013,0.021*70
$GNRMC,080346.60,A,2756.90118,S,02449.84268,E,3.50,57.1,120826,,,R*47
$GNGGA,080346.80,2756.90107,S,02449.84286,E,4,18,0.7,94.125,M,28.000,M,1.0,0000*79
$GNGST,080346.80,0.012,0.015,0.011,32.1,0.011,0.013,0.021*7E
$GNRMC,080346.80,A,2756.90107,S,02449.84286,E,3.50,57.1,120826,,,R*47
$GNGGA,080347.00,2756.90097,S,02449.84305,E,4,18,0.7,94.125,M,28.000,M,1.0,0000*72
$GNGST,080347.00,0.012,0.015,0.011,32.1,0.011,0.013,0.021*77
$GNRMC,080347.00,A,2756.90097,S,02449.84305,E,3.50,57.1,120826,,,R*4C
$GNGGA,080347.20,2756.90086,S,02449.84323,E,4,18,0.7,94.126,M,28.000,M,1.0,0000*77
$GNGST,080347.20,0.012,0.015,0.011,32.1,0.011,0.013,0.021*75
$GNRMC,080347.20,A,2756.90086,S,02449.84323,E,3.50,57.1,120826,,,R*4A
$GNGGA,080347.40,2756.90075,S,02449.84342,E,4,18,0.7,94.126,M,28.000,M,1.0,0000*7A
$GNGST,080347.40,0.012,0.015,0.011,32.1,0.011,0.013,0.021*73
$GNRMC,080347.40,A,2756.90075,S,02449.84342,E,3.50,57.1,120826,,,R*47
$GNGGA,080347.60,2756.90065,S,02449.84360,E,4,18,0.7,94.127,M,28.000,M,1.0,0000*78
$GNGST,080347.60,0.012,0.015,0.011,32.1,0.011,0.013,0.021*71
$GNRMC,080347.60,A,2756.90065,S,02449.84360,E,3.50,57.1,120826,,,R*44
$GNGGA,080347.80,2756.90054,S,02449.84379,E,4,18,0.7,94.128,M,28.000,M,1.0,0000*73
$GNGST,080347.80,0.012,0.015,0.011,32.1,0.011,0.013,0.021*7F
$GNRMC,080347.80,A,2756.90054,S,02449.84379,E,3.50,57.1,120826,,,R*40
$GNGGA,080348.00,2756.90043,S,02449.84397,E,4,18,0.7,94.128,M,28.000,M,1.0,0000*72
$GNGST,080348.00,0.012,0.015,0.011,32.1,0.011,0.013,0.021*78
$GNRMC,080348.00,A,2756.90043,S,02449.84397,E,3.50,57.1,120826,,,R*41
$GNGGA,080348.20,2756.90033,S,02449.84416,E,4,18,0.7,94.129,M,28.000,M,1.0,0000*78
$GNGST,080348.20,0.012,0.015,0.011,32.1,0.011,0.013,0.021*7A
$GNRMC,080348.20,A,2756.90033,S,02449.84416,E,3.50,57.1,120826,,,R*4A
$GNGGA,080348.40,2756.90022,S,02449.84434,E,4,18,0.7,94.129,M,28.000,M,1.0,0000*7E
$GNGST,080348.40,0.012,0.015,0.011,32.1,0.011,0.013,0.021*7C
$GNRMC,080348.40,A,2756.90022,S,02449.84434,E,3.50,57.1,120826,,,R*4C
$GNGGA,080348.60,2756.90012,S,02449.84453,E,4,18,0.7,94.130,M,28.000,M,1.0,0000*76
$GNGST,080348.60,0.012,0.015,0.011,32.1,0.011,0.013,0.021*7E
$GNRMC,080348.60,A,2756.90012,S,02449.84453,E,3.50,57.1,120826,,,R*4C
$GNGGA,080348.80,2756.90001,S,02449.84471,E,4,18,0.7,94.131,M,28.000,M,1.0,0000*7B
$GNGST,080348.80,0.012,0.015,0.011,32.1,0.011,0.013,0.021*70
$GNRMC,080348.80,A,2756.90001,S,02449.84471,E,3.50,57.1,120826,,,R*40
$GNGGA,080349.00,2756.89990,S,02449.84490,E,4,18,0.7,94.131,M,28.000,M,1.0,0000*74
$GNGST,080349.00,0.012,0.015,0.011,32.1,0.011,0.013,0.021*79
$GNRMC,080349.00,A,2756.89990,S,02449.84490,E,3.50,57.1,120826,,,R*4F
$GNGGA,080349.20,2756.89980,S,02449.84508,E,4,18,0.7,94.132,M,28.000,M,1.0,0000*74
$GNGST,080349.20,0.012,0.015,0.011,32.1,0.011,0.013,0.021*7B
$GNRMC,080349.20,A,2756.89980,S,02449.84508,E,3.50,57.1,120826,,,R*4C
$GNGGA,080349.40,2756.89969,S,02449.84527,E,4,18,0.7,94.133,M,28.000,M,1.0,0000*79
$GNGST,080349.40,0.012,0.015,0.011,32.1,0.011,0.013,0.021*7D
$GNRMC,080349.40,A,2756.89969,S,02449.84527,E,3.50,57.1,120826,,,R*40
$GNGGA,080349.60,2756.89958,S,02449.84545,E,4,18,0.7,94.134,M,28.000,M,1.0,0000*7A
$GNGST,080349.60,0.012,0.015,0.011,32.1,0.011,0.013,0.021*7F
$GNRMC,080349.60,A,2756.89958,S,02449.84545,E,3.50,57.1,120826,,,R*44
$GNGGA,080349.80,2756.89948,S,02449.84564,E,4,18,0.7,94.134,M,28.000,M,1.0,0000*76
$GNGST,080349.80,0.012,0.015,0.011,32.1,0.011,0.013,0.021*71
$GNRMC,080349.80,A,2756.89948,S,02449.84564,E,3.50,57.1,120826,,,R*48
$GNGGA,080350.00,2756.89937,S,02449.84582,E,4,18,0.7,94.135,M,28.000,M,1.0,0000*77
$GNGST,080350.00,0.012,0.015,0.011,32.1,0.011,0.013,0.021*71
$GNRMC,080350.00,A,2756.89937,S,02449.84582,E,3.50,57.1,120826,,,R*48
$GNGGA,080350.20,2756.89927,S,02449.84601,E,4,18,0.7,94.136,M,28.000,M,1.0,0000*7F
$GNGST,080350.20,0.012,0.015,0.011,32.1,0.011,0.013,0.021*73
$GNRMC,080350.20,A,2756.89927,S,02449.84601,E,3.50,57.1,120826,,,R*43
$GNGGA,080350.40,2756.89916,S,02449.84619,E,4,18,0.7,94.137,M,28.000,M,1.0,0000*73
$GNGST,080350.40,0.012,0.015,0.011,32.1,0.011,0.013,0.021*75
$GNRMC,080350.40,A,2756.89916,S,02449.84619,E,3.50,57.1,120826,,,R*4E
$GNGGA,080350.60,2756.89905,S,02449.84638,E,4,18,0.7,94.137,M,28.000,M,1.0,0000*70
$GNGST,080350.60,0.012,0.015,0.011,32.1,0.011,0.013,0.021*77
$GNRMC,080350.60,A,2756.89905,S,02449.84638,E,3.50,57.1,120826,,,R*4D
$GNGGA,080350.80,2756.89895,S,02449.84656,E,4,18,0.7,94.138,M,28.000,M,1.0,0000*71
$GNGST,080350.80,0.012,0.015,0.011,32.1,0.011,0.013,0.021*79
$GNRMC,080350.80,A,2756.89895,S,02449.84656,E,3.50,57.1,120826,,,R*43
$GNGGA,080351.00,2756.89884,S,02449.84674,E,4,18,0.7,94.139,M,28.000,M,1.0,0000*79
$GNGST,080351.00,0.012,0.015,0.011,32.1,0.011,0.013,0.021*70
$GNRMC,080351.00,A,2756.89884,S,02449.84674,E,3.50,57.1,120826,,,R*4A
$GNGGA,080351.20,2756.89873,S,02449.84693,E,4,18,0.7,94.140,M,28.000,M,1.0,0000*74
$GNGST,080351.20,0.012,0.015,0.011,32.1,0.011,0.013,0.021*72
$GNRMC,080351.20,A,2756.89873,S,02449.84693,E,3.50,57.1,120826,,,R*49
$GNGGA,080351.40,2756.89863,S,02449.84711,E,4,18,0.7,94.140,M,28.000,M,1.0,0000*78
$GNGST,080351.40,0.012,0.015,0.011,32.1,0.011,0.013,0.021*74
$GNRMC,080351.40,A,2756.89863,S,02449.84711,E,3.50,57.1,120826,,,R*45
$GNGGA,080351.60,2756.89852,S,02449.84730,E,4,18,0.7,94.141,M,28.000,M,1.0,0000*7A
$GNGST,080351.60,0.012,0.015,0.011,32.1,0.011,0.013,0.021*76
$GNRMC,080351.60,A,2756.89852,S,02449.84730,E,3.50,57.1,120826,,,R*46
$GNGGA,080351.80,2756.89841,S,02449.84748,E,4,18,0.7,94.142,M,28.000,M,1.0,0000*7A
$GNGST,080351.80,0.012,0.015,0.011,32.1,0.011,0.013,0.021*78
$GNRMC,080351.80,A,2756.89841,S,02449.84748,E,3.50,57.1,120826,,,R*45
$GNGGA,080352.00,2756.89831,S,02449.84767,E,4,18,0.7,94.143,M,28.000,M,1.0,0000*7A
$GNGST,080352.00,0.012,0.015,0.011,32.1,0.011,0.013,0.021*73
$GNRMC,080352.00,A,2756.89831,S,02449.84767,E,3.50,57.1,120826,,,R*44
$GNGGA,080352.20,2756.89820,S,02449.84785,E,4,18,0.7,94.144,M,28.000,M,1.0,0000*73
$GNGST,080352.20,0.012,0.015,0.011,32.1,0.011,0.013,0.021*71
$GNRMC,080352.20,A,2756.89820,S,02449.84785,E,3.50,57.1,120826,,,R*4A
$GNGGA,080352.40,2756.89810,S,02449.84804,E,4,18,0.7,94.145,M,28.000,M,1.0,0000*71
$GNGST,080352.40,0.012,0.015,0.011,32.1,0.011,0.013,0.021*77
$GNRMC,080352.40,A,2756.89810,S,02449.84804,E,3.50,57.1,120826,,,R*49
$GNGGA,080352.60,2756.89799,S,02449.84822,E,4,18,0.7,94.145,M,28.000,M,1.0,0000*79
$GNGST,080352.60,0.012,0.015,0.011,32.1,0.011,0.013,0.021*75
$GNRMC,080352.60,A,2756.89799,S,02449.84822,E,3.50,57.1,120826,,,R*41
$GNGGA,080352.80,2756.89788,S,02449.84841,E,4,18,0.7,94.146,M,28.000,M,1.0,0000*71
$GNGST,080352.80,0.012,0.015,0.011,32.1,0.011,0.013,0.021*7B
$GNRMC,080352.80,A,2756.89788,S,02449.84841,E,3.50,57.1,120826,,,R*4A
$GNGGA,080353.00,2756.89778,S,02449.84859,E,4,18,0.7,94.147,M,28.000,M,1.0,0000*7F
$GNGST,080353.00,0.012,0.015,0.011,32.1,0.011,0.013,0.021*72
$GNRMC,080353.00,A,2756.89778,S,02449.84859,E,3.50,57.1,120826,,,R*45
$GNGGA,080353.20,2756.89767,S,02449.84878,E,4,18,0.7,94.148,M,28.000,M,1.0,0000*7F
$GNGST,080353.20,0.012,0.015,0.011,32.1,0.011,0.013,0.021*70
$GNRMC,080353.20,A,2756.89767,S,02449.84878,E,3.50,57.1,120826,,,R*4A
$GNGGA,080353.40,2756.89787,S,02449.84878,E,4,18,0.7,94.147,M,28.000,M,1.0,0000*78
$GNGST,080353.40,0.012,0.015,0.011,32.1,0.011,0.013,0.021*76
$GNRMC,080353.40,A,2756.89787,S,02449.84878,E,3.50,180.0,120826,,,R*78
$GNGGA,080353.60,2756.89806,S,02449.84878,E,4,18,0.7,94.146,M,28.000,M,1.0,0000*7D
$GNGST,080353.60,0.012,0.015,0.011,32.1,0.011,0.013,0.021*74
$GNRMC,080353.60,A,2756.89806,S,02449.84878,E,3.50,180.0,120826,,,R*7C
$GNGGA,080353.80,2756.89826,S,02449.84878,E,4,18,0.7,94.145,M,28.000,M,1.0,0000*72
$GNGST,080353.80,0.012,0.015,0.011,32.1,0.011,0.013,0.021*7A
$GNRMC,080353.80,A,2756.89826,S,02449.84878,E,3.50,180.0,120826,,,R*70
$GNGGA,080354.00,2756.89845,S,02449.84878,E,4,18,0.7,94.144,M,28.000,M,1.0,0000*79
$GNGST,080354.00,0.012,0.015,0.011,32.1,0.011,0.013,0.021*75
$GNRMC,080354.00,A,2756.89845,S,02449.84878,E,3.50,180.0,120826,,,R*7A
$GNGGA,080354.20,2756.89865,S,02449.84878,E,4,18,0.7,94.143,M,28.000,M,1.0,0000*7E
$GNGST,080354.20,0.012,0.015,0.011,32.1,0.011,0.013,0.021*77
$GNRMC,080354.20,A,2756.89865,S,02449.84878,E,3.50,180.0,120826,,,R*7A
$GNGGA,080354.40,2756.89884,S,02449.84878,E,4,18,0.7,94.142,M,28.000,M,1.0,0000*76
$GNGST,080354.40,0.012,0.015,0.011,32.1,0.011,0.013,0.021*71
$GNRMC,080354.40,A,2756.89884,S,02449.84878,E,3.50,180.0,120826,,,R*73
$GNGGA,080354.60,2756.89904,S,02449.84878,E,4,18,0.7,94.141,M,28.000,M,1.0,0000*7E
$GNGST,080354.60,0.012,0.015,0.011,32.1,0.011,0.013,0.021*73
$GNRMC,080354.60,A,2756.89904,S,02449.84878,E,3.50,180.0,120826,,,R*78
$GNGGA,080354.80,2756.89923,S,02449.84878,E,4,18,0.7,94.140,M,28.000,M,1.0,0000*74
$GNGST,080354.80,0.012,0.015,0.011,32.1,0.011,0.013,0.021*7D
$GNRMC,080354.80,A,2756.89923,S,02449.84878,E,3.50,180.0,120826,,,R*73
$GNGGA,080355.00,2756.89942,S,02449.84878,E,4,18,0.7,94.139,M,28.000,M,1.0,0000*74
$GNGST,080355.00,0.012,0.015,0.011,32.1,0.011,0.013,0.021*74
$GNRMC,080355.00,A,2756.89942,S,02449.84878,E,3.50,180.0,120826,,,R*7D
$GNGGA,080355.20,2756.89962,S,02449.84878,E,4,18,0.7,94.138,M,28.000,M,1.0,0000*75
$GNGST,080355.20,0.012,0.015,0.011,32.1,0.011,0.013,0.021*76
$GNRMC,080355.20,A,2756.89962,S,02449.84878,E,3.50,180.0,120826,,,R*7D
$GNGGA,080355.40,2756.89981,S,02449.84878,E,4,18,0.7,94.137,M,28.000,M,1.0,0000*71
$GNGST,080355.40,0.012,0.015,0.011,32.1,0.011,0.013,0.021*70
$GNRMC,080355.40,A,2756.89981,S,02449.84878,E,3.50,180.0,120826,,,R*76
$GNGGA,080355.60,2756.90001,S,02449.84878,E,4,18,0.7,94.136,M,28.000,M,1.0,0000*7B
$GNGST,080355.60,0.012,0.015,0.011,32.1,0.011,0.013,0.021*72
$GNRMC,080355.60,A,2756.90001,S,02449.84878,E,3.50,180.0,120826,,,R*7D
$GNGGA,080355.80,2756.90020,S,02449.84878,E,4,18,0.7,94.135,M,28.000,M,1.0,0000*75
$GNGST,080355.80,0.012,0.015,0.011,32.1,0.011,0.013,0.021*7C
$GNRMC,080355.80,A,2756.90020,S,02449.84878,E,3.50,180.0,120826,,,R*70
$GNGGA,080356.00,2756.90040,S,02449.84878,E,4,18,0.7,94.134,M,28.000,M,1.0,0000*79
$GNGST,080356.00,0.012,0.015,0.011,32.1,0.011,0.013,0.021*77
$GNRMC,080356.00,A,2756.90040,S,02449.84878,E,3.50,180.0,120826,,,R*7D
$GNGGA,080356.20,2756.90059,S,02449.84878,E,4,18,0.7,94.133,M,28.000,M,1.0,0000*74
$GNGST,080356.20,0.012,0.015,0.011,32.1,0.011,0.013,0.021*75
$GNRMC,080356.20,A,2756.90059,S,02449.84878,E,3.50,180.0,120826,,,R*77
$GNGGA,080356.40,2756.90079,S,02449.84878,E,4,18,0.7,94.132,M,28.000,M,1.0,0000*71
$GNGST,080356.40,0.012,0.015,0.011,32.1,0.011,0.013,0.021*73
$GNRMC,080356.40,A,2756.90079,S,02449.84878,E,3.50,180.0,120826,,,R*73
$GNGGA,080356.60,2756.90098,S,02449.84878,E,4,18,0.7,94.131,M,28.000,M,1.0,0000*7F
$GNGST,080356.60,0.012,0.015,0.011,32.1,0.011,0.013,0.021*71
$GNRMC,080356.60,A,2756.90098,S,02449.84878,E,3.50,180.0,120826,,,R*7E
$GNGGA,080356.80,2756.90118,S,02449.84878,E,4,18,0.7,94.130,M,28.000,M,1.0,0000*79
$GNGST,080356.80,0.012,0.015,0.011,32.1,0.011,0.013,0.021*7F
$GNRMC,080356.80,A,2756.90118,S,02449.84878,E,3.50,180.0,120826,,,R*79
$GNGGA,080357.00,2756.90137,S,02449.84878,E,4,18,0.7,94.129,M,28.000,M,1.0,0000*75
$GNGST,080357.00,0.012,0.015,0.011,32.1,0.011,0.013,0.021*76
$GNRMC,080357.00,A,2756.90137,S,02449.84878,E,3.50,180.0,120826,,,R*7D
$GNGGA,080357.20,2756.90157,S,02449.84878,E,4,18,0.7,94.128,M,28.000,M,1.0,0000*70
$GNGST,080357.20,0.012,0.015,0.011,32.1,0.011,0.013,0.021*74
$GNRMC,080357.20,A,2756.90157,S,02449.84878,E,3.50,180.0,120826,,,R*79
$GNGGA,080357.40,2756.90176,S,02449.84878,E,4,18,0.7,94.127,M,28.000,M,1.0,0000*7A
$GNGST,080357.40,0.012,0.015,0.011,32.1,0.011,0.013,0.021*72
$GNRMC,080357.40,A,2756.90176,S,02449.84878,E,3.50,180.0,120826,,,R*7C
$GNGGA,080357.60,2756.90196,S,02449.84878,E,4,18,0.7,94.126,M,28.000,M,1.0,0000*77
$GNGST,080357.60,0.012,0.015,0.011,32.1,0.011,0.013,0.021*70
$GNRMC,080357.60,A,2756.90196,S,02449.84878,E,3.50,180.0,120826,,,R*70
$GNGGA,080357.80,2756.90215,S,02449.84878,E,4,18,0.7,94.125,M,28.000,M,1.0,0000*72
$GNGST,080357.80,0.012,0.015,0.011,32.1,0.011,0.013,0.021*7E
$GNRMC,080357.80,A,2756.90215,S,02449.84878,E,3.50,180.0,120826,,,R*76
$GNGGA,080358.00,2756.90235,S,02449.84878,E,4,18,0.7,94.124,M,28.000,M,1.0,0000*76
$GNGST,080358.00,0.012,0.015,0.011,32.1,0.011,0.013,0.021*79
$GNRMC,080358.00,A,2756.90235,S,02449.84878,E,3.50,180.0,120826,,,R*73
$GNGGA,080358.20,2756.90254,S,02449.84878,E,4,18,0.7,94.124,M,28.000,M,1.0,0000*73
$GNGST,080358.20,0.012,0.015,0.011,32.1,0.011,0.013,0.021*7B
$GNRMC,080358.20,A,2756.90254,S,02449.84878,E,3.50,180.0,120826,,,R*76
$GNGGA,080358.40,2756.90274,S,02449.84878,E,4,18,0.7,94.123,M,28.000,M,1.0,0000*70
$GNGST,080358.40,0.012,0.015,0.011,32.1,0.011,0.013,0.021*7D
$GNRMC,080358.40,A,2756.90274,S,02449.84878,E,3.50,180.0,120826,,,R*72
$GNGGA,080358.60,2756.90293,S,02449.84878,E,4,18,0.7,94.122,M,28.000,M,1.0,0000*7A
$GNGST,080358.60,0.012,0.015,0.011,32.1,0.011,0.013,0.021*7F
$GNRMC,080358.60,A,2756.90293,S,02449.84878,E,3.50,180.0,120826,,,R*79
$GNGGA,080358.80,2756.90313,S,02449.84878,E,4,18,0.7,94.121,M,28.000,M,1.0,0000*7E
$GNGST,080358.80,0.012,0.015,0.011,32.1,0.011,0.013,0.021*71
$GNRMC,080358.80,A,2756.90313,S,02449.84878,E,3.50,180.0,120826,,,R*7E
$GNGGA,080359.00,2756.90332,S,02449.84878,E,4,18,0.7,94.120,M,28.000,M,1.0,0000*75
$GNGST,080359.00,0.012,0.015,0.011,32.1,0.011,0.013,0.021*78
$GNRMC,080359.00,A,2756.90332,S,02449.84878,E,3.50,180.0,120826,,,R*74
$GNGGA,080359.20,2756.90352,S,02449.84878,E,4,18,0.7,94.119,M,28.000,M,1.0,0000*7B
$GNGST,080359.20,0.012,0.015,0.011,32.1,0.011,0.013,0.021*7A
$GNRMC,080359.20,A,2756.90352,S,02449.84878,E,3.50,180.0,120826,,,R*70
$GNGGA,080359.40,2756.90371,S,02449.84878,E,4,18,0.7,94.119,M,28.000,M,1.0,0000*7C
$GNGST,080359.40,0.012,0.015,0.011,32.1,0.011,0.013,0.021*7C
$GNRMC,080359.40,A,2756.90371,S,02449.84878,E,3.50,180.0,120826,,,R*77
$GNGGA,080359.60,2756.90391,S,02449.84878,E,4,18,0.7,94.118,M,28.000,M,1.0,0000*71
$GNGST,080359.60,0.012,0.015,0.011,32.1,0.011,0.013,0.021*7E
$GNRMC,080359.60,A,2756.90391,S,02449.84878,E,3.50,180.0,120826,,,R*7B
$GNGGA,080359.80,2756.90410,S,02449.84878,E,4,18,0.7,94.117,M,28.000,M,1.0,0000*7E
$GNGST,080359.80,0.012,0.015,0.011,32.1,0.011,0.013,0.021*70
$GNRMC,080359.80,A,2756.90410,S,02449.84878,E,3.50,180.0,120826,,,R*7B
$GNGGA,080400.00,2756.90430,S,02449.84878,E,4,18,0.7,94.116,M,28.000,M,1.0,0000*7E
$GNGST,080400.00,0.012,0.015,0.011,32.1,0.011,0.013,0.021*73
$GNRMC,080400.00,A,2756.90430,S,02449.84878,E,3.50,180.0,120826,,,R*7A
$GNGGA,080400.20,2756.90449,S,02449.84878,E,4,18,0.7,94.115,M,28.000,M,1.0,0000*71
$GNGST,080400.20,0.012,0.015,0.011,32.1,0.011,0.013,0.021*71
$GNRMC,080400.20,A,2756.90449,S,02449.84878,E,3.50,180.0,120826,,,R*76
$GNGGA,080400.40,2756.90469,S,02449.84878,E,4,18,0.7,94.115,M,28.000,M,1.0,0000*75
$GNGST,080400.40,0.012,0.015,0.011,32.1,0.011,0.013,0.021*77
$GNRMC,080400.40,A,2756.90469,S,02449.84878,E,3.50,180.0,120826,,,R*72
$GNGGA,080400.60,2756.90488,S,02449.84878,E,4,18,0.7,94.114,M,28.000,M,1.0,0000*79
$GNGST,080400.60,0.012,0.015,0.011,32.1,0.011,0.013,0.021*75
$GNRMC,080400.60,A,2756.90488,S,02449.84878,E,3.50,180.0,120826,,,R*7F
$GNGGA,080400.80,2756.90508,S,02449.84878,E,4,18,0.7,94.113,M,28.000,M,1.0,0000*79
$GNGST,080400.80,0.012,0.015,0.011,32.1,0.011,0.013,0.021*7B
$GNRMC,080400.80,A,2756.90508,S,02449.84878,E,3.50,180.0,120826,,,R*78
$GNGGA,080401.00,2756.90527,S,02449.84878,E,4,18,0.7,94.112,M,28.000,M,1.0,0000*7C
$GNGST,080401.00,0.012,0.015,0.011,32.1,0.011,0.013,0.021*72
$GNRMC,080401.00,A,2756.90527,S,02449.84878,E,3.50,180.0,120826,,,R*7C
$GNGGA,080401.20,2756.90547,S,02449.84878,E,4,18,0.7,94.112,M,28.000,M,1.0,0000*78
$GNGST,080401.20,0.012,0.015,0.011,32.1,0.011,0.013,0.021*70
$GNRMC,080401.20,A,2756.90547,S,02449.84878,E,3.50,180.0,120826,,,R*78
$GNGGA,080401.40,2756.90566,S,02449.84878,E,4,18,0.7,94.111,M,28.000,M,1.0,0000*7E
$GNGST,080401.40,0.012,0.015,0.011,32.1,0.011,0.013,0.021*76
$GNRMC,080401.40,A,2756.90566,S,02449.84878,E,3.50,180.0,120826,,,R*7D
$GNGGA,080401.60,2756.90586,S,02449.84878,E,4,18,0.7,94.110,M,28.000,M,1.0,0000*73
$GNGST,080401.60,0.012,0.015,0.011,32.1,0.011,0.013,0.021*74
$GNRMC,080401.60,A,2756.90586,S,02449.84878,E,3.50,180.0,120826,,,R*71
$GNGGA,080401.80,2756.90605,S,02449.84878,E,4,18,0.7,94.110,M,28.000,M,1.0,0000*75
$GNGST,080401.80,0.012,0.015,0.011,32.1,0.011,0.013,0.021*7A
$GNRMC,080401.80,A,2756.90605,S,02449.84878,E,3.50,180.0,120826,,,R*77
$GNGGA,080402.00,2756.90625,S,02449.84878,E,4,18,0.7,94.109,M,28.000,M,1.0,0000*74
$GNGST,080402.00,0.012,0.015,0.011,32.1,0.011,0.013,0.021*71
$GNRMC,080402.00,A,2756.90625,S,02449.84878,E,3.50,180.0,120826,,,R*7E
$GNGGA,080402.20,2756.90644,S,02449.84878,E,4,18,0.7,94.108,M,28.000,M,1.0,0000*70
$GNGST,080402.20,0.012,0.015,0.011,32.1,0.011,0.013,0.021*73
$GNRMC,080402.20,A,2756.90644,S,02449.84878,E,3.50,180.0,120826,,,R*7B
$GNGGA,080402.40,2756.90664,S,02449.84878,E,4,18,0.7,94.107,M,28.000,M,1.0,0000*7B
$GNGST,080402.40,0.012,0.015,0.011,32.1,0.011,0.013,0.021*75
$GNRMC,080402.40,A,2756.90664,S,02449.84878,E,3.50,180.0,120826,,,R*7F
$GNGGA,080402.60,2756.90683,S,02449.84878,E,4,18,0.7,94.107,M,28.000,M,1.0,0000*70
$GNGST,080402.60,0.012,0.015,0.011,32.1,0.011,0.013,0.021*77
$GNRMC,080402.60,A,2756.90683,S,02449.84878,E,3.50,180.0,120826,,,R*74
$GNGGA,080402.80,2756.90703,S,02449.84878,E,4,18,0.7,94.106,M,28.000,M,1.0,0000*76
$GNGST,080402.80,0.012,0.015,0.011,32.1,0.011,0.013,0.021*79
$GNRMC,080402.80,A,2756.90703,S,02449.84878,E,3.50,180.0,120826,,,R*73
$GNGGA,080403.00,2756.90722,S,02449.84878,E,4,18,0.7,94.106,M,28.000,M,1.0,0000*7C
$GNGST,080403.00,0.012,0.015,0.011,32.1,0.011,0.013,0.021*70
$GNRMC,080403.00,A,2756.90722,S,02449.84878,E,3.50,180.0,120826,,,R*79
$GNGGA,080403.20,2756.90742,S,02449.84878,E,4,18,0.7,94.105,M,28.000,M,1.0,0000*7B
$GNGST,080403.20,0.012,0.015,0.011,32.1,0.011,0.013,0.021*72
$GNRMC,080403.20,A,2756.90742,S,02449.84878,E,3.50,180.0,120826,,,R*7D
$GNGGA,080403.40,2756.90761,S,02449.84878,E,4,18,0.7,94.104,M,28.000,M,1.0,0000*7D
$GNGST,080403.40,0.012,0.015,0.011,32.1,0.011,0.013,0.021*74
$GNRMC,080403.40,A,2756.90761,S,02449.84878,E,3.50,180.0,120826,,,R*7A
$GNGGA,080403.60,2756.90781,S,02449.84878,E,4,18,0.7,94.104,M,28.000,M,1.0,0000*71
$GNGST,080403.60,0.012,0.015,0.011,32.1,0.011,0.013,0.021*76
$GNRMC,080403.60,A,2756.90781,S,02449.84878,E,3.50,180.0,120826,,,R*76
$GNGGA,080403.80,2756.90800,S,02449.84878,E,4,18,0.7,94.103,M,28.000,M,1.0,0000*7E
$GNGST,080403.80,0.012,0.015,0.011,32.1,0.011,0.013,0.021*78
$GNRMC,080403.80,A,2756.90800,S,02449.84878,E,3.50,180.0,120826,,,R*7E
$GNGGA,080404.00,2756.90820,S,02449.84878,E,4,18,0.7,94.102,M,28.000,M,1.0,0000*72
$GNGST,080404.00,0.012,0.015,0.011,32.1,0.011,0.013,0.021*77
$GNRMC,080404.00,A,2756.90820,S,02449.84878,E,3.50,180.0,120826,,,R*73
$GNGGA,080404.20,2756.90839,S,02449.84878,E,4,18,0.7,94.102,M,28.000,M,1.0,0000*78
$GNGST,080404.20,0.012,0.015,0.011,32.1,0.011,0.013,0.021*75
$GNRMC,080404.20,A,2756.90839,S,02449.84878,E,3.50,180.0,120826,,,R*79
$GNGGA,080404.40,2756.90859,S,02449.84878,E,4,18,0.7,94.101,M,28.000,M,1.0,0000*7B
$GNGST,080404.40,0.012,0.015,0.011,32.1,0.011,0.013,0.021*73
$GNRMC,080404.40,A,2756.90859,S,02449.84878,E,3.50,180.0,120826,,,R*79
$GNGGA,080404.60,2756.90878,S,02449.84878,E,4,18,0.7,94.101,M,28.000,M,1.0,0000*7A
$GNGST,080404.60,0.012,0.015,0.011,32.1,0.011,0.013,0.021*71
$GNRMC,080404.60,A,2756.90878,S,02449.84878,E,3.50,180.0,120826,,,R*78
$GNGGA,080404.80,2756.90898,S,02449.84878,E,4,18,0.7,94.100,M,28.000,M,1.0,0000*7B
$GNGST,080404.80,0.012,0.015,0.011,32.1,0.011,0.013,0.021*7F
$GNRMC,080404.80,A,2756.90898,S,02449.84878,E,3.50,180.0,120826,,,R*78
$GNGGA,080405.00,2756.90917,S,02449.84878,E,4,18,0.7,94.100,M,28.000,M,1.0,0000*74
$GNGST,080405.00,0.012,0.015,0.011,32.1,0.011,0.013,0.021*76
$GNRMC,080405.00,A,2756.90917,S,02449.84878,E,3.50,180.0,120826,,,R*77
$GNGGA,080405.20,2756.90937,S,02449.84878,E,4,18,0.7,94.099,M,28.000,M,1.0,0000*75
$GNGST,080405.20,0.012,0.015,0.011,32.1,0.011,0.013,0.021*74
$GNRMC,080405.20,A,2756.90937,S,02449.84878,E,3.50,180.0,120826,,,R*77
$GNGGA,080405.40,2756.90956,S,02449.84878,E,4,18,0.7,94.099,M,28.000,M,1.0,0000*74
$GNGST,080405.40,0.012,0.015,0.011,32.1,0.011,0.013,0.021*72
$GNRMC,080405.40,A,2756.90956,S,02449.84878,E,3.50,180.0,120826,,,R*76
$GNGGA,080405.60,2756.90976,S,02449.84878,E,4,18,0.7,94.098,M,28.000,M,1.0,0000*75
$GNGST,080405.60,0.012,0.015,0.011,32.1,0.011,0.013,0.021*70
$GNRMC,080405.60,A,2756.90976,S,02449.84878,E,3.50,180.0,120826,,,R*76
$GNGGA,080405.80,2756.90995,S,02449.84878,E,4,18,0.7,94.098,M,28.000,M,1.0,0000*76
$GNGST,080405.80,0.012,0.015,0.011,32.1,0.011,0.013,0.021*7E
$GNRMC,080405.80,A,2756.90995,S,02449.84878,E,3.50,180.0,120826,,,R*75
$GNGGA,080406.00,2756.91015,S,02449.84878,E,4,18,0.7,94.097,M,28.000,M,1.0,0000*72
$GNGST,080406.00,0.012,0.015,0.011,32.1,0.011,0.013,0.021*75
$GNRMC,080406.00,A,2756.91015,S,02449.84878,E,3.50,180.0,120826,,,R*7E
$GNGGA,080406.20,2756.91034,S,02449.84878,E,4,18,0.7,94.097,M,28.000,M,1.0,0000*73
$GNGST,080406.20,0.012,0.015,0.011,32.1,0.011,0.013,0.021*77
$GNRMC,080406.20,A,2756.91034,S,02449.84878,E,3.50,180.0,120826,,,R*7F
$GNGGA,080406.40,2756.91053,S,02449.84878,E,4,18,0.7,94.096,M,28.000,M,1.0,0000*75
$GNGST,080406.40,0.012,0.015,0.011,32.1,0.011,0.013,0.021*71
$GNRMC,080406.40,A,2756.91053,S,02449.84878,E,3.50,180.0,120826,,,R*78
$GNGGA,080406.60,2756.91073,S,02449.84878,E,4,18,0.7,94.096,M,28.000,M,1.0,0000*75
$GNGST,080406.60,0.012,0.015,0.011,32.1,0.011,0.013,0.021*73
$GNRMC,080406.60,A,2756.91073,S,02449.84878,E,3.50,180.0,120826,,,R*78
$GNGGA,080406.80,2756.91092,S,02449.84878,E,4,18,0.7,94.095,M,28.000,M,1.0,0000*77
$GNGST,080406.80,0.012,0.015,0.011,32.1,0.011,0.013,0.021*7D
$GNRMC,080406.80,A,2756.91092,S,02449.84878,E,3.50,180.0,120826,,,R*79
$GNGGA,080407.00,2756.91112,S,02449.84878,E,4,18,0.7,94.095,M,28.000,M,1.0,0000*77
$GNGST,080407.00,0.012,0.015,0.011,32.1,0.011,0.013,0.021*74
$GNRMC,080407.00,A,2756.91112,S,02449.84878,E,3.50,180.0,120826,,,R*79
$GNGGA,080407.20,2756.91131,S,02449.84878,E,4,18,0.7,94.094,M,28.000,M,1.0,0000*75
$GNGST,080407.20,0.012,0.015,0.011,32.1,0.011,0.013,0.021*76
$GNRMC,080407.20,A,2756.91131,S,02449.84878,E,3.50,180.0,120826,,,R*7A
$GNGGA,080407.40,2756.91151,S,02449.84878,E,4,18,0.7,94.094,M,28.000,M,1.0,0000*75
$GNGST,080407.40,0.012,0.015,0.011,32.1,0.011,0.013,0.021*70
$GNRMC,080407.40,A,2756.91151,S,02449.84878,E,3.50,180.0,120826,,,R*7A
$GNGGA,080407.60,2756.91170,S,02449.84878,E,4,18,0.7,94.094,M,28.000,M,1.0,0000*74
$GNGST,080407.60,0.012,0.015,0.011,32.1,0.011,0.013,0.021*72
$GNRMC,080407.60,A,2756.91170,S,02449.84878,E,3.50,180.0,120826,,,R*7B
$GNGGA,080407.80,2756.91190,S,02449.84878,E,4,18,0.7,94.093,M,28.000,M,1.0,0000*73
$GNGST,080407.80,0.012,0.015,0.011,32.1,0.011,0.013,0.021*7C
$GNRMC,080407.80,A,2756.91190,S,02449.84878,E,3.50,180.0,120826,,,R*7B
$GNGGA,080408.00,2756.91209,S,02449.84878,E,4,18,0.7,94.093,M,28.000,M,1.0,0000*77
$GNGST,080408.00,0.012,0.015,0.011,32.1,0.011,0.013,0.021*7B
$GNRMC,080408.00,A,2756.91209,S,02449.84878,E,3.50,180.0,120826,,,R*7F
$GNGGA,080408.20,2756.91229,S,02449.84878,E,4,18,0.7,94.092,M,28.000,M,1.0,0000*76
$GNGST,080408.20,0.012,0.015,0.011,32.1,0.011,0.013,0.021*79
$GNRMC,080408.20,A,2756.91229,S,02449.84878,E,3.50,180.0,120826,,,R*7F
$GNGGA,080408.40,2756.91248,S,02449.84878,E,4,18,0.7,94.092,M,28.000,M,1.0,0000*77
$GNGST,080408.40,0.012,0.015,0.011,32.1,0.011,0.013,0.021*7F
$GNRMC,080408.40,A,2756.91248,S,02449.84878,E,3.50,180.0,120826,,,R*7E
$GNGGA,080408.60,2756.91268,S,02449.84878,E,4,18,0.7,94.092,M,28.000,M,1.0,0000*77
$GNGST,080408.60,0.012,0.015,0.011,32.1,0.011,0.013,0.021*7D
$GNRMC,080408.60,A,2756.91268,S,02449.84878,E,3.50,180.0,120826,,,R*7E
$GNGGA,080408.80,2756.91287,S,02449.84878,E,4,18,0.7,94.091,M,28.000,M,1.0,0000*7B
$GNGST,080408.80,0.012,0.015,0.011,32.1,0.011,0.013,0.021*73
$GNRMC,080408.80,A,2756.91287,S,02449.84878,E,3.50,180.0,120826,,,R*71
$GNGGA,080409.00,2756.91307,S,02449.84878,E,4,18,0.7,94.091,M,28.000,M,1.0,0000*7B
$GNGST,080409.00,0.012,0.015,0.011,32.1,0.011,0.013,0.021*7A
$GNRMC,080409.00,A,2756.91307,S,02449.84878,E,3.50,180.0,120826,,,R*71
$GNGGA,080409.20,2756.91326,S,02449.84878,E,4,18,0.7,94.091,M,28.000,M,1.0,0000*7A
$GNGST,080409.20,0.012,0.015,0.011,32.1,0.011,0.013,0.021*78
$GNRMC,080409.20,A,2756.91326,S,02449.84878,E,3.50,180.0,120826,,,R*70
$GNGGA,080409.40,2756.91346,S,02449.84878,E,4,18,0.7,94.090,M,28.000,M,1.0,0000*7B
$GNGST,080409.40,0.012,0.015,0.011,32.1,0.011,0.013,0.021*7E
$GNRMC,080409.40,A,2756.91346,S,02449.84878,E,3.50,180.0,120826,,,R*70
$GNGGA,080409.60,2756.91365,S,02449.84878,E,4,18,0.7,94.090,M,28.000,M,1.0,0000*78
$GNGST,080409.60,0.012,0.015,0.011,32.1,0.011,0.013,0.021*7C
$GNRMC,080409.60,A,2756.91365,S,02449.84878,E,3.50,180.0,120826,,,R*73
$GNGGA,080409.80,2756.91385,S,02449.84878,E,4,18,0.7,94.090,M,28.000,M,1.0,0000*78
$GNGST,080409.80,0.012,0.015,0.011,32.1,0.011,0.013,0.021*72
$GNRMC,080409.80,A,2756.91385,S,02449.84878,E,3.50,180.0,120826,,,R*73
$GNGGA,080410.00,2756.91404,S,02449.84878,E,4,18,0.7,94.089,M,28.000,M,1.0,0000*7E
$GNGST,080410.00,0.012,0.015,0.011,32.1,0.011,0.013,0.021*72
$GNRMC,080410.00,A,2756.91404,S,02449.84878,E,3.50,180.0,120826,,,R*7D
$GNGGA,080410.20,2756.91424,S,02449.84878,E,4,18,0.7,94.089,M,28.000,M,1.0,0000*7E
$GNGST,080410.20,0.012,0.015,0.011,32.1,0.011,0.013,0.021*70
$GNRMC,080410.20,A,2756.91424,S,02449.84878,E,3.50,180.0,120826,,,R*7D
$GNGGA,080410.40,2756.91443,S,02449.84878,E,4,18,0.7,94.089,M,28.000,M,1.0,0000*79
$GNGST,080410.40,0.012,0.015,0.011,32.1,0.011,0.013,0.021*76
$GNRMC,080410.40,A,2756.91443,S,02449.84878,E,3.50,180.0,120826,,,R*7A
$GNGGA,080410.60,2756.91463,S,02449.84878,E,4,18,0.7,94.088,M,28.000,M,1.0,0000*78
$GNGST,080410.60,0.012,0.015,0.011,32.1,0.011,0.013,0.021*74
$GNRMC,080410.60,A,2756.91463,S,02449.84878,E,3.50,180.0,120826,,,R*7A
$GNGGA,080410.80,2756.91482,S,02449.84878,E,4,18,0.7,94.088,M,28.000,M,1.0,0000*79
$GNGST,080410.80,0.012,0.015,0.011,32.1,0.011,0.013,0.021*7A
$GNRMC,080410.80,A,2756.91482,S,02449.84878,E,3.50,180.0,120826,,,R*7B
$GNGGA,080411.00,2756.91502,S,02449.84878,E,4,18,0.7,94.088,M,28.000,M,1.0,0000*79
$GNGST,080411.00,0.012,0.015,0.011,32.1,0.011,0.013,0.021*73
$GNRMC,080411.00,A,2756.91502,S,02449.84878,E,3.50,180.0,120826,,,R*7B
$GNGGA,080411.20,2756.91521,S,02449.84878,E,4,18,0.7,94.088,M,28.000,M,1.0,0000*7A
$GNGST,080411.20,0.012,0.015,0.011,32.1,0.011,0.013,0.021*71
$GNRMC,080411.20,A,2756.91521,S,02449.84878,E,3.50,180.0,120826,,,R*78
$GNGGA,080411.40,2756.91541,S,02449.84878,E,4,18,0.7,94.087,M,28.000,M,1.0,0000*75
$GNGST,080411.40,0.012,0.015,0.011,32.1,0.011,0.013,0.021*77
$GNRMC,080411.40,A,2756.91541,S,02449.84878,E,3.50,180.0,120826,,,R*78
$GNGGA,080411.60,2756.91560,S,02449.84878,E,4,18,0.7,94.087,M,28.000,M,1.0,0000*74
$GNGST,080411.60,0.012,0.015,0.011,32.1,0.011,0.013,0.021*75
$GNRMC,080411.60,A,2756.91560,S,02449.84878,E,3.50,180.0,120826,,,R*79
$GNGGA,080411.80,2756.91580,S,02449.84878,E,4,18,0.7,94.087,M,28.000,M,1.0,0000*74
$GNGST,080411.80,0.012,0.015,0.011,32.1,0.011,0.013,0.021*7B
$GNRMC,080411.80,A,2756.91580,S,02449.84878,E,3.50,180.0,120826,,,R*79
$GNGGA,080412.00,2756.91599,S,02449.84878,E,4,18,0.7,94.087,M,28.000,M,1.0,0000*77
$GNGST,080412.00,0.012,0.015,0.011,32.1,0.011,0.013,0.021*70
$GNRMC,080412.00,A,2756.91599,S,02449.84878,E,3.50,180.0,120826,,,R*7A
$GNGGA,080412.20,2756.91619,S,02449.84878,E,4,18,0.7,94.086,M,28.000,M,1.0,0000*7F
$GNGST,080412.20,0.012,0.015,0.011,32.1,0.011,0.013,0.021*72
$GNRMC,080412.20,A,2756.91619,S,02449.84878,E,3.50,180.0,120826,,,R*73
$GNGGA,080412.40,2756.91638,S,02449.84878,E,4,18,0.7,94.086,M,28.000,M,1.0,0000*7A
$GNGST,080412.40,0.012,0.015,0.011,32.1,0.011,0.013,0.021*74
$GNRMC,080412.40,A,2756.91638,S,02449.84878,E,3.50,180.0,120826,,,R*76
$GNGGA,080412.60,2756.91658,S,02449.84878,E,4,18,0.7,94.086,M,28.000,M,1.0,0000*7E
$GNGST,080412.60,0.012,0.015,0.011,32.1,0.011,0.013,0.021*76
$GNRMC,080412.60,A,2756.91658,S,02449.84878,E,3.50,180.0,120826,,,R*72
$GNGGA,080412.80,2756.91677,S,02449.84878,E,4,18,0.7,94.086,M,28.000,M,1.0,0000*7D
$GNGST,080412.80,0.012,0.015,0.011,32.1,0.011,0.013,0.021*78
$GNRMC,080412.80,A,2756.91677,S,02449.84878,E,3.50,180.0,120826,,,R*71
$GNGGA,080413.00,2756.91697,S,02449.84878,E,4,18,0.7,94.086,M,28.000,M,1.0,0000*7A
$GNGST,080413.00,0.012,0.015,0.011,32.1,0.011,0.013,0.021*71
$GNRMC,080413.00,A,2756.91697,S,02449.84878,E,3.50,180.0,120826,,,R*76
$GNGGA,080413.20,2756.91716,S,02449.84878,E,4,18,0.7,94.085,M,28.000,M,1.0,0000*73
$GNGST,080413.20,0.012,0.015,0.011,32.1,0.011,0.013,0.021*73
$GNRMC,080413.20,A,2756.91716,S,02449.84878,E,3.50,180.0,120826,,,R*7C
$GNGGA,080413.40,2756.91736,S,02449.84878,E,4,18,0.7,94.085,M,28.000,M,1.0,0000*77
$GNGST,080413.40,0.012,0.015,0.011,32.1,0.011,0.013,0.021*75
$GNRMC,080413.40,A,2756.91736,S,02449.84878,E,3.50,180.0,120826,,,R*78
$GNGGA,080413.60,2756.91755,S,02449.84878,E,4,18,0.7,94.085,M,28.000,M,1.0,0000*70
$GNGST,080413.60,0.012,0.015,0.011,32.1,0.011,0.013,0.021*77
$GNRMC,080413.60,A,2756.91755,S,02449.84878,E,3.50,180.0,120826,,,R*7F
$GNGGA,080413.80,2756.91775,S,02449.84878,E,4,18,0.7,94.085,M,28.000,M,1.0,0000*7C
$GNGST,080413.80,0.012,0.015,0.011,32.1,0.011,0.013,0.021*79
$GNRMC,080413.80,A,2756.91775,S,02449.84878,E,3.50,180.0,120826,,,R*73
$GNGGA,080414.00,2756.91794,S,02449.84878,E,4,18,0.7,94.085,M,28.000,M,1.0,0000*7C
$GNGST,080414.00,0.012,0.015,0.011,32.1,0.011,0.013,0.021*76
$GNRMC,080414.00,A,2756.91794,S,02449.84878,E,3.50,180.0,120826,,,R*73
$GNGGA,080414.20,2756.91814,S,02449.84878,E,4,18,0.7,94.085,M,28.000,M,1.0,0000*79
$GNGST,080414.20,0.012,0.015,0.011,32.1,0.011,0.013,0.021*74
$GNRMC,080414.20,A,2756.91814,S,02449.84878,E,3.50,180.0,120826,,,R*76
$GNGGA,080414.40,2756.91833,S,02449.84878,E,4,18,0.7,94.085,M,28.000,M,1.0,0000*7A
$GNGST,080414.40,0.012,0.015,0.011,32.1,0.011,0.013,0.021*72
$GNRMC,080414.40,A,2756.91833,S,02449.84878,E,3.50,180.0,120826,,,R*75
$GNGGA,080414.60,2756.91853,S,02449.84878,E,4,18,0.7,94.084,M,28.000,M,1.0,0000*7F
$GNGST,080414.60,0.012,0.015,0.011,32.1,0.011,0.013,0.021*70
$GNRMC,080414.60,A,2756.91853,S,02449.84878,E,3.50,180.0,120826,,,R*71
$GNGGA,080414.80,2756.91872,S,02449.84878,E,4,18,0.7,94.084,M,28.000,M,1.0,0000*72
$GNGST,080414.80,0.012,0.015,0.011,32.1,0.011,0.013,0.021*7E
$GNRMC,080414.80,A,2756.91872,S,02449.84878,E,3.50,180.0,120826,,,R*7C
$GNGGA,080415.00,2756.91892,S,02449.84878,E,4,18,0.7,94.084,M,28.000,M,1.0,0000*75
$GNGST,080415.00,0.012,0.015,0.011,32.1,0.011,0.013,0.021*77
$GNRMC,080415.00,A,2756.91892,S,02449.84878,E,3.50,180.0,120826,,,R*7B
$GNGGA,080415.20,2756.91911,S,02449.84878,E,4,18,0.7,94.084,M,28.000,M,1.0,0000*7D
$GNGST,080415.20,0.012,0.015,0.011,32.1,0.011,0.013,0.021*75
$GNRMC,080415.20,A,2756.91911,S,02449.84878,E,3.50,180.0,120826,,,R*73
$GNGGA,080415.40,2756.91931,S,02449.84878,E,4,18,0.7,94.084,M,28.000,M,1.0,0000*79
$GNGST,080415.40,0.012,0.015,0.011,32.1,0.011,0.013,0.021*73
$GNRMC,080415.40,A,2756.91931,S,02449.84878,E,3.50,180.0,120826,,,R*77
$GNGGA,080415.60,2756.91950,S,02449.84878,E,4,18,0.7,94.084,M,28.000,M,1.0,0000*7C
$GNGST,080415.60,0.012,0.015,0.011,32.1,0.011,0.013,0.021*71
$GNRMC,080415.60,A,2756.91950,S,02449.84878,E,3.50,180.0,120826,,,R*72
$GNGGA,080415.80,2756.91970,S,02449.84878,E,4,18,0.7,94.084,M,28.000,M,1.0,0000*70
$GNGST,080415.80,0.012,0.015,0.011,32.1,0.011,0.013,0.021*7F
$GNRMC,080415.80,A,2756.91970,S,02449.84878,E,3.50,180.0,120826,,,R*7E
$GNGGA,080416.00,2756.91989,S,02449.84878,E,4,18,0.7,94.084,M,28.000,M,1.0,0000*7D
$GNGST,080416.00,0.012,0.015,0.011,32.1,0.011,0.013,0.021*74
$GNRMC,080416.00,A,2756.91989,S,02449.84878,E,3.50,180.0,120826,,,R*73
$GNGGA,080416.20,2756.92009,S,02449.84878,E,4,18,0.7,94.084,M,28.000,M,1.0,0000*7D
$GNGST,080416.20,0.012,0.015,0.011,32.1,0.011,0.013,0.021*76
$GNRMC,080416.20,A,2756.92009,S,02449.84878,E,3.50,180.0,120826,,,R*73
$GNGGA,080416.40,2756.92028,S,02449.84878,E,4,18,0.7,94.084,M,28.000,M,1.0,0000*78
$GNGST,080416.40,0.012,0.015,0.011,32.1,0.011,0.013,0.021*70
$GNRMC,080416.40,A,2756.92028,S,02449.84878,E,3.50,180.0,120826,,,R*76
$GNGGA,080416.60,2756.92048,S,02449.84878,E,4,18,0.7,94.084,M,28.000,M,1.0,0000*7C
$GNGST,080416.60,0.012,0.015,0.011,32.1,0.011,0.013,0.021*72
$GNRMC,080416.60,A,2756.92048,S,02449.84878,E,3.50,180.0,120826,,,R*72
$GNGGA,080416.80,2756.92067,S,02449.84878,E,4,18,0.7,94.083,M,28.000,M,1.0,0000*78
$GNGST,080416.80,0.012,0.015,0.011,32.1,0.011,0.013,0.021*7C
$GNRMC,080416.80,A,2756.92067,S,02449.84878,E,3.50,180.0,120826,,,R*71
$GNGGA,080417.00,2756.92087,S,02449.84878,E,4,18,0.7,94.083,M,28.000,M,1.0,0000*7F
$GNGST,080417.00,0.012,0.015,0.011,32.1,0.011,0.013,0.021*75
$GNRMC,080417.00,A,2756.92087,S,02449.84878,E,3.50,180.0,120826,,,R*76
$GNGGA,080417.20,2756.92106,S,02449.84878,E,4,18,0.7,94.083,M,28.000,M,1.0,0000*75
$GNGST,080417.20,0.012,0.015,0.011,32.1,0.011,0.013,0.021*77
$GNRMC,080417.20,A,2756.92106,S,02449.84878,E,3.50,180.0,120826,,,R*7C
$GNGGA,080417.40,2756.92126,S,02449.84878,E,4,18,0.7,94.083,M,28.000,M,1.0,0000*71
$GNGST,080417.40,0.012,0.015,0.011,32.1,0.011,0.013,0.021*71
$GNRMC,080417.40,A,2756.92126,S,02449.84878,E,3.50,180.0,120826,,,R*78
$GNGGA,080417.60,2756.92145,S,02449.84878,E,4,18,0.7,94.083,M,28.000,M,1.0,0000*76
$GNGST,080417.60,0.012,0.015,0.011,32.1,0.011,0.013,0.021*73
$GNRMC,080417.60,A,2756.92145,S,02449.84878,E,3.50,180.0,120826,,,R*7F
$GNGGA,080417.80,2756.92164,S,02449.84878,E,4,18,0.7,94.083,M,28.000,M,1.0,0000*7B
$GNGST,080417.80,0.012,0.015,0.011,32.1,0.011,0.013,0.021*7D
$GNRMC,080417.80,A,2756.92164,S,02449.84878,E,3.50,180.0,120826,,,R*72
$GNGGA,080418.00,2756.92184,S,02449.84878,E,4,18,0.7,94.083,M,28.000,M,1.0,0000*72
$GNGST,080418.00,0.012,0.015,0.011,32.1,0.011,0.013,0.021*7A
$GNRMC,080418.00,A,2756.92184,S,02449.84878,E,3.50,180.0,120826,,,R*7B
$GNGGA,080418.20,2756.92203,S,02449.84878,E,4,18,0.7,94.083,M,28.000,M,1.0,0000*7C
$GNGST,080418.20,0.012,0.015,0.011,32.1,0.011,0.013,0.021*78
$GNRMC,080418.20,A,2756.92203,S,02449.84878,E,3.50,180.0,120826,,,R*75
$GNGGA,080418.40,2756.92223,S,02449.84878,E,4,18,0.7,94.083,M,28.000,M,1.0,0000*78
$GNGST,080418.40,0.012,0.015,0.011,32.1,0.011,0.013,0.021*7E
$GNRMC,080418.40,A,2756.92223,S,02449.84878,E,3.50,180.0,120826,,,R*71
$GNGGA,080418.60,2756.92242,S,02449.84878,E,4,18,0.7,94.083,M,28.000,M,1.0,0000*7D
$GNGST,080418.60,0.012,0.015,0.011,32.1,0.011,0.013,0.021*7C
$GNRMC,080418.60,A,2756.92242,S,02449.84878,E,3.50,180.0,120826,,,R*74
$GNGGA,080418.80,2756.92262,S,02449.84878,E,4,18,0.7,94.083,M,28.000,M,1.0,0000*71
$GNGST,080418.80,0.012,0.015,0.011,32.1,0.011,0.013,0.021*72
$GNRMC,080418.80,A,2756.92262,S,02449.84878,E,3.50,180.0,120826,,,R*78
$GNGGA,080419.00,2756.92281,S,02449.84878,E,4,18,0.7,94.083,M,28.000,M,1.0,0000*75
$GNGST,080419.00,0.012,0.015,0.011,32.1,0.011,0.013,0.021*7B
$GNRMC,080419.00,A,2756.92281,S,02449.84878,E,3.50,180.0,120826,,,R*7C
$GNGGA,080419.20,2756.92301,S,02449.84878,E,4,18,0.7,94.083,M,28.000,M,1.0,0000*7E
$GNGST,080419.20,0.012,0.015,0.011,32.1,0.011,0.013,0.021*79
$GNRMC,080419.20,A,2756.92301,S,02449.84878,E,3.50,180.0,120826,,,R*77
$GNGGA,080419.40,2756.92320,S,02449.84878,E,4,18,0.7,94.083,M,28.000,M,1.0,0000*7B
$GNGST,080419.40,0.012,0.015,0.011,32.1,0.011,0.013,0.021*7F
$GNRMC,080419.40,A,2756.92320,S,02449.84878,E,3.50,180.0,120826,,,R*72
$GNGGA,080419.60,2756.92340,S,02449.84878,E,4,18,0.7,94.083,M,28.000,M,1.0,0000*7F
$GNGST,080419.60,0.012,0.015,0.011,32.1,0.011,0.013,0.021*7D
$GNRMC,080419.60,A,2756.92340,S,02449.84878,E,3.50,180.0,120826,,,R*76
$GNGGA,080419.80,2756.92359,S,02449.84878,E,4,18,0.7,94.083,M,28.000,M,1.0,0000*79
$GNGST,080419.80,0.012,0.015,0.011,32.1,0.011,0.013,0.021*73
$GNRMC,080419.80,A,2756.92359,S,02449.84878,E,3.50,180.0,120826,,,R*70
$GNGGA,080420.00,2756.92379,S,02449.84878,E,4,18,0.7,94.083,M,28.000,M,1.0,0000*79
$GNGST,080420.00,0.012,0.015,0.011,32.1,0.011,0.013,0.021*71
$GNRMC,080420.00,A,2756.92379,S,02449.84878,E,3.50,180.0,120826,,,R*70
$GNGGA,080420.20,2756.92398,S,02449.84878,E,4,18,0.7,94.083,M,28.000,M,1.0,0000*74
$GNGST,080420.20,0.012,0.015,0.011,32.1,0.011,0.013,0.021*73
$GNRMC,080420.20,A,2756.92398,S,02449.84878,E,3.50,180.0,120826,,,R*7D
$GNGGA,080420.40,2756.92418,S,02449.84878,E,4,18,0.7,94.083,M,28.000,M,1.0,0000*7D
$GNGST,080420.40,0.012,0.015,0.011,32.1,0.011,0.013,0.021*75
$GNRMC,080420.40,A,2756.92418,S,02449.84878,E,3.50,180.0,120826,,,R*74
$GNGGA,080420.60,2756.92437,S,02449.84878,E,4,18,0.7,94.083,M,28.000,M,1.0,0000*72
$GNGST,080420.60,0.012,0.015,0.011,32.1,0.011,0.013,0.021*77
$GNRMC,080420.60,A,2756.92437,S,02449.84878,E,3.50,180.0,120826,,,R*7B
$GNGGA,080420.80,2756.92457,S,02449.84878,E,4,18,0.7,94.083,M,28.000,M,1.0,0000*7A
$GNGST,080420.80,0.012,0.015,0.011,32.1,0.011,0.013,0.021*79
$GNRMC,080420.80,A,2756.92457,S,02449.84878,E,3.50,180.0,120826,,,R*73
$GNGGA,080421.00,2756.92476,S,02449.84878,E,4,18,0.7,94.083,M,28.000,M,1.0,0000*70
$GNGST,080421.00,0.012,0.015,0.011,32.1,0.011,0.013,0.021*70
$GNRMC,080421.00,A,2756.92476,S,02449.84878,E,3.50,180.0,120826,,,R*79
$GNGGA,080421.20,2756.92496,S,02449.84878,E,4,18,0.7,94.083,M,28.000,M,1.0,0000*7C
$GNGST,080421.20,0.012,0.015,0.011,32.1,0.011,0.013,0.021*72
$GNRMC,080421.20,A,2756.92496,S,02449.84878,E,3.50,180.0,120826,,,R*75
$GNGGA,080421.40,2756.92515,S,02449.84878,E,4,18,0.7,94.083,M,28.000,M,1.0,0000*70
$GNGST,080421.40,0.012,0.015,0.011,32.1,0.011,0.013,0.021*74
$GNRMC,080421.40,A,2756.92515,S,02449.84878,E,3.50,180.0,120826,,,R*79
$GNGGA,080421.60,2756.92535,S,02449.84878,E,4,18,0.7,94.083,M,28.000,M,1.0,0000*70
$GNGST,080421.60,0.012,0.015,0.011,32.1,0.011,0.013,0.021*76
$GNRMC,080421.60,A,2756.92535,S,02449.84878,E,3.50,180.0,120826,,,R*79
$GNGGA,080421.80,2756.92554,S,02449.84878,E,4,18,0.7,94.083,M,28.000,M,1.0,0000*79
$GNGST,080421.80,0.012,0.015,0.011,32.1,0.011,0.013,0.021*78
$GNRMC,080421.80,A,2756.92554,S,02449.84878,E,3.50,180.0,120826,,,R*70
$GNGGA,080422.00,2756.92574,S,02449.84878,E,4,18,0.7,94.083,M,28.000,M,1.0,0000*70
$GNGST,080422.00,0.012,0.015,0.011,32.1,0.011,0.013,0.021*73
$GNRMC,080422.00,A,2756.92574,S,02449.84878,E,3.50,180.0,120826,,,R*79
$GNGGA,080422.20,2756.92593,S,02449.84878,E,4,18,0.7,94.084,M,28.000,M,1.0,0000*7C
$GNGST,080422.20,0.012,0.015,0.011,32.1,0.011,0.013,0.021*71
$GNRMC,080422.20,A,2756.92593,S,02449.84878,E,3.50,180.0,120826,,,R*72
$GNGGA,080422.40,2756.92613,S,02449.84878,E,4,18,0.7,94.084,M,28.000,M,1.0,0000*71
$GNGST,080422.40,0.012,0.015,0.011,32.1,0.011,0.013,0.021*77
$GNRMC,080422.40,A,2756.92613,S,02449.84878,E,3.50,180.0,120826,,,R*7F
$GNGGA,080422.60,2756.92632,S,02449.84878,E,4,18,0.7,94.084,M,28.000,M,1.0,0000*70
$GNGST,080422.60,0.012,0.015,0.011,32.1,0.011,0.013,0.021*75
$GNRMC,080422.60,A,2756.92632,S,02449.84878,E,3.50,180.0,120826,,,R*7E
$GNGGA,080422.80,2756.92652,S,02449.84878,E,4,18,0.7,94.084,M,28.000,M,1.0,0000*78
$GNGST,080422.80,0.012,0.015,0.011,32.1,0.011,0.013,0.021*7B
$GNRMC,080422.80,A,2756.92652,S,02449.84878,E,3.50,180.0,120826,,,R*76
$GNGGA,080423.00,2756.92671,S,02449.84878,E,4,18,0.7,94.084,M,28.000,M,1.0,0000*70
$GNGST,080423.00,0.012,0.015,0.011,32.1,0.011,0.013,0.021*72
$GNRMC,080423.00,A,2756.92671,S,02449.84878,E,3.50,180.0,120826,,,R*7E
$GNGGA,080423.20,2756.92691,S,02449.84878,E,4,18,0.7,94.084,M,28.000,M,1.0,0000*7C
$GNGST,080423.20,0.012,0.015,0.011,32.1,0.011,0.013,0.021*70
$GNRMC,080423.20,A,2756.92691,S,02449.84878,E,3.50,180.0,120826,,,R*72
$GNGGA,080423.40,2756.92710,S,02449.84878,E,4,18,0.7,94.084,M,28.000,M,1.0,0000*72
$GNGST,080423.40,0.012,0.015,0.011,32.1,0.011,0.013,0.021*76
$GNRMC,080423.40,A,2756.92710,S,02449.84878,E,3.50,180.0,120826,,,R*7C
$GNGGA,080423.60,2756.92730,S,02449.84878,E,4,18,0.7,94.084,M,28.000,M,1.0,0000*72
$GNGST,080423.60,0.012,0.015,0.011,32.1,0.011,0.013,0.021*74
$GNRMC,080423.60,A,2756.92730,S,02449.84878,E,3.50,180.0,120826,,,R*7C
$GNGGA,080423.80,2756.92749,S,02449.84878,E,4,18,0.7,94.084,M,28.000,M,1.0,0000*72
$GNGST,080423.80,0.012,0.015,0.011,32.1,0.011,0.013,0.021*7A
$GNRMC,080423.80,A,2756.92749,S,02449.84878,E,3.50,180.0,120826,,,R*7C
$GNGGA,080424.00,2756.92769,S,02449.84878,E,4,18,0.7,94.084,M,28.000,M,1.0,0000*7F
$GNGST,080424.00,0.012,0.015,0.011,32.1,0.011,0.013,0.021*75
$GNRMC,080424.00,A,2756.92769,S,02449.84878,E,3.50,180.0,120826,,,R*71
$GNGGA,080424.20,2756.92788,S,02449.84878,E,4,18,0.7,94.084,M,28.000,M,1.0,0000*72
$GNGST,080424.20,0.012,0.015,0.011,32.1,0.011,0.013,0.021*77
$GNRMC,080424.20,A,2756.92788,S,02449.84878,E,3.50,180.0,120826,,,R*7C
$GNGGA,080424.40,2756.92808,S,02449.84878,E,4,18,0.7,94.084,M,28.000,M,1.0,0000*73
$GNGST,080424.40,0.012,0.015,0.011,32.1,0.011,0.013,0.021*71
$GNRMC,080424.40,A,2756.92808,S,02449.84878,E,3.50,180.0,120826,,,R*7D
$GNGGA,080424.60,2756.92827,S,02449.84878,E,4,18,0.7,94.084,M,28.000,M,1.0,0000*7C
$GNGST,080424.60,0.012,0.015,0.011,32.1,0.011,0.013,0.021*73
$GNRMC,080424.60,A,2756.92827,S,02449.84878,E,3.50,180.0,120826,,,R*72
$GNGGA,080424.80,2756.92847,S,02449.84878,E,4,18,0.7,94.084,M,28.000,M,1.0,0000*74
$GNGST,080424.80,0.012,0.015,0.011,32.1,0.011,0.013,0.021*7D
$GNRMC,080424.80,A,2756.92847,S,02449.84878,E,3.50,180.0,120826,,,R*7A
$GNGGA,080425.00,2756.92866,S,02449.84878,E,4,18,0.7,94.084,M,28.000,M,1.0,0000*7E
$GNGST,080425.00,0.012,0.015,0.011,32.1,0.011,0.013,0.021*74
$GNRMC,080425.00,A,2756.92866,S,02449.84878,E,3.50,180.0,120826,,,R*70
$GNGGA,080425.20,2756.92886,S,02449.84878,E,4,18,0.7,94.084,M,28.000,M,1.0,0000*72
$GNGST,080425.20,0.012,0.015,0.011,32.1,0.011,0.013,0.021*76
$GNRMC,080425.20,A,2756.92886,S,02449.84878,E,3.50,180.0,120826,,,R*7C
$GNGGA,080425.40,2756.92905,S,02449.84878,E,4,18,0.7,94.085,M,28.000,M,1.0,0000*7F
$GNGST,080425.40,0.012,0.015,0.011,32.1,0.011,0.013,0.021*70
$GNRMC,080425.40,A,2756.92905,S,02449.84878,E,3.50,180.0,120826,,,R*70
$GNGGA,080425.60,2756.92925,S,02449.84878,E,4,18,0.7,94.085,M,28.000,M,1.0,0000*7F
$GNGST,080425.60,0.012,0.015,0.011,32.1,0.011,0.013,0.021*72
$GNRMC,080425.60,A,2756.92925,S,02449.84878,E,3.50,180.0,120826,,,R*70
$GNGGA,080425.80,2756.92944,S,02449.84878,E,4,18,0.7,94.085,M,28.000,M,1.0,0000*76
$GNGST,080425.80,0.012,0.015,0.011,32.1,0.011,0.013,0.021*7C
$GNRMC,080425.80,A,2756.92944,S,02449.84878,E,3.50,180.0,120826,,,R*79
$GNGGA,080426.00,2756.92964,S,02449.84878,E,4,18,0.7,94.085,M,28.000,M,1.0,0000*7F
$GNGST,080426.00,0.012,0.015,0.011,32.1,0.011,0.013,0.021*77
$GNRMC,080426.00,A,2756.92964,S,02449.84878,E,3.50,180.0,120826,,,R*70
$GNGGA,080426.20,2756.92983,S,02449.84878,E,4,18,0.7,94.085,M,28.000,M,1.0,0000*74
$GNGST,080426.20,0.012,0.015,0.011,32.1,0.011,0.013,0.021*75
$GNRMC,080426.20,A,2756.92983,S,02449.84878,E,3.50,180.0,120826,,,R*7B
$GNGGA,080426.40,2756.93003,S,02449.84878,E,4,18,0.7,94.085,M,28.000,M,1.0,0000*72
$GNGST,080426.40,0.012,0.015,0.011,32.1,0.011,0.013,0.021*73
$GNRMC,080426.40,A,2756.93003,S,02449.84878,E,3.50,180.0,120826,,,R*7D
$GNGGA,080426.60,2756.93022,S,02449.84878,E,4,18,0.7,94.085,M,28.000,M,1.0,0000*73
$GNGST,080426.60,0.012,0.015,0.011,32.1,0.011,0.013,0.021*71
$GNRMC,080426.60,A,2756.93022,S,02449.84878,E,3.50,180.0,120826,,,R*7C
$GNGGA,080426.80,2756.93042,S,02449.84878,E,4,18,0.7,94.085,M,28.000,M,1.0,0000*7B
$GNGST,080426.80,0.012,0.015,0.011,32.1,0.011,0.013,0.021*7F
$GNRMC,080426.80,A,2756.93042,S,02449.84878,E,3.50,180.0,120826,,,R*74
$GNGGA,080427.00,2756.93061,S,02449.84878,E,4,18,0.7,94.085,M,28.000,M,1.0,0000*73
$GNGST,080427.00,0.012,0.015,0.011,32.1,0.011,0.013,0.021*76
$GNRMC,080427.00,A,2756.93061,S,02449.84878,E,3.50,180.0,120826,,,R*7C
$GNGGA,080427.20,2756.93081,S,02449.84878,E,4,18,0.7,94.085,M,28.000,M,1.0,0000*7F
$GNGST,080427.20,0.012,0.015,0.011,32.1,0.011,0.013,0.021*74
$GNRMC,080427.20,A,2756.93081,S,02449.84878,E,3.50,180.0,120826,,,R*70
$GNGGA,080427.40,2756.93100,S,02449.84878,E,4,18,0.7,94.085,M,28.000,M,1.0,0000*71
$GNGST,080427.40,0.012,0.015,0.011,32.1,0.011,0.013,0.021*72
$GNRMC,080427.40,A,2756.93100,S,02449.84878,E,3.50,180.0,120826,,,R*7E
$GNGGA,080427.60,2756.93120,S,02449.84878,E,4,18,0.7,94.085,M,28.000,M,1.0,0000*71
$GNGST,080427.60,0.012,0.015,0.011,32.1,0.011,0.013,0.021*70
$GNRMC,080427.60,A,2756.93120,S,02449.84878,E,3.50,180.0,120826,,,R*7E
$GNGGA,080427.80,2756.93139,S,02449.84878,E,4,18,0.7,94.085,M,28.000,M,1.0,0000*77
$GNGST,080427.80,0.012,0.015,0.011,32.1,0.011,0.013,0.021*7E
$GNRMC,080427.80,A,2756.93139,S,02449.84878,E,3.50,180.0,120826,,,R*78
$GNGGA,080428.00,2756.93159,S,02449.84878,E,4,18,0.7,94.085,M,28.000,M,1.0,0000*76
$GNGST,080428.00,0.012,0.015,0.011,32.1,0.011,0.013,0.021*79
$GNRMC,080428.00,A,2756.93159,S,02449.84878,E,3.50,180.0,120826,,,R*79
$GNGGA,080428.20,2756.93178,S,02449.84878,E,4,18,0.7,94.086,M,28.000,M,1.0,0000*74
$GNGST,080428.20,0.012,0.015,0.011,32.1,0.011,0.013,0.021*7B
$GNRMC,080428.20,A,2756.93178,S,02449.84878,E,3.50,180.0,120826,,,R*78
$GNGGA,080428.40,2756.93198,S,02449.84878,E,4,18,0.7,94.086,M,28.000,M,1.0,0000*7C
$GNGST,080428.40,0.012,0.015,0.011,32.1,0.011,0.013,0.021*7D
$GNRMC,080428.40,A,2756.93198,S,02449.84878,E,3.50,180.0,120826,,,R*70
$GNGGA,080428.60,2756.93217,S,02449.84878,E,4,18,0.7,94.086,M,28.000,M,1.0,0000*7A
$GNGST,080428.60,0.012,0.015,0.011,32.1,0.011,0.013,0.021*7F
$GNRMC,080428.60,A,2756.93217,S,02449.84878,E,3.50,180.0,120826,,,R*76
$GNGGA,080428.80,2756.93237,S,02449.84878,E,4,18,0.7,94.086,M,28.000,M,1.0,0000*76
$GNGST,080428.80,0.012,0.015,0.011,32.1,0.011,0.013,0.021*71
$GNRMC,080428.80,A,2756.93237,S,02449.84878,E,3.50,180.0,120826,,,R*7A
$GNGGA,080429.00,2756.93256,S,02449.84878,E,4,18,0.7,94.086,M,28.000,M,1.0,0000*78
$GNGST,080429.00,0.012,0.015,0.011,32.1,0.011,0.013,0.021*78
$GNRMC,080429.00,A,2756.93256,S,02449.84878,E,3.50,180.0,120826,,,R*74
$GNGGA,080429.20,2756.93275,S,02449.84878,E,4,18,0.7,94.086,M,28.000,M,1.0,0000*7B
$GNGST,080429.20,0.012,0.015,0.011,32.1,0.011,0.013,0.021*7A
$GNRMC,080429.20,A,2756.93275,S,02449.84878,E,3.50,180.0,120826,,,R*77
$GNGGA,080429.40,2756.93295,S,02449.84878,E,4,18,0.7,94.086,M,28.000,M,1.0,0000*73
$GNGST,080429.40,0.012,0.015,0.011,32.1,0.011,0.013,0.021*7C
$GNRMC,080429.40,A,2756.93295,S,02449.84878,E,3.50,180.0,120826,,,R*7F
$GNGGA,080429.60,2756.93314,S,02449.84878,E,4,18,0.7,94.086,M,28.000,M,1.0,0000*79
$GNGST,080429.60,0.012,0.015,0.011,32.1,0.011,0.013,0.021*7E
$GNRMC,080429.60,A,2756.93314,S,02449.84878,E,3.50,180.0,120826,,,R*75
$GNGGA,080429.80,2756.93334,S,02449.84878,E,4,18,0.7,94.086,M,28.000,M,1.0,0000*75
$GNGST,080429.80,0.012,0.015,0.011,32.1,0.011,0.013,0.021*70
$GNRMC,080429.80,A,2756.93334,S,02449.84878,E,3.50,180.0,120826,,,R*79
$GNGGA,080430.00,2756.93353,S,02449.84878,E,4,18,0.7,94.086,M,28.000,M,1.0,0000*74
$GNGST,080430.00,0.012,0.015,0.011,32.1,0.011,0.013,0.021*70
$GNRMC,080430.00,A,2756.93353,S,02449.84878,E,3.50,180.0,120826,,,R*78
$GNGGA,080430.20,2756.93373,S,02449.84878,E,4,18,0.7,94.086,M,28.000,M,1.0,0000*74
$GNGST,080430.20,0.012,0.015,0.011,32.1,0.011,0.013,0.021*72
$GNRMC,080430.20,A,2756.93373,S,02449.84878,E,3.50,180.0,120826,,,R*78
$GNGGA,080430.40,2756.93392,S,02449.84878,E,4,18,0.7,94.086,M,28.000,M,1.0,0000*7D
$GNGST,080430.40,0.012,0.015,0.011,32.1,0.011,0.013,0.021*74
$GNRMC,080430.40,A,2756.93392,S,02449.84878,E,3.50,180.0,120826,,,R*71
$GNGGA,080430.60,2756.93412,S,02449.84878,E,4,18,0.7,94.086,M,28.000,M,1.0,0000*70
$GNGST,080430.60,0.012,0.015,0.011,32.1,0.011,0.013,0.021*76
$GNRMC,080430.60,A,2756.93412,S,02449.84878,E,3.50,180.0,120826,,,R*7C
$GNGGA,080430.80,2756.93431,S,02449.84878,E,4,18,0.7,94.086,M,28.000,M,1.0,0000*7F
$GNGST,080430.80,0.012,0.015,0.011,32.1,0.011,0.013,0.021*78
$GNRMC,080430.80,A,2756.93431,S,02449.84878,E,3.50,180.0,120826,,,R*73
$GNGGA,080431.00,2756.93451,S,02449.84878,E,4,18,0.7,94.086,M,28.000,M,1.0,0000*70
$GNGST,080431.00,0.012,0.015,0.011,32.1,0.011,0.013,0.021*71
$GNRMC,080431.00,A,2756.93451,S,02449.84878,E,3.50,180.0,120826,,,R*7C
$GNGGA,080431.20,2756.93470,S,02449.84878,E,4,18,0.7,94.086,M,28.000,M,1.0,0000*71
$GNGST,080431.20,0.012,0.015,0.011,32.1,0.011,0.013,0.021*73
$GNRMC,080431.20,A,2756.93470,S,02449.84878,E,3.50,180.0,120826,,,R*7D
$GNGGA,080431.40,2756.93490,S,02449.84878,E,4,18,0.7,94.086,M,28.000,M,1.0,0000*79
$GNGST,080431.40,0.012,0.015,0.011,32.1,0.011,0.013,0.021*75
$GNRMC,080431.40,A,2756.93490,S,02449.84878,E,3.50,180.0,120826,,,R*75
$GNGGA,080431.60,2756.93509,S,02449.84878,E,4,18,0.7,94.086,M,28.000,M,1.0,0000*7A
$GNGST,080431.60,0.012,0.015,0.011,32.1,0.011,0.013,0.021*77
$GNRMC,080431.60,A,2756.93509,S,02449.84878,E,3.50,180.0,120826,,,R*76
$GNGGA,080431.80,2756.93529,S,02449.84878,E,4,18,0.7,94.086,M,28.000,M,1.0,0000*76
$GNGST,080431.80,0.012,0.015,0.011,32.1,0.011,0.013,0.021*79
$GNRMC,080431.80,A,2756.93529,S,02449.84878,E,3.50,180.0,120826,,,R*7A
$GNGGA,080432.00,2756.93548,S,02449.84878,E,4,18,0.7,94.086,M,28.000,M,1.0,0000*7A
$GNGST,080432.00,0.012,0.015,0.011,32.1,0.011,0.013,0.021*72
$GNRMC,080432.00,A,2756.93548,S,02449.84878,E,3.50,180.0,120826,,,R*76
$GNGGA,080432.20,2756.93568,S,02449.84878,E,4,18,0.7,94.086,M,28.000,M,1.0,0000*7A
$GNGST,080432.20,0.012,0.015,0.011,32.1,0.011,0.013,0.021*70
$GNRMC,080432.20,A,2756.93568,S,02449.84878,E,3.50,180.0,120826,,,R*76
$GNGGA,080432.40,2756.93587,S,02449.84878,E,4,18,0.7,94.086,M,28.000,M,1.0,0000*7D
$GNGST,080432.40,0.012,0.015,0.011,32.1,0.011,0.013,0.021*76
$GNRMC,080432.40,A,2756.93587,S,02449.84878,E,3.50,180.0,120826,,,R*71
$GNGGA,080432.60,2756.93607,S,02449.84878,E,4,18,0.7,94.086,M,28.000,M,1.0,0000*74
$GNGST,080432.60,0.012,0.015,0.011,32.1,0.011,0.013,0.021*74
$GNRMC,080432.60,A,2756.93607,S,02449.84878,E,3.50,180.0,120826,,,R*78
$GNGGA,080432.80,2756.93626,S,02449.84878,E,4,18,0.7,94.086,M,28.000,M,1.0,0000*79
$GNGST,080432.80,0.012,0.015,0.011,32.1,0.011,0.013,0.021*7A
$GNRMC,080432.80,A,2756.93626,S,02449.84878,E,3.50,180.0,120826,,,R*75
$GNGGA,080433.00,2756.93646,S,02449.84878,E,4,18,0.7,94.086,M,28.000,M,1.0,0000*76
$GNGST,080433.00,0.012,0.015,0.011,32.1,0.011,0.013,0.021*73
$GNRMC,080433.00,A,2756.93646,S,02449.84878,E,3.50,180.0,120826,,,R*7A
$GNGGA,080433.20,2756.93665,S,02449.84878,E,4,18,0.7,94.086,M,28.000,M,1.0,0000*75
$GNGST,080433.20,0.012,0.015,0.011,32.1,0.011,0.013,0.021*71
$GNRMC,080433.20,A,2756.93665,S,02449.84878,E,3.50,180.0,120826,,,R*79
$GNGGA,080433.40,2756.93685,S,02449.84878,E,4,18,0.7,94.086,M,28.000,M,1.0,0000*7D
$GNGST,080433.40,0.012,0.015,0.011,32.1,0.011,0.013,0.021*77
$GNRMC,080433.40,A,2756.93685,S,02449.84878,E,3.50,180.0,120826,,,R*71
$GNGGA,080433.60,2756.93704,S,02449.84878,E,4,18,0.7,94.086,M,28.000,M,1.0,0000*77
$GNGST,080433.60,0.012,0.015,0.011,32.1,0.011,0.013,0.021*75
$GNRMC,080433.60,A,2756.93704,S,02449.84878,E,3.50,180.0,120826,,,R*7B
$GNGGA,080433.80,2756.93724,S,02449.84878,E,4,18,0.7,94.086,M,28.000,M,1.0,0000*7B
$GNGST,080433.80,0.012,0.015,0.011,32.1,0.011,0.013,0.021*7B
$GNRMC,080433.80,A,2756.93724,S,02449.84878,E,3.50,180.0,120826,,,R*77
$GNGGA,080434.00,2756.93743,S,02449.84878,E,4,18,0.7,94.086,M,28.000,M,1.0,0000*75
$GNGST,080434.00,0.012,0.015,0.011,32.1,0.011,0.013,0.021*74
$GNRMC,080434.00,A,2756.93743,S,02449.84878,E,3.50,180.0,120826,,,R*79
$GNGGA,080434.20,2756.93763,S,02449.84878,E,4,18,0.7,94.086,M,28.000,M,1.0,0000*75
$GNGST,080434.20,0.012,0.015,0.011,32.1,0.011,0.013,0.021*76
$GNRMC,080434.20,A,2756.93763,S,02449.84878,E,3.50,180.0,120826,,,R*79
$GNGGA,080434.40,2756.93782,S,02449.84878,E,4,18,0.7,94.086,M,28.000,M,1.0,0000*7C
$GNGST,080434.40,0.012,0.015,0.011,32.1,0.011,0.013,0.021*70
$GNRMC,080434.40,A,2756.93782,S,02449.84878,E,3.50,180.0,120826,,,R*70
$GNGGA,080434.60,2756.93802,S,02449.84878,E,4,18,0.7,94.086,M,28.000,M,1.0,0000*79
$GNGST,080434.60,0.012,0.015,0.011,32.1,0.011,0.013,0.021*72
$GNRMC,080434.60,A,2756.93802,S,02449.84878,E,3.50,180.0,120826,,,R*75
$GNGGA,080434.80,2756.93821,S,02449.84878,E,4,18,0.7,94.086,M,28.000,M,1.0,0000*76
$GNGST,080434.80,0.012,0.015,0.011,32.1,0.011,0.013,0.021*7C
$GNRMC,080434.80,A,2756.93821,S,02449.84878,E,3.50,180.0,120826,,,R*7A
$GNGGA,080435.00,2756.93841,S,02449.84878,E,4,18,0.7,94.086,M,28.000,M,1.0,0000*79
$GNGST,080435.00,0.012,0.015,0.011,32.1,0.011,0.013,0.021*75
$GNRMC,080435.00,A,2756.93841,S,02449.84878,E,3.50,180.0,120826,,,R*75
$GNGGA,080435.20,2756.93860,S,02449.84878,E,4,18,0.7,94.086,M,28.000,M,1.0,0000*78
$GNGST,080435.20,0.012,0.015,0.011,32.1,0.011,0.013,0.021*77
$GNRMC,080435.20,A,2756.93860,S,02449.84878,E,3.50,180.0,120826,,,R*74
$GNGGA,080435.40,2756.93880,S,02449.84878,E,4,18,0.7,94.086,M,28.000,M,1.0,0000*70
$GNGST,080435.40,0.012,0.015,0.011,32.1,0.011,0.013,0.021*71
$GNRMC,080435.40,A,2756.93880,S,02449.84878,E,3.50,180.0,120826,,,R*7C
$GNGGA,080435.60,2756.93899,S,02449.84878,E,4,18,0.7,94.086,M,28.000,M,1.0,0000*7A
$GNGST,080435.60,0.012,0.015,0.011,32.1,0.011,0.013,0.021*73
$GNRMC,080435.60,A,2756.93899,S,02449.84878,E,3.50,180.0,120826,,,R*76
$GNGGA,080435.80,2756.93919,S,02449.84878,E,4,18,0.7,94.086,M,28.000,M,1.0,0000*7D
$GNGST,080435.80,0.012,0.015,0.011,32.1,0.011,0.013,0.021*7D
$GNRMC,080435.80,A,2756.93919,S,02449.84878,E,3.50,180.0,120826,,,R*71
$GNGGA,080436.00,2756.93938,S,02449.84878,E,4,18,0.7,94.086,M,28.000,M,1.0,0000*75
$GNGST,080436.00,0.012,0.015,0.011,32.1,0.011,0.013,0.021*76
$GNRMC,080436.00,A,2756.93938,S,02449.84878,E,3.50,180.0,120826,,,R*79
$GNGGA,080436.20,2756.93958,S,02449.84878,E,4,18,0.7,94.086,M,28.000,M,1.0,0000*71
$GNGST,080436.20,0.012,0.015,0.011,32.1,0.011,0.013,0.021*74
$GNRMC,080436.20,A,2756.93958,S,02449.84878,E,3.50,180.0,120826,,,R*7D
$GNGGA,080436.40,2756.93977,S,02449.84878,E,4,18,0.7,94.086,M,28.000,M,1.0,0000*7A
$GNGST,080436.40,0.012,0.015,0.011,32.1,0.011,0.013,0.021*72
$GNRMC,080436.40,A,2756.93977,S,02449.84878,E,3.50,180.0,120826,,,R*76
$GNGGA,080436.60,2756.93997,S,02449.84878,E,4,18,0.7,94.086,M,28.000,M,1.0,0000*76
$GNGST,080436.60,0.012,0.015,0.011,32.1,0.011,0.013,0.021*70
$GNRMC,080436.60,A,2756.93997,S,02449.84878,E,3.50,180.0,120826,,,R*7A
$GNGGA,080436.80,2756.94016,S,02449.84878,E,4,18,0.7,94.086,M,28.000,M,1.0,0000*7F
$GNGST,080436.80,0.012,0.015,0.011,32.1,0.011,0.013,0.021*7E
$GNRMC,080436.80,A,2756.94016,S,02449.84878,E,3.50,180.0,120826,,,R*73
$GNGGA,080437.00,2756.94036,S,02449.84878,E,4,18,0.7,94.086,M,28.000,M,1.0,0000*74
$GNGST,080437.00,0.012,0.015,0.011,32.1,0.011,0.013,0.021*77
$GNRMC,080437.00,A,2756.94036,S,02449.84878,E,3.50,180.0,120826,,,R*78
$GNGGA,080437.20,2756.94055,S,02449.84878,E,4,18,0.7,94.086,M,28.000,M,1.0,0000*73
$GNGST,080437.20,0.012,0.015,0.011,32.1,0.011,0.013,0.021*75
$GNRMC,080437.20,A,2756.94055,S,02449.84878,E,3.50,180.0,120826,,,R*7F
$GNGGA,080437.40,2756.94075,S,02449.84878,E,4,18,0.7,94.085,M,28.000,M,1.0,0000*74
$GNGST,080437.40,0.012,0.015,0.011,32.1,0.011,0.013,0.021*73
$GNRMC,080437.40,A,2756.94075,S,02449.84878,E,3.50,180.0,120826,,,R*7B
$GNGGA,080437.60,2756.94094,S,02449.84878,E,4,18,0.7,94.085,M,28.000,M,1.0,0000*79
$GNGST,080437.60,0.012,0.015,0.011,32.1,0.011,0.013,0.021*71
$GNRMC,080437.60,A,2756.94094,S,02449.84878,E,3.50,180.0,120826,,,R*76
$GNGGA,080437.80,2756.94114,S,02449.84878,E,4,18,0.7,94.085,M,28.000,M,1.0,0000*7E
$GNGST,080437.80,0.012,0.015,0.011,32.1,0.011,0.013,0.021*7F
$GNRMC,080437.80,A,2756.94114,S,02449.84878,E,3.50,180.0,120826,,,R*71
$GNGGA,080438.00,2756.94133,S,02449.84878,E,4,18,0.7,94.085,M,28.000,M,1.0,0000*7C
$GNGST,080438.00,0.012,0.015,0.011,32.1,0.011,0.013,0.021*78
$GNRMC,080438.00,A,2756.94133,S,02449.84878,E,3.50,180.0,120826,,,R*73
$GNGGA,080438.20,2756.94153,S,02449.84878,E,4,18,0.7,94.085,M,28.000,M,1.0,0000*78
$GNGST,080438.20,0.012,0.015,0.011,32.1,0.011,0.013,0.021*7A
$GNRMC,080438.20,A,2756.94153,S,02449.84878,E,3.50,180.0,120826,,,R*77
$GNGGA,080438.40,2756.94172,S,02449.84878,E,4,18,0.7,94.085,M,28.000,M,1.0,0000*7D
$GNGST,080438.40,0.012,0.015,0.011,32.1,0.011,0.013,0.021*7C
$GNRMC,080438.40,A,2756.94172,S,02449.84878,E,3.50,180.0,120826,,,R*72
$GNGGA,080438.60,2756.94192,S,02449.84878,E,4,18,0.7,94.085,M,28.000,M,1.0,0000*71
$GNGST,080438.60,0.012,0.015,0.011,32.1,0.011,0.013,0.021*7E
$GNRMC,080438.60,A,2756.94192,S,02449.84878,E,3.50,180.0,120826,,,R*7E
$GNGGA,080438.80,2756.94211,S,02449.84878,E,4,18,0.7,94.085,M,28.000,M,1.0,0000*77
$GNGST,080438.80,0.012,0.015,0.011,32.1,0.011,0.013,0.021*70
$GNRMC,080438.80,A,2756.94211,S,02449.84878,E,3.50,180.0,120826,,,R*78
$GNGGA,080439.00,2756.94231,S,02449.84878,E,4,18,0.7,94.085,M,28.000,M,1.0,0000*7C
$GNGST,080439.00,0.012,0.015,0.011,32.1,0.011,0.013,0.021*79
$GNRMC,080439.00,A,2756.94231,S,02449.84878,E,3.50,180.0,120826,,,R*73
$GNGGA,080439.20,2756.94250,S,02449.84878,E,4,18,0.7,94.084,M,28.000,M,1.0,0000*78
$GNGST,080439.20,0.012,0.015,0.011,32.1,0.011,0.013,0.021*7B
$GNRMC,080439.20,A,2756.94250,S,02449.84878,E,3.50,180.0,120826,,,R*76
$GNGGA,080439.40,2756.94270,S,02449.84878,E,4,18,0.7,94.084,M,28.000,M,1.0,0000*7C
$GNGST,080439.40,0.012,0.015,0.011,32.1,0.011,0.013,0.021*7D
$GNRMC,080439.40,A,2756.94270,S,02449.84878,E,3.50,180.0,120826,,,R*72
$GNGGA,080439.60,2756.94289,S,02449.84878,E,4,18,0.7,94.084,M,28.000,M,1.0,0000*78
$GNGST,080439.60,0.012,0.015,0.011,32.1,0.011,0.013,0.021*7F
$GNRMC,080439.60,A,2756.94289,S,02449.84878,E,3.50,180.0,120826,,,R*76
$GNGGA,080439.80,2756.94309,S,02449.84878,E,4,18,0.7,94.084,M,28.000,M,1.0,0000*7F
$GNGST,080439.80,0.012,0.015,0.011,32.1,0.011,0.013,0.021*71
$GNRMC,080439.80,A,2756.94309,S,02449.84878,E,3.50,180.0,120826,,,R*71
$GNGGA,080440.00,2756.94328,S,02449.84878,E,4,18,0.7,94.084,M,28.000,M,1.0,0000*7A
$GNGST,080440.00,0.012,0.015,0.011,32.1,0.011,0.013,0.021*77
$GNRMC,080440.00,A,2756.94328,S,02449.84878,E,3.50,180.0,120826,,,R*74
$GNGGA,080440.20,2756.94348,S,02449.84878,E,4,18,0.7,94.084,M,28.000,M,1.0,0000*7E
$GNGST,080440.20,0.012,0.015,0.011,32.1,0.011,0.013,0.021*75
$GNRMC,080440.20,A,2756.94348,S,02449.84878,E,3.50,180.0,120826,,,R*70
$GNGGA,080440.40,2756.94367,S,02449.84878,E,4,18,0.7,94.083,M,28.000,M,1.0,0000*72
$GNGST,080440.40,0.012,0.015,0.011,32.1,0.011,0.013,0.021*73
$GNRMC,080440.40,A,2756.94367,S,02449.84878,E,3.50,180.0,120826,,,R*7B
$GNGGA,080440.60,2756.94387,S,02449.84878,E,4,18,0.7,94.083,M,28.000,M,1.0,0000*7E
$GNGST,080440.60,0.012,0.015,0.011,32.1,0.011,0.013,0.021*71
$GNRMC,080440.60,A,2756.94387,S,02449.84878,E,3.50,180.0,120826,,,R*77
$GNGGA,080440.80,2756.94406,S,02449.84878,E,4,18,0.7,94.083,M,28.000,M,1.0,0000*7E
$GNGST,080440.80,0.012,0.015,0.011,32.1,0.011,0.013,0.021*7F
$GNRMC,080440.80,A,2756.94406,S,02449.84878,E,3.50,180.0,120826,,,R*77
$GNGGA,080441.00,2756.94425,S,02449.84878,E,4,18,0.7,94.083,M,28.000,M,1.0,0000*76
$GNGST,080441.00,0.012,0.015,0.011,32.1,0.011,0.013,0.021*76
$GNRMC,080441.00,A,2756.94425,S,02449.84878,E,3.50,180.0,120826,,,R*7F
$GNGGA,080441.20,2756.94445,S,02449.84878,E,4,18,0.7,94.083,M,28.000,M,1.0,0000*72
$GNGST,080441.20,0.012,0.015,0.011,32.1,0.011,0.013,0.021*74
$GNRMC,080441.20,A,2756.94445,S,02449.84878,E,3.50,180.0,120826,,,R*7B
$GNGGA,080441.40,2756.94464,S,02449.84878,E,4,18,0.7,94.082,M,28.000,M,1.0,0000*76
$GNGST,080441.40,0.012,0.015,0.011,32.1,0.011,0.013,0.021*72
$GNRMC,080441.40,A,2756.94464,S,02449.84878,E,3.50,180.0,120826,,,R*7E
$GNGGA,080441.60,2756.94484,S,02449.84878,E,4,18,0.7,94.082,M,28.000,M,1.0,0000*7A
$GNGST,080441.60,0.012,0.015,0.011,32.1,0.011,0.013,0.021*70
$GNRMC,080441.60,A,2756.94484,S,02449.84878,E,3.50,180.0,120826,,,R*72
$GNGGA,080441.80,2756.94503,S,02449.84878,E,4,18,0.7,94.082,M,28.000,M,1.0,0000*7A
$GNGST,080441.80,0.012,0.015,0.011,32.1,0.011,0.013,0.021*7E
$GNRMC,080441.80,A,2756.94503,S,02449.84878,E,3.50,180.0,120826,,,R*72
$GNGGA,080442.00,2756.94523,S,02449.84878,E,4,18,0.7,94.082,M,28.000,M,1.0,0000*73
$GNGST,080442.00,0.012,0.015,0.011,32.1,0.011,0.013,0.021*75
$GNRMC,080442.00,A,2756.94523,S,02449.84878,E,3.50,180.0,120826,,,R*7B
$GNGGA,080442.20,2756.94542,S,02449.84878,E,4,18,0.7,94.081,M,28.000,M,1.0,0000*75
$GNGST,080442.20,0.012,0.015,0.011,32.1,0.011,0.013,0.021*77
$GNRMC,080442.20,A,2756.94542,S,02449.84878,E,3.50,180.0,120826,,,R*7E
$GNGGA,080442.40,2756.94562,S,02449.84878,E,4,18,0.7,94.081,M,28.000,M,1.0,0000*71
$GNGST,080442.40,0.012,0.015,0.011,32.1,0.011,0.013,0.021*71
$GNRMC,080442.40,A,2756.94562,S,02449.84878,E,3.50,180.0,120826,,,R*7A
$GNGGA,080442.60,2756.94581,S,02449.84878,E,4,18,0.7,94.081,M,28.000,M,1.0,0000*7E
$GNGST,080442.60,0.012,0.015,0.011,32.1,0.011,0.013,0.021*73
$GNRMC,080442.60,A,2756.94581,S,02449.84878,E,3.50,180.0,120826,,,R*75
$GNGGA,080442.80,2756.94601,S,02449.84878,E,4,18,0.7,94.081,M,28.000,M,1.0,0000*7B
$GNGST,080442.80,0.012,0.015,0.011,32.1,0.011,0.013,0.021*7D
$GNRMC,080442.80,A,2756.94601,S,02449.84878,E,3.50,180.0,120826,,,R*70
$GNGGA,080443.00,2756.94620,S,02449.84878,E,4,18,0.7,94.080,M,28.000,M,1.0,0000*70
$GNGST,080443.00,0.012,0.015,0.011,32.1,0.011,0.013,0.021*74
$GNRMC,080443.00,A,2756.94620,S,02449.84878,E,3.50,180.0,120826,,,R*7A
$GNGGA,080443.20,2756.94640,S,02449.84878,E,4,18,0.7,94.080,M,28.000,M,1.0,0000*74
$GNGST,080443.20,0.012,0.015,0.011,32.1,0.011,0.013,0.021*76
$GNRMC,080443.20,A,2756.94640,S,02449.84878,E,3.50,180.0,120826,,,R*7E
$GNGGA,080443.40,2756.94659,S,02449.84878,E,4,18,0.7,94.080,M,28.000,M,1.0,0000*7A
$GNGST,080443.40,0.012,0.015,0.011,32.1,0.011,0.013,0.021*70
$GNRMC,080443.40,A,2756.94659,S,02449.84878,E,3.50,180.0,120826,,,R*70
$GNGGA,080443.60,2756.94679,S,02449.84878,E,4,18,0.7,94.080,M,28.000,M,1.0,0000*7A
$GNGST,080443.60,0.012,0.015,0.011,32.1,0.011,0.013,0.021*72
$GNRMC,080443.60,A,2756.94679,S,02449.84878,E,3.50,180.0,120826,,,R*70
$GNGGA,080443.80,2756.94698,S,02449.84878,E,4,18,0.7,94.079,M,28.000,M,1.0,0000*7D
$GNGST,080443.80,0.012,0.015,0.011,32.1,0.011,0.013,0.021*7C
$GNRMC,080443.80,A,2756.94698,S,02449.84878,E,3.50,180.0,120826,,,R*71
$GNGGA,080444.00,2756.94718,S,02449.84878,E,4,18,0.7,94.079,M,28.000,M,1.0,0000*7B
$GNGST,080444.00,0.012,0.015,0.011,32.1,0.011,0.013,0.021*73
$GNRMC,080444.00,A,2756.94718,S,02449.84878,E,3.50,180.0,120826,,,R*77
$GNGGA,080444.20,2756.94737,S,02449.84878,E,4,18,0.7,94.079,M,28.000,M,1.0,0000*74
$GNGST,080444.20,0.012,0.015,0.011,32.1,0.011,0.013,0.021*71
$GNRMC,080444.20,A,2756.94737,S,02449.84878,E,3.50,180.0,120826,,,R*78
$GNGGA,080444.40,2756.94757,S,02449.84878,E,4,18,0.7,94.078,M,28.000,M,1.0,0000*75
$GNGST,080444.40,0.012,0.015,0.011,32.1,0.011,0.013,0.021*77
$GNRMC,080444.40,A,2756.94757,S,02449.84878,E,3.50,180.0,120826,,,R*78
$GNGGA,080444.60,2756.94776,S,02449.84878,E,4,18,0.7,94.078,M,28.000,M,1.0,0000*74
$GNGST,080444.60,0.012,0.015,0.011,32.1,0.011,0.013,0.021*75
$GNRMC,080444.60,A,2756.94776,S,02449.84878,E,3.50,180.0,120826,,,R*79
$GNGGA,080444.80,2756.94796,S,02449.84878,E,4,18,0.7,94.078,M,28.000,M,1.0,0000*74
$GNGST,080444.80,0.012,0.015,0.011,32.1,0.011,0.013,0.021*7B
$GNRMC,080444.80,A,2756.94796,S,02449.84878,E,3.50,180.0,120826,,,R*79
$GNGGA,080445.00,2756.94815,S,02449.84878,E,4,18,0.7,94.077,M,28.000,M,1.0,0000*76
$GNGST,080445.00,0.012,0.015,0.011,32.1,0.011,0.013,0.021*72
$GNRMC,080445.00,A,2756.94815,S,02449.84878,E,3.50,180.0,120826,,,R*74
$GNGGA,080445.20,2756.94835,S,02449.84878,E,4,18,0.7,94.077,M,28.000,M,1.0,0000*76
$GNGST,080445.20,0.012,0.015,0.011,32.1,0.011,0.013,0.021*70
$GNRMC,080445.20,A,2756.94835,S,02449.84878,E,3.50,180.0,120826,,,R*74
$GNGGA,080445.40,2756.94854,S,02449.84878,E,4,18,0.7,94.077,M,28.000,M,1.0,0000*77
$GNGST,080445.40,0.012,0.015,0.011,32.1,0.011,0.013,0.021*76
$GNRMC,080445.40,A,2756.94854,S,02449.84878,E,3.50,180.0,120826,,,R*75
$GNGGA,080445.60,2756.94874,S,02449.84878,E,4,18,0.7,94.076,M,28.000,M,1.0,0000*76
$GNGST,080445.60,0.012,0.015,0.011,32.1,0.011,0.013,0.021*74
$GNRMC,080445.60,A,2756.94874,S,02449.84878,E,3.50,180.0,120826,,,R*75
$GNGGA,080445.80,2756.94893,S,02449.84878,E,4,18,0.7,94.076,M,28.000,M,1.0,0000*71
$GNGST,080445.80,0.012,0.015,0.011,32.1,0.011,0.013,0.021*7A
$GNRMC,080445.80,A,2756.94893,S,02449.84878,E,3.50,180.0,120826,,,R*72
$GNGGA,080446.00,2756.94913,S,02449.84878,E,4,18,0.7,94.076,M,28.000,M,1.0,0000*73
$GNGST,080446.00,0.012,0.015,0.011,32.1,0.011,0.013,0.021*71
$GNRMC,080446.00,A,2756.94913,S,02449.84878,E,3.50,180.0,120826,,,R*70
$GNGGA,080446.20,2756.94932,S,02449.84878,E,4,18,0.7,94.075,M,28.000,M,1.0,0000*71
$GNGST,080446.20,0.012,0.015,0.011,32.1,0.011,0.013,0.021*73
$GNRMC,080446.20,A,2756.94932,S,02449.84878,E,3.50,180.0,120826,,,R*71
$GNGGA,080446.40,2756.94952,S,02449.84878,E,4,18,0.7,94.075,M,28.000,M,1.0,0000*71
$GNGST,080446.40,0.012,0.015,0.011,32.1,0.011,0.013,0.021*75
$GNRMC,080446.40,A,2756.94952,S,02449.84878,E,3.50,180.0,120826,,,R*71
$GNGGA,080446.60,2756.94971,S,02449.84878,E,4,18,0.7,94.075,M,28.000,M,1.0,0000*72
$GNGST,080446.60,0.012,0.015,0.011,32.1,0.011,0.013,0.021*77
$GNRMC,080446.60,A,2756.94971,S,02449.84878,E,3.50,180.0,120826,,,R*72
$GNGGA,080446.80,2756.94991,S,02449.84878,E,4,18,0.7,94.074,M,28.000,M,1.0,0000*73
$GNGST,080446.80,0.012,0.015,0.011,32.1,0.011,0.013,0.021*79
$GNRMC,080446.80,A,2756.94991,S,02449.84878,E,3.50,180.0,120826,,,R*72
$GNGGA,080447.00,2756.95010,S,02449.84878,E,4,18,0.7,94.074,M,28.000,M,1.0,0000*7B
$GNGST,080447.00,0.012,0.015,0.011,32.1,0.011,0.013,0.021*70
$GNRMC,080447.00,A,2756.95010,S,02449.84878,E,3.50,180.0,120826,,,R*7A
$GNGGA,080447.20,2756.95030,S,02449.84878,E,4,18,0.7,94.073,M,28.000,M,1.0,0000*7C
$GNGST,080447.20,0.012,0.015,0.011,32.1,0.011,0.013,0.021*72
$GNRMC,080447.20,A,2756.95030,S,02449.84878,E,3.50,180.0,120826,,,R*7A
$GNGGA,080447.40,2756.95049,S,02449.84878,E,4,18,0.7,94.073,M,28.000,M,1.0,0000*74
$GNGST,080447.40,0.012,0.015,0.011,32.1,0.011,0.013,0.021*74
$GNRMC,080447.40,A,2756.95049,S,02449.84878,E,3.50,180.0,120826,,,R*72
$GNGGA,080447.60,2756.95069,S,02449.84878,E,4,18,0.7,94.073,M,28.000,M,1.0,0000*74
$GNGST,080447.60,0.012,0.015,0.011,32.1,0.011,0.013,0.021*76
$GNRMC,080447.60,A,2756.95069,S,02449.84878,E,3.50,180.0,120826,,,R*72
$GNGGA,080447.80,2756.95088,S,02449.84878,E,4,18,0.7,94.072,M,28.000,M,1.0,0000*74
$GNGST,080447.80,0.012,0.015,0.011,32.1,0.011,0.013,0.021*78
$GNRMC,080447.80,A,2756.95088,S,02449.84878,E,3.50,180.0,120826,,,R*73
$GNGGA,080448.00,2756.95108,S,02449.84878,E,4,18,0.7,94.072,M,28.000,M,1.0,0000*7A
$GNGST,080448.00,0.012,0.015,0.011,32.1,0.011,0.013,0.021*7F
$GNRMC,080448.00,A,2756.95108,S,02449.84878,E,3.50,180.0,120826,,,R*7D
$GNGGA,080448.20,2756.95127,S,02449.84878,E,4,18,0.7,94.071,M,28.000,M,1.0,0000*76
$GNGST,080448.20,0.012,0.015,0.011,32.1,0.011,0.013,0.021*7D
$GNRMC,080448.20,A,2756.95127,S,02449.84878,E,3.50,180.0,120826,,,R*72
$GNGGA,080448.40,2756.95147,S,02449.84878,E,4,18,0.7,94.071,M,28.000,M,1.0,0000*76
$GNGST,080448.40,0.012,0.015,0.011,32.1,0.011,0.013,0.021*7B
$GNRMC,080448.40,A,2756.95147,S,02449.84878,E,3.50,180.0,120826,,,R*72
$GNGGA,080448.60,2756.95166,S,02449.84878,E,4,18,0.7,94.071,M,28.000,M,1.0,0000*77
$GNGST,080448.60,0.012,0.015,0.011,32.1,0.011,0.013,0.021*79
$GNRMC,080448.60,A,2756.95166,S,02449.84878,E,3.50,180.0,120826,,,R*73
$GNGGA,080448.80,2756.95186,S,02449.84878,E,4,18,0.7,94.070,M,28.000,M,1.0,0000*76
$GNGST,080448.80,0.012,0.015,0.011,32.1,0.011,0.013,0.021*77
$GNRMC,080448.80,A,2756.95186,S,02449.84878,E,3.50,180.0,120826,,,R*73
$GNGGA,080449.00,2756.95205,S,02449.84878,E,4,18,0.7,94.070,M,28.000,M,1.0,0000*77
$GNGST,080449.00,0.012,0.015,0.011,32.1,0.011,0.013,0.021*7E
$GNRMC,080449.00,A,2756.95205,S,02449.84878,E,3.50,180.0,120826,,,R*72
$GNGGA,080449.20,2756.95225,S,02449.84878,E,4,18,0.7,94.069,M,28.000,M,1.0,0000*7F
$GNGST,080449.20,0.012,0.015,0.011,32.1,0.011,0.013,0.021*7C
$GNRMC,080449.20,A,2756.95225,S,02449.84878,E,3.50,180.0,120826,,,R*72
$GNGGA,080449.40,2756.95244,S,02449.84878,E,4,18,0.7,94.069,M,28.000,M,1.0,0000*7E
$GNGST,080449.40,0.012,0.015,0.011,32.1,0.011,0.013,0.021*7A
$GNRMC,080449.40,A,2756.95244,S,02449.84878,E,3.50,180.0,120826,,,R*73
$GNGGA,080449.60,2756.95264,S,02449.84878,E,4,18,0.7,94.068,M,28.000,M,1.0,0000*7F
$GNGST,080449.60,0.012,0.015,0.011,32.1,0.011,0.013,0.021*78
$GNRMC,080449.60,A,2756.95264,S,02449.84878,E,3.50,180.0,120826,,,R*73
$GNGGA,080449.80,2756.95283,S,02449.84878,E,4,18,0.7,94.068,M,28.000,M,1.0,0000*78
$GNGST,080449.80,0.012,0.015,0.011,32.1,0.011,0.013,0.021*76
$GNRMC,080449.80,A,2756.95283,S,02449.84878,E,3.50,180.0,120826,,,R*74
$GNGGA,080450.00,2756.95303,S,02449.84878,E,4,18,0.7,94.067,M,28.000,M,1.0,0000*7E
$GNGST,080450.00,0.012,0.015,0.011,32.1,0.011,0.013,0.021*76
$GNRMC,080450.00,A,2756.95303,S,02449.84878,E,3.50,180.0,120826,,,R*7D
$GNGGA,080450.20,2756.95322,S,02449.84878,E,4,18,0.7,94.067,M,28.000,M,1.0,0000*7F
$GNGST,080450.20,0.012,0.015,0.011,32.1,0.011,0.013,0.021*74
$GNRMC,080450.20,A,2756.95322,S,02449.84878,E,3.50,180.0,120826,,,R*7C
$GNGGA,080450.40,2756.95342,S,02449.84878,E,4,18,0.7,94.066,M,28.000,M,1.0,0000*7E
$GNGST,080450.40,0.012,0.015,0.011,32.1,0.011,0.013,0.021*72
$GNRMC,080450.40,A,2756.95342,S,02449.84878,E,3.50,180.0,120826,,,R*7C
$GNGGA,080450.60,2756.95361,S,02449.84878,E,4,18,0.7,94.066,M,28.000,M,1.0,0000*7D
$GNGST,080450.60,0.012,0.015,0.011,32.1,0.011,0.013,0.021*70
$GNRMC,080450.60,A,2756.95361,S,02449.84878,E,3.50,180.0,120826,,,R*7F
$GNGGA,080450.80,2756.95381,S,02449.84878,E,4,18,0.7,94.065,M,28.000,M,1.0,0000*7E
$GNGST,080450.80,0.012,0.015,0.011,32.1,0.011,0.013,0.021*7E
$GNRMC,080450.80,A,2756.95381,S,02449.84878,E,3.50,180.0,120826,,,R*7F
$GNGGA,080451.00,2756.95400,S,02449.84878,E,4,18,0.7,94.065,M,28.000,M,1.0,0000*79
$GNGST,080451.00,0.012,0.015,0.011,32.1,0.011,0.013,0.021*77
$GNRMC,080451.00,A,2756.95400,S,02449.84878,E,3.50,180.0,120826,,,R*78
$GNGGA,080451.20,2756.95420,S,02449.84878,E,4,18,0.7,94.064,M,28.000,M,1.0,0000*78
$GNGST,080451.20,0.012,0.015,0.011,32.1,0.011,0.013,0.021*75
$GNRMC,080451.20,A,2756.95420,S,02449.84878,E,3.50,180.0,120826,,,R*78
$GNGGA,080451.40,2756.95439,S,02449.84878,E,4,18,0.7,94.064,M,28.000,M,1.0,0000*76
$GNGST,080451.40,0.012,0.015,0.011,32.1,0.011,0.013,0.021*73
$GNRMC,080451.40,A,2756.95439,S,02449.84878,E,3.50,180.0,120826,,,R*76
$GNGGA,080451.60,2756.95459,S,02449.84878,E,4,18,0.7,94.063,M,28.000,M,1.0,0000*75
$GNGST,080451.60,0.012,0.015,0.011,32.1,0.011,0.013,0.021*71
$GNRMC,080451.60,A,2756.95459,S,02449.84878,E,3.50,180.0,120826,,,R*72
$GNGGA,080451.80,2756.95478,S,02449.84878,E,4,18,0.7,94.063,M,28.000,M,1.0,0000*78
$GNGST,080451.80,0.012,0.015,0.011,32.1,0.011,0.013,0.021*7F
$GNRMC,080451.80,A,2756.95478,S,02449.84878,E,3.50,180.0,120826,,,R*7F
$GNGGA,080452.00,2756.95498,S,02449.84878,E,4,18,0.7,94.062,M,28.000,M,1.0,0000*7C
$GNGST,080452.00,0.012,0.015,0.011,32.1,0.011,0.013,0.021*74
$GNRMC,080452.00,A,2756.95498,S,02449.84878,E,3.50,180.0,120826,,,R*7A
$GNGGA,080452.20,2756.95517,S,02449.84878,E,4,18,0.7,94.062,M,28.000,M,1.0,0000*78
$GNGST,080452.20,0.012,0.015,0.011,32.1,0.011,0.013,0.021*76
$GNRMC,080452.20,A,2756.95517,S,02449.84878,E,3.50,180.0,120826,,,R*7E
$GNGGA,080452.40,2756.95536,S,02449.84878,E,4,18,0.7,94.061,M,28.000,M,1.0,0000*7E
$GNGST,080452.40,0.012,0.015,0.011,32.1,0.011,0.013,0.021*70
$GNRMC,080452.40,A,2756.95536,S,02449.84878,E,3.50,180.0,120826,,,R*7B
$GNGGA,080452.60,2756.95556,S,02449.84878,E,4,18,0.7,94.061,M,28.000,M,1.0,0000*7A
$GNGST,080452.60,0.012,0.015,0.011,32.1,0.011,0.013,0.021*72
$GNRMC,080452.60,A,2756.95556,S,02449.84878,E,3.50,180.0,120826,,,R*7F
$GNGGA,080452.80,2756.95575,S,02449.84878,E,4,18,0.7,94.060,M,28.000,M,1.0,0000*74
$GNGST,080452.80,0.012,0.015,0.011,32.1,0.011,0.013,0.021*7C
$GNRMC,080452.80,A,2756.95575,S,02449.84878,E,3.50,180.0,120826,,,R*70
$GNGGA,080453.00,2756.95595,S,02449.84878,E,4,18,0.7,94.059,M,28.000,M,1.0,0000*79
$GNGST,080453.00,0.012,0.015,0.011,32.1,0.011,0.013,0.021*75
$GNRMC,080453.00,A,2756.95595,S,02449.84878,E,3.50,180.0,120826,,,R*77
$GNGGA,080453.20,2756.95614,S,02449.84878,E,4,18,0.7,94.059,M,28.000,M,1.0,0000*71
$GNGST,080453.20,0.012,0.015,0.011,32.1,0.011,0.013,0.021*77
$GNRMC,080453.20,A,2756.95614,S,02449.84878,E,3.50,180.0,120826,,,R*7F
$GNGGA,080453.40,2756.95634,S,02449.84878,E,4,18,0.7,94.058,M,28.000,M,1.0,0000*74
$GNGST,080453.40,0.012,0.015,0.011,32.1,0.011,0.013,0.021*71
$GNRMC,080453.40,A,2756.95634,S,02449.84878,E,3.50,180.0,120826,,,R*7B
$GNGGA,080453.60,2756.95653,S,02449.84878,E,4,18,0.7,94.058,M,28.000,M,1.0,0000*77
$GNGST,080453.60,0.012,0.015,0.011,32.1,0.011,0.013,0.021*73
$GNRMC,080453.60,A,2756.95653,S,02449.84878,E,3.50,180.0,120826,,,R*78
$GNGGA,080453.80,2756.95673,S,02449.84878,E,4,18,0.7,94.057,M,28.000,M,1.0,0000*74
$GNGST,080453.80,0.012,0.015,0.011,32.1,0.011,0.013,0.021*7D
$GNRMC,080453.80,A,2756.95673,S,02449.84878,E,3.50,180.0,120826,,,R*74
$GNGGA,080454.00,2756.95692,S,02449.84878,E,4,18,0.7,94.057,M,28.000,M,1.0,0000*74
$GNGST,080454.00,0.012,0.015,0.011,32.1,0.011,0.013,0.021*72
$GNRMC,080454.00,A,2756.95692,S,02449.84878,E,3.50,180.0,120826,,,R*74
$GNGGA,080454.20,2756.95712,S,02449.84878,E,4,18,0.7,94.056,M,28.000,M,1.0,0000*7E
$GNGST,080454.20,0.012,0.015,0.011,32.1,0.011,0.013,0.021*70
$GNRMC,080454.20,A,2756.95712,S,02449.84878,E,3.50,180.0,120826,,,R*7F
$GNGGA,080454.40,2756.95731,S,02449.84878,E,4,18,0.7,94.055,M,28.000,M,1.0,0000*7A
$GNGST,080454.40,0.012,0.015,0.011,32.1,0.011,0.013,0.021*76
$GNRMC,080454.40,A,2756.95731,S,02449.84878,E,3.50,180.0,120826,,,R*78
$GNGGA,080454.60,2756.95751,S,02449.84878,E,4,18,0.7,94.055,M,28.000,M,1.0,0000*7E
$GNGST,080454.60,0.012,0.015,0.011,32.1,0.011,0.013,0.021*74
$GNRMC,080454.60,A,2756.95751,S,02449.84878,E,3.50,180.0,120826,,,R*7C
$GNGGA,080454.80,2756.95770,S,02449.84878,E,4,18,0.7,94.054,M,28.000,M,1.0,0000*72
$GNGST,080454.80,0.012,0.015,0.011,32.1,0.011,0.013,0.021*7A
$GNRMC,080454.80,A,2756.95770,S,02449.84878,E,3.50,180.0,120826,,,R*71
$GNGGA,080455.00,2756.95790,S,02449.84878,E,4,18,0.7,94.054,M,28.000,M,1.0,0000*75
$GNGST,080455.00,0.012,0.015,0.011,32.1,0.011,0.013,0.021*73
$GNRMC,080455.00,A,2756.95790,S,02449.84878,E,3.50,180.0,120826,,,R*76
$GNGGA,080455.20,2756.95809,S,02449.84878,E,4,18,0.7,94.053,M,28.000,M,1.0,0000*7F
$GNGST,080455.20,0.012,0.015,0.011,32.1,0.011,0.013,0.021*71
$GNRMC,080455.20,A,2756.95809,S,02449.84878,E,3.50,180.0,120826,,,R*7B
$GNGGA,080455.40,2756.95829,S,02449.84878,E,4,18,0.7,94.052,M,28.000,M,1.0,0000*7A
$GNGST,080455.40,0.012,0.015,0.011,32.1,0.011,0.013,0.021*77
$GNRMC,080455.40,A,2756.95829,S,02449.84878,E,3.50,180.0,120826,,,R*7F
$GNGGA,080455.60,2756.95848,S,02449.84878,E,4,18,0.7,94.052,M,28.000,M,1.0,0000*7F
$GNGST,080455.60,0.012,0.015,0.011,32.1,0.011,0.013,0.021*75
$GNRMC,080455.60,A,2756.95848,S,02449.84878,E,3.50,180.0,120826,,,R*7A
$GNGGA,080455.80,2756.95868,S,02449.84878,E,4,18,0.7,94.051,M,28.000,M,1.0,0000*70
$GNGST,080455.80,0.012,0.015,0.011,32.1,0.011,0.013,0.021*7B
$GNRMC,080455.80,A,2756.95868,S,02449.84878,E,3.50,180.0,120826,,,R*76
$GNGGA,080456.00,2756.95887,S,02449.84878,E,4,18,0.7,94.050,M,28.000,M,1.0,0000*7B
$GNGST,080456.00,0.012,0.015,0.011,32.1,0.011,0.013,0.021*70
$GNRMC,080456.00,A,2756.95887,S,02449.84878,E,3.50,180.0,120826,,,R*7C
$GNGGA,080456.20,2756.95907,S,02449.84878,E,4,18,0.7,94.050,M,28.000,M,1.0,0000*70
$GNGST,080456.20,0.012,0.015,0.011,32.1,0.011,0.013,0.021*72
$GNRMC,080456.20,A,2756.95907,S,02449.84878,E,3.50,180.0,120826,,,R*77
$GNGGA,080456.40,2756.95926,S,02449.84878,E,4,18,0.7,94.049,M,28.000,M,1.0,0000*7D
$GNGST,080456.40,0.012,0.015,0.011,32.1,0.011,0.013,0.021*74
$GNRMC,080456.40,A,2756.95926,S,02449.84878,E,3.50,180.0,120826,,,R*72
$GNGGA,080456.60,2756.95946,S,02449.84878,E,4,18,0.7,94.049,M,28.000,M,1.0,0000*79
$GNGST,080456.60,0.012,0.015,0.011,32.1,0.011,0.013,0.021*76
$GNRMC,080456.60,A,2756.95946,S,02449.84878,E,3.50,180.0,120826,,,R*76
$GNGGA,080456.80,2756.95965,S,02449.84878,E,4,18,0.7,94.048,M,28.000,M,1.0,0000*77
$GNGST,080456.80,0.012,0.015,0.011,32.1,0.011,0.013,0.021*78
$GNRMC,080456.80,A,2756.95965,S,02449.84878,E,3.50,180.0,120826,,,R*79
$GNGGA,080457.00,2756.95985,S,02449.84878,E,4,18,0.7,94.047,M,28.000,M,1.0,0000*7F
$GNGST,080457.00,0.012,0.015,0.011,32.1,0.011,0.013,0.021*71
$GNRMC,080457.00,A,2756.95985,S,02449.84878,E,3.50,180.0,120826,,,R*7E
$GNGGA,080457.20,2756.96004,S,02449.84878,E,4,18,0.7,94.047,M,28.000,M,1.0,0000*7E
$GNGST,080457.20,0.012,0.015,0.011,32.1,0.011,0.013,0.021*73
$GNRMC,080457.20,A,2756.96004,S,02449.84878,E,3.50,180.0,120826,,,R*7F
$GNGGA,080457.40,2756.96024,S,02449.84878,E,4,18,0.7,94.046,M,28.000,M,1.0,0000*7B
$GNGST,080457.40,0.012,0.015,0.011,32.1,0.011,0.013,0.021*75
$GNRMC,080457.40,A,2756.96024,S,02449.84878,E,3.50,180.0,120826,,,R*7B
$GNGGA,080457.60,2756.96043,S,02449.84878,E,4,18,0.7,94.045,M,28.000,M,1.0,0000*7B
$GNGST,080457.60,0.012,0.015,0.011,32.1,0.011,0.013,0.021*77
$GNRMC,080457.60,A,2756.96043,S,02449.84878,E,3.50,180.0,120826,,,R*78
$GNGGA,080457.80,2756.96063,S,02449.84878,E,4,18,0.7,94.045,M,28.000,M,1.0,0000*77
$GNGST,080457.80,0.012,0.015,0.011,32.1,0.011,0.013,0.021*79
$GNRMC,080457.80,A,2756.96063,S,02449.84878,E,3.50,180.0,120826,,,R*74
$GNGGA,080458.00,2756.96082,S,02449.84878,E,4,18,0.7,94.044,M,28.000,M,1.0,0000*7E
$GNGST,080458.00,0.012,0.015,0.011,32.1,0.011,0.013,0.021*7E
$GNRMC,080458.00,A,2756.96082,S,02449.84878,E,3.50,180.0,120826,,,R*7C
$GNGGA,080458.20,2756.96102,S,02449.84878,E,4,18,0.7,94.043,M,28.000,M,1.0,0000*72
$GNGST,080458.20,0.012,0.015,0.011,32.1,0.011,0.013,0.021*7C
$GNRMC,080458.20,A,2756.96102,S,02449.84878,E,3.50,180.0,120826,,,R*77
$GNGGA,080458.40,2756.96121,S,02449.84878,E,4,18,0.7,94.043,M,28.000,M,1.0,0000*75
$GNGST,080458.40,0.012,0.015,0.011,32.1,0.011,0.013,0.021*7A
$GNRMC,080458.40,A,2756.96121,S,02449.84878,E,3.50,180.0,120826,,,R*70
$GNGGA,080458.60,2756.96141,S,02449.84878,E,4,18,0.7,94.042,M,28.000,M,1.0,0000*70
$GNGST,080458.60,0.012,0.015,0.011,32.1,0.011,0.013,0.021*78
$GNRMC,080458.60,A,2756.96141,S,02449.84878,E,3.50,180.0,120826,,,R*74
$GNGGA,080458.80,2756.96160,S,02449.84878,E,4,18,0.7,94.041,M,28.000,M,1.0,0000*7E
$GNGST,080458.80,0.012,0.015,0.011,32.1,0.011,0.013,0.021*76
$GNRMC,080458.80,A,2756.96160,S,02449.84878,E,3.50,180.0,120826,,,R*79
$GNGGA,080459.00,2756.96180,S,02449.84878,E,4,18,0.7,94.041,M,28.000,M,1.0,0000*79
$GNGST,080459.00,0.012,0.015,0.011,32.1,0.011,0.013,0.021*7F
$GNRMC,080459.00,A,2756.96180,S,02449.84878,E,3.50,180.0,120826,,,R*7E
$GNGGA,080459.20,2756.96199,S,02449.84878,E,4,18,0.7,94.040,M,28.000,M,1.0,0000*72
$GNGST,080459.20,0.012,0.015,0.011,32.1,0.011,0.013,0.021*7D
$GNRMC,080459.20,A,2756.96199,S,02449.84878,E,3.50,180.0,120826,,,R*74
$GNGGA,080459.40,2756.96219,S,02449.84878,E,4,18,0.7,94.039,M,28.000,M,1.0,0000*71
$GNGST,080459.40,0.012,0.015,0.011,32.1,0.011,0.013,0.021*7B
$GNRMC,080459.40,A,2756.96219,S,02449.84878,E,3.50,180.0,120826,,,R*79
$GNGGA,080459.60,2756.96238,S,02449.84878,E,4,18,0.7,94.039,M,28.000,M,1.0,0000*70
$GNGST,080459.60,0.012,0.015,0.011,32.1,0.011,0.013,0.021*79
$GNRMC,080459.60,A,2756.96238,S,02449.84878,E,3.50,180.0,120826,,,R*78
$GNGGA,080459.80,2756.96258,S,02449.84878,E,4,18,0.7,94.038,M,28.000,M,1.0,0000*79
$GNGST,080459.80,0.012,0.015,0.011,32.1,0.011,0.013,0.021*77
$GNRMC,080459.80,A,2756.96258,S,02449.84878,E,3.50,180.0,120826,,,R*70
$GNGGA,080500.00,2756.96277,S,02449.84878,E,4,18,0.7,94.037,M,28.000,M,1.0,0000*7E
$GNGST,080500.00,0.012,0.015,0.011,32.1,0.011,0.013,0.021*72
$GNRMC,080500.00,A,2756.96277,S,02449.84878,E,3.50,180.0,120826,,,R*78
$GNGGA,080500.20,2756.96297,S,02449.84878,E,4,18,0.7,94.037,M,28.000,M,1.0,0000*72
$GNGST,080500.20,0.012,0.015,0.011,32.1,0.011,0.013,0.021*70
$GNRMC,080500.20,A,2756.96297,S,02449.84878,E,3.50,180.0,120826,,,R*74
$GNGGA,080500.40,2756.96316,S,02449.84878,E,4,18,0.7,94.036,M,28.000,M,1.0,0000*7D
$GNGST,080500.40,0.012,0.015,0.011,32.1,0.011,0.013,0.021*76
$GNRMC,080500.40,A,2756.96316,S,02449.84878,E,3.50,180.0,120826,,,R*7A
$GNGGA,080500.60,2756.96336,S,02449.84878,E,4,18,0.7,94.035,M,28.000,M,1.0,0000*7E
$GNGST,080500.60,0.012,0.015,0.011,32.1,0.011,0.013,0.021*74
$GNRMC,080500.60,A,2756.96336,S,02449.84878,E,3.50,180.0,120826,,,R*7A
$GNGGA,080500.80,2756.96355,S,02449.84878,E,4,18,0.7,94.035,M,28.000,M,1.0,0000*75
$GNGST,080500.80,0.012,0.015,0.011,32.1,0.011,0.013,0.021*7A
$GNRMC,080500.80,A,2756.96355,S,02449.84878,E,3.50,180.0,120826,,,R*71
$GNGGA,080501.00,2756.96375,S,02449.84878,E,4,18,0.7,94.034,M,28.000,M,1.0,0000*7F
$GNGST,080501.00,0.012,0.015,0.011,32.1,0.011,0.013,0.021*73
$GNRMC,080501.00,A,2756.96375,S,02449.84878,E,3.50,180.0,120826,,,R*7A
$GNGGA,080501.20,2756.96394,S,02449.84878,E,4,18,0.7,94.033,M,28.000,M,1.0,0000*75
$GNGST,080501.20,0.012,0.015,0.011,32.1,0.011,0.013,0.021*71
$GNRMC,080501.20,A,2756.96394,S,02449.84878,E,3.50,180.0,120826,,,R*77
$GNGGA,080501.40,2756.96414,S,02449.84878,E,4,18,0.7,94.032,M,28.000,M,1.0,0000*7D
$GNGST,080501.40,0.012,0.015,0.011,32.1,0.011,0.013,0.021*77
$GNRMC,080501.40,A,2756.96414,S,02449.84878,E,3.50,180.0,120826,,,R*7E
$GNGGA,080501.60,2756.96433,S,02449.84878,E,4,18,0.7,94.032,M,28.000,M,1.0,0000*7A
$GNGST,080501.60,0.012,0.015,0.011,32.1,0.011,0.013,0.021*75
$GNRMC,080501.60,A,2756.96433,S,02449.84878,E,3.50,180.0,120826,,,R*79
$GNGGA,080501.80,2756.96453,S,02449.84878,E,4,18,0.7,94.031,M,28.000,M,1.0,0000*71
$GNGST,080501.80,0.012,0.015,0.011,32.1,0.011,0.013,0.021*7B
$GNRMC,080501.80,A,2756.96453,S,02449.84878,E,3.50,180.0,120826,,,R*71
$GNGGA,080502.00,2756.96472,S,02449.84878,E,4,18,0.7,94.030,M,28.000,M,1.0,0000*78
$GNGST,080502.00,0.012,0.015,0.011,32.1,0.011,0.013,0.021*70
$GNRMC,080502.00,A,2756.96472,S,02449.84878,E,3.50,180.0,120826,,,R*79
$GNGGA,080502.20,2756.96492,S,02449.84878,E,4,18,0.7,94.030,M,28.000,M,1.0,0000*74
$GNGST,080502.20,0.012,0.015,0.011,32.1,0.011,0.013,0.021*72
$GNRMC,080502.20,A,2756.96492,S,02449.84878,E,3.50,180.0,120826,,,R*75
$GNGGA,080502.40,2756.96511,S,02449.84878,E,4,18,0.7,94.029,M,28.000,M,1.0,0000*70
$GNGST,080502.40,0.012,0.015,0.011,32.1,0.011,0.013,0.021*74
$GNRMC,080502.40,A,2756.96511,S,02449.84878,E,3.50,180.0,120826,,,R*79
$GNGGA,080502.60,2756.96531,S,02449.84878,E,4,18,0.7,94.028,M,28.000,M,1.0,0000*71
$GNGST,080502.60,0.012,0.015,0.011,32.1,0.011,0.013,0.021*76
$GNRMC,080502.60,A,2756.96531,S,02449.84878,E,3.50,180.0,120826,,,R*79
$GNGGA,080502.80,2756.96550,S,02449.84878,E,4,18,0.7,94.028,M,28.000,M,1.0,0000*78
$GNGST,080502.80,0.012,0.015,0.011,32.1,0.011,0.013,0.021*78
$GNRMC,080502.80,A,2756.96550,S,02449.84878,E,3.50,180.0,120826,,,R*70
$GNGGA,080503.00,2756.96570,S,02449.84878,E,4,18,0.7,94.027,M,28.000,M,1.0,0000*7C
$GNGST,080503.00,0.012,0.015,0.011,32.1,0.011,0.013,0.021*71
$GNRMC,080503.00,A,2756.96570,S,02449.84878,E,3.50,180.0,120826,,,R*7B
$GNGGA,080503.20,2756.96589,S,02449.84878,E,4,18,0.7,94.026,M,28.000,M,1.0,0000*79
$GNGST,080503.20,0.012,0.015,0.011,32.1,0.011,0.013,0.021*73
$GNRMC,080503.20,A,2756.96589,S,02449.84878,E,3.50,180.0,120826,,,R*7F
$GNGGA,080503.40,2756.96609,S,02449.84878,E,4,18,0.7,94.025,M,28.000,M,1.0,0000*77
$GNGST,080503.40,0.012,0.015,0.011,32.1,0.011,0.013,0.021*75
$GNRMC,080503.40,A,2756.96609,S,02449.84878,E,3.50,180.0,120826,,,R*72
$GNGGA,080503.60,2756.96628,S,02449.84878,E,4,18,0.7,94.025,M,28.000,M,1.0,0000*76
$GNGST,080503.60,0.012,0.015,0.011,32.1,0.011,0.013,0.021*77
$GNRMC,080503.60,A,2756.96628,S,02449.84878,E,3.50,180.0,120826,,,R*73
$GNGGA,080503.80,2756.96647,S,02449.84878,E,4,18,0.7,94.024,M,28.000,M,1.0,0000*70
$GNGST,080503.80,0.012,0.015,0.011,32.1,0.011,0.013,0.021*79
$GNRMC,080503.80,A,2756.96647,S,02449.84878,E,3.50,180.0,120826,,,R*74
$GNGGA,080504.00,2756.96667,S,02449.84878,E,4,18,0.7,94.023,M,28.000,M,1.0,0000*7A
$GNGST,080504.00,0.012,0.015,0.011,32.1,0.011,0.013,0.021*76
$GNRMC,080504.00,A,2756.96667,S,02449.84878,E,3.50,180.0,120826,,,R*79
$GNGGA,080504.20,2756.96686,S,02449.84878,E,4,18,0.7,94.023,M,28.000,M,1.0,0000*77
$GNGST,080504.20,0.012,0.015,0.011,32.1,0.011,0.013,0.021*74
$GNRMC,080504.20,A,2756.96686,S,02449.84878,E,3.50,180.0,120826,,,R*74
$GNGGA,080504.40,2756.96706,S,02449.84878,E,4,18,0.7,94.022,M,28.000,M,1.0,0000*79
$GNGST,080504.40,0.012,0.015,0.011,32.1,0.011,0.013,0.021*72
$GNRMC,080504.40,A,2756.96706,S,02449.84878,E,3.50,180.0,120826,,,R*7B
$GNGGA,080504.60,2756.96725,S,02449.84878,E,4,18,0.7,94.021,M,28.000,M,1.0,0000*79
$GNGST,080504.60,0.012,0.015,0.011,32.1,0.011,0.013,0.021*70
$GNRMC,080504.60,A,2756.96725,S,02449.84878,E,3.50,180.0,120826,,,R*78
$GNGGA,080504.80,2756.96745,S,02449.84878,E,4,18,0.7,94.021,M,28.000,M,1.0,0000*71
$GNGST,080504.80,0.012,0.015,0.011,32.1,0.011,0.013,0.021*7E
$GNRMC,080504.80,A,2756.96745,S,02449.84878,E,3.50,180.0,120826,,,R*70
$GNGGA,080505.00,2756.96764,S,02449.84878,E,4,18,0.7,94.020,M,28.000,M,1.0,0000*7A
$GNGST,080505.00,0.012,0.015,0.011,32.1,0.011,0.013,0.021*77
$GNRMC,080505.00,A,2756.96764,S,02449.84878,E,3.50,180.0,120826,,,R*7A
$GNGGA,080505.20,2756.96784,S,02449.84878,E,4,18,0.7,94.019,M,28.000,M,1.0,0000*7C
$GNGST,080505.20,0.012,0.015,0.011,32.1,0.011,0.013,0.021*75
$GNRMC,080505.20,A,2756.96784,S,02449.84878,E,3.50,180.0,120826,,,R*76
$GNGGA,080505.40,2756.96803,S,02449.84878,E,4,18,0.7,94.018,M,28.000,M,1.0,0000*7B
$GNGST,080505.40,0.012,0.015,0.011,32.1,0.011,0.013,0.021*73
$GNRMC,080505.40,A,2756.96803,S,02449.84878,E,3.50,180.0,120826,,,R*70
$GNGGA,080505.60,2756.96823,S,02449.84878,E,4,18,0.7,94.018,M,28.000,M,1.0,0000*7B
$GNGST,080505.60,0.012,0.015,0.011,32.1,0.011,0.013,0.021*71
$GNRMC,080505.60,A,2756.96823,S,02449.84878,E,3.50,180.0,120826,,,R*70
$GNGGA,080505.80,2756.96842,S,02449.84878,E,4,18,0.7,94.017,M,28.000,M,1.0,0000*7D
$GNGST,080505.80,0.012,0.015,0.011,32.1,0.011,0.013,0.021*7F
$GNRMC,080505.80,A,2756.96842,S,02449.84878,E,3.50,180.0,120826,,,R*79
$GNGGA,080506.00,2756.96862,S,02449.84878,E,4,18,0.7,94.016,M,28.000,M,1.0,0000*75
$GNGST,080506.00,0.012,0.015,0.011,32.1,0.011,0.013,0.021*74
$GNRMC,080506.00,A,2756.96862,S,02449.84878,E,3.50,180.0,120826,,,R*70
$GNGGA,080506.20,2756.96881,S,02449.84878,E,4,18,0.7,94.016,M,28.000,M,1.0,0000*7A
$GNGST,080506.20,0.012,0.015,0.011,32.1,0.011,0.013,0.021*76
$GNRMC,080506.20,A,2756.96881,S,02449.84878,E,3.50,180.0,120826,,,R*7F
$GNGGA,080506.40,2756.96901,S,02449.84878,E,4,18,0.7,94.015,M,28.000,M,1.0,0000*76
$GNGST,080506.40,0.012,0.015,0.011,32.1,0.011,0.013,0.021*70
$GNRMC,080506.40,A,2756.96901,S,02449.84878,E,3.50,180.0,120826,,,R*70
$GNGGA,080506.60,2756.96920,S,02449.84878,E,4,18,0.7,94.014,M,28.000,M,1.0,0000*76
$GNGST,080506.60,0.012,0.015,0.011,32.1,0.011,0.013,0.021*72
$GNRMC,080506.60,A,2756.96920,S,02449.84878,E,3.50,180.0,120826,,,R*71
$GNGGA,080506.80,2756.96940,S,02449.84878,E,4,18,0.7,94.014,M,28.000,M,1.0,0000*7E
$GNGST,080506.80,0.012,0.015,0.011,32.1,0.011,0.013,0.021*7C
$GNRMC,080506.80,A,2756.96940,S,02449.84878,E,3.50,180.0,120826,,,R*79
$GNGGA,080507.00,2756.96959,S,02449.84878,E,4,18,0.7,94.013,M,28.000,M,1.0,0000*78
$GNGST,080507.00,0.012,0.015,0.011,32.1,0.011,0.013,0.021*75
$GNRMC,080507.00,A,2756.96959,S,02449.84878,E,3.50,180.0,120826,,,R*78
$GNGGA,080507.20,2756.96979,S,02449.84878,E,4,18,0.7,94.012,M,28.000,M,1.0,0000*79
$GNGST,080507.20,0.012,0.015,0.011,32.1,0.011,0.013,0.021*77
$GNRMC,080507.20,A,2756.96979,S,02449.84878,E,3.50,180.0,120826,,,R*78
$GNGGA,080507.40,2756.96998,S,02449.84878,E,4,18,0.7,94.011,M,28.000,M,1.0,0000*73
$GNGST,080507.40,0.012,0.015,0.011,32.1,0.011,0.013,0.021*71
$GNRMC,080507.40,A,2756.96998,S,02449.84878,E,3.50,180.0,120826,,,R*71
$GNGGA,080507.60,2756.97018,S,02449.84878,E,4,18,0.7,94.011,M,28.000,M,1.0,0000*71
$GNGST,080507.60,0.012,0.015,0.011,32.1,0.011,0.013,0.021*73
$GNRMC,080507.60,A,2756.97018,S,02449.84878,E,3.50,180.0,120826,,,R*73
$GNGGA,080507.80,2756.97037,S,02449.84878,E,4,18,0.7,94.010,M,28.000,M,1.0,0000*73
$GNGST,080507.80,0.012,0.015,0.011,32.1,0.011,0.013,0.021*7D
$GNRMC,080507.80,A,2756.97037,S,02449.84878,E,3.50,180.0,120826,,,R*70
$GNGGA,080508.00,2756.97057,S,02449.84878,E,4,18,0.7,94.009,M,28.000,M,1.0,0000*7A
$GNGST,080508.00,0.012,0.015,0.011,32.1,0.011,0.013,0.021*7A
$GNRMC,080508.00,A,2756.97057,S,02449.84878,E,3.50,180.0,120826,,,R*71
$GNGGA,080508.20,2756.97076,S,02449.84878,E,4,18,0.7,94.009,M,28.000,M,1.0,0000*7B
$GNGST,080508.20,0.012,0.015,0.011,32.1,0.011,0.013,0.021*78
$GNRMC,080508.20,A,2756.97076,S,02449.84878,E,3.50,180.0,120826,,,R*70
$GNGGA,080508.40,2756.97096,S,02449.84878,E,4,18,0.7,94.008,M,28.000,M,1.0,0000*72
$GNGST,080508.40,0.012,0.015,0.011,32.1,0.011,0.013,0.021*7E
$GNRMC,080508.40,A,2756.97096,S,02449.84878,E,3.50,180.0,120826,,,R*78
$GNGGA,080508.60,2756.97115,S,02449.84878,E,4,18,0.7,94.007,M,28.000,M,1.0,0000*75
$GNGST,080508.60,0.012,0.015,0.011,32.1,0.011,0.013,0.021*7C
$GNRMC,080508.60,A,2756.97115,S,02449.84878,E,3.50,180.0,120826,,,R*70
$GNGGA,080508.80,2756.97135,S,02449.84878,E,4,18,0.7,94.007,M,28.000,M,1.0,0000*79
$GNGST,080508.80,0.012,0.015,0.011,32.1,0.011,0.013,0.021*72
$GNRMC,080508.80,A,2756.97135,S,02449.84878,E,3.50,180.0,120826,,,R*7C
$GNGGA,080509.00,2756.97154,S,02449.84878,E,4,18,0.7,94.006,M,28.000,M,1.0,0000*76
$GNGST,080509.00,0.012,0.015,0.011,32.1,0.011,0.013,0.021*7B
$GNRMC,080509.00,A,2756.97154,S,02449.84878,E,3.50,180.0,120826,,,R*72
$GNGGA,080509.20,2756.97174,S,02449.84878,E,4,18,0.7,94.005,M,28.000,M,1.0,0000*75
$GNGST,080509.20,0.012,0.015,0.011,32.1,0.011,0.013,0.021*79
$GNRMC,080509.20,A,2756.97174,S,02449.84878,E,3.50,180.0,120826,,,R*72
$GNGGA,080509.40,2756.97193,S,02449.84878,E,4,18,0.7,94.005,M,28.000,M,1.0,0000*7A
$GNGST,080509.40,0.012,0.015,0.011,32.1,0.011,0.013,0.021*7F
$GNRMC,080509.40,A,2756.97193,S,02449.84878,E,3.50,180.0,120826,,,R*7D
$GNGGA,080509.60,2756.97213,S,02449.84878,E,4,18,0.7,94.004,M,28.000,M,1.0,0000*72
$GNGST,080509.60,0.012,0.015,0.011,32.1,0.011,0.013,0.021*7D
$GNRMC,080509.60,A,2756.97213,S,02449.84878,E,3.50,180.0,120826,,,R*74
$GNGGA,080509.80,2756.97232,S,02449.84878,E,4,18,0.7,94.003,M,28.000,M,1.0,0000*78
$GNGST,080509.80,0.012,0.015,0.011,32.1,0.011,0.013,0.021*73
$GNRMC,080509.80,A,2756.97232,S,02449.84878,E,3.50,180.0,120826,,,R*79
$GNGGA,080510.00,2756.97252,S,02449.84878,E,4,18,0.7,94.003,M,28.000,M,1.0,0000*7E
$GNGST,080510.00,0.012,0.015,0.011,32.1,0.011,0.013,0.021*73
$GNRMC,080510.00,A,2756.97252,S,02449.84878,E,3.50,180.0,120826,,,R*7F
$GNGGA,080510.20,2756.97271,S,02449.84878,E,4,18,0.7,94.002,M,28.000,M,1.0,0000*7C
$GNGST,080510.20,0.012,0.015,0.011,32.1,0.011,0.013,0.021*71
$GNRMC,080510.20,A,2756.97271,S,02449.84878,E,3.50,180.0,120826,,,R*7C
$GNGGA,080510.40,2756.97291,S,02449.84878,E,4,18,0.7,94.001,M,28.000,M,1.0,0000*77
$GNGST,080510.40,0.012,0.015,0.011,32.1,0.011,0.013,0.021*77
$GNRMC,080510.40,A,2756.97291,S,02449.84878,E,3.50,180.0,120826,,,R*74
$GNGGA,080510.60,2756.97310,S,02449.84878,E,4,18,0.7,94.001,M,28.000,M,1.0,0000*7D
$GNGST,080510.60,0.012,0.015,0.011,32.1,0.011,0.013,0.021*75
$GNRMC,080510.60,A,2756.97310,S,02449.84878,E,3.50,180.0,120826,,,R*7E
$GNGGA,080510.80,2756.97330,S,02449.84878,E,4,18,0.7,94.000,M,28.000,M,1.0,0000*70
$GNGST,080510.80,0.012,0.015,0.011,32.1,0.011,0.013,0.021*7B
$GNRMC,080510.80,A,2756.97330,S,02449.84878,E,3.50,180.0,120826,,,R*72
$GNGGA,080511.00,2756.97349,S,02449.84878,E,4,18,0.7,93.999,M,28.000,M,1.0,0000*79
$GNGST,080511.00,0.012,0.015,0.011,32.1,0.011,0.013,0.021*72
$GNRMC,080511.00,A,2756.97349,S,02449.84878,E,3.50,180.0,120826,,,R*75
$GNGGA,080511.20,2756.97369,S,02449.84878,E,4,18,0.7,93.999,M,28.000,M,1.0,0000*79
$GNGST,080511.20,0.012,0.015,0.011,32.1,0.011,0.013,0.021*70
$GNRMC,080511.20,A,2756.97369,S,02449.84878,E,3.50,180.0,120826,,,R*75
$GNGGA,080511.40,2756.97388,S,02449.84878,E,4,18,0.7,93.998,M,28.000,M,1.0,0000*71
$GNGST,080511.40,0.012,0.015,0.011,32.1,0.011,0.013,0.021*76
$GNRMC,080511.40,A,2756.97388,S,02449.84878,E,3.50,180.0,120826,,,R*7C
$GNGGA,080511.60,2756.97408,S,02449.84878,E,4,18,0.7,93.997,M,28.000,M,1.0,0000*73
$GNGST,080511.60,0.012,0.015,0.011,32.1,0.011,0.013,0.021*74
$GNRMC,080511.60,A,2756.97408,S,02449.84878,E,3.50,180.0,120826,,,R*71
$GNGGA,080511.80,2756.97427,S,02449.84878,E,4,18,0.7,93.997,M,28.000,M,1.0,0000*70
$GNGST,080511.80,0.012,0.015,0.011,32.1,0.011,0.013,0.021*7A
$GNRMC,080511.80,A,2756.97427,S,02449.84878,E,3.50,180.0,120826,,,R*72
$GNGGA,080512.00,2756.97447,S,02449.84878,E,4,18,0.7,93.996,M,28.000,M,1.0,0000*7C
$GNGST,080512.00,0.012,0.015,0.011,32.1,0.011,0.013,0.021*71
$GNRMC,080512.00,A,2756.97447,S,02449.84878,E,3.50,180.0,120826,,,R*7F
$GNGGA,080512.20,2756.97466,S,02449.84878,E,4,18,0.7,93.996,M,28.000,M,1.0,0000*7D
$GNGST,080512.20,0.012,0.015,0.011,32.1,0.011,0.013,0.021*73
$GNRMC,080512.20,A,2756.97466,S,02449.84878,E,3.50,180.0,120826,,,R*7E
$GNGGA,080512.40,2756.97486,S,02449.84878,E,4,18,0.7,93.995,M,28.000,M,1.0,0000*76
$GNGST,080512.40,0.012,0.015,0.011,32.1,0.011,0.013,0.021*75
$GNRMC,080512.40,A,2756.97486,S,02449.84878,E,3.50,180.0,120826,,,R*76
$GNGGA,080512.60,2756.97505,S,02449.84878,E,4,18,0.7,93.994,M,28.000,M,1.0,0000*7F
$GNGST,080512.60,0.012,0.015,0.011,32.1,0.011,0.013,0.021*77
$GNRMC,080512.60,A,2756.97505,S,02449.84878,E,3.50,180.0,120826,,,R*7E
$GNGGA,080512.80,2756.97525,S,02449.84878,E,4,18,0.7,93.994,M,28.000,M,1.0,0000*73
$GNGST,080512.80,0.012,0.015,0.011,32.1,0.011,0.013,0.021*79
$GNRMC,080512.80,A,2756.97525,S,02449.84878,E,3.50,180.0,120826,,,R*72
$GNGGA,080513.00,2756.97544,S,02449.84878,E,4,18,0.7,93.993,M,28.000,M,1.0,0000*7A
$GNGST,080513.00,0.012,0.015,0.011,32.1,0.011,0.013,0.021*70
$GNRMC,080513.00,A,2756.97544,S,02449.84878,E,3.50,180.0,120826,,,R*7C
$GNGGA,080513.20,2756.97564,S,02449.84878,E,4,18,0.7,93.992,M,28.000,M,1.0,0000*7B
$GNGST,080513.20,0.012,0.015,0.011,32.1,0.011,0.013,0.021*72
$GNRMC,080513.20,A,2756.97564,S,02449.84878,E,3.50,180.0,120826,,,R*7C
$GNGGA,080513.40,2756.97583,S,02449.84878,E,4,18,0.7,93.992,M,28.000,M,1.0,0000*74
$GNGST,080513.40,0.012,0.015,0.011,32.1,0.011,0.013,0.021*74
$GNRMC,080513.40,A,2756.97583,S,02449.84878,E,3.50,180.0,120826,,,R*73
$GNGGA,080513.60,2756.97603,S,02449.84878,E,4,18,0.7,93.991,M,28.000,M,1.0,0000*7E
$GNGST,080513.60,0.012,0.015,0.011,32.1,0.011,0.013,0.021*76
$GNRMC,080513.60,A,2756.97603,S,02449.84878,E,3.50,180.0,120826,,,R*7A
$GNGGA,080513.80,2756.97622,S,02449.84878,E,4,18,0.7,93.991,M,28.000,M,1.0,0000*73
$GNGST,080513.80,0.012,0.015,0.011,32.1,0.011,0.013,0.021*78
$GNRMC,080513.80,A,2756.97622,S,02449.84878,E,3.50,180.0,120826,,,R*77
$GNGGA,080514.00,2756.97642,S,02449.84878,E,4,18,0.7,93.990,M,28.000,M,1.0,0000*7B
$GNGST,080514.00,0.012,0.015,0.011,32.1,0.011,0.013,0.021*77
$GNRMC,080514.00,A,2756.97642,S,02449.84878,E,3.50,180.0,120826,,,R*7E
$GNGGA,080514.20,2756.97661,S,02449.84878,E,4,18,0.7,93.989,M,28.000,M,1.0,0000*70
$GNGST,080514.20,0.012,0.015,0.011,32.1,0.011,0.013,0.021*75
$GNRMC,080514.20,A,2756.97661,S,02449.84878,E,3.50,180.0,120826,,,R*7D
$GNGGA,080514.40,2756.97681,S,02449.84878,E,4,18,0.7,93.989,M,28.000,M,1.0,0000*78
$GNGST,080514.40,0.012,0.015,0.011,32.1,0.011,0.013,0.021*73
$GNRMC,080514.40,A,2756.97681,S,02449.84878,E,3.50,180.0,120826,,,R*75
$GNGGA,080514.60,2756.97700,S,02449.84878,E,4,18,0.7,93.988,M,28.000,M,1.0,0000*73
$GNGST,080514.60,0.012,0.015,0.011,32.1,0.011,0.013,0.021*71
$GNRMC,080514.60,A,2756.97700,S,02449.84878,E,3.50,180.0,120826,,,R*7F
$GNGGA,080514.80,2756.97720,S,02449.84878,E,4,18,0.7,93.988,M,28.000,M,1.0,0000*7F
$GNGST,080514.80,0.012,0.015,0.011,32.1,0.011,0.013,0.021*7F
$GNRMC,080514.80,A,2756.97720,S,02449.84878,E,3.50,180.0,120826,,,R*73
$GNGGA,080515.00,2756.97739,S,02449.84878,E,4,18,0.7,93.987,M,28.000,M,1.0,0000*71
$GNGST,080515.00,0.012,0.015,0.011,32.1,0.011,0.013,0.021*76
$GNRMC,080515.00,A,2756.97739,S,02449.84878,E,3.50,180.0,120826,,,R*72
$GNGGA,080515.20,2756.97758,S,02449.84878,E,4,18,0.7,93.987,M,28.000,M,1.0,0000*74
$GNGST,080515.20,0.012,0.015,0.011,32.1,0.011,0.013,0.021*74
$GNRMC,080515.20,A,2756.97758,S,02449.84878,E,3.50,180.0,120826,,,R*77
$GNGGA,080515.40,2756.97778,S,02449.84878,E,4,18,0.7,93.986,M,28.000,M,1.0,0000*71
$GNGST,080515.40,0.012,0.015,0.011,32.1,0.011,0.013,0.021*72
$GNRMC,080515.40,A,2756.97778,S,02449.84878,E,3.50,180.0,120826,,,R*73
$GNGGA,080515.60,2756.97797,S,02449.84878,E,4,18,0.7,93.985,M,28.000,M,1.0,0000*71
$GNGST,080515.60,0.012,0.015,0.011,32.1,0.011,0.013,0.021*70
$GNRMC,080515.60,A,2756.97797,S,02449.84878,E,3.50,180.0,120826,,,R*70
$GNGGA,080515.80,2756.97817,S,02449.84878,E,4,18,0.7,93.985,M,28.000,M,1.0,0000*78
$GNGST,080515.80,0.012,0.015,0.011,32.1,0.011,0.013,0.021*7E
$GNRMC,080515.80,A,2756.97817,S,02449.84878,E,3.50,180.0,120826,,,R*79
$GNGGA,080516.00,2756.97836,S,02449.84878,E,4,18,0.7,93.984,M,28.000,M,1.0,0000*71
$GNGST,080516.00,0.012,0.015,0.011,32.1,0.011,0.013,0.021*75
$GNRMC,080516.00,A,2756.97836,S,02449.84878,E,3.50,180.0,120826,,,R*71
$GNGGA,080516.20,2756.97856,S,02449.84878,E,4,18,0.7,93.984,M,28.000,M,1.0,0000*75
$GNGST,080516.20,0.012,0.015,0.011,32.1,0.011,0.013,0.021*77
$GNRMC,080516.20,A,2756.97856,S,02449.84878,E,3.50,180.0,120826,,,R*75
$GNGGA,080516.40,2756.97875,S,02449.84878,E,4,18,0.7,93.983,M,28.000,M,1.0,0000*75
$GNGST,080516.40,0.012,0.015,0.011,32.1,0.011,0.013,0.021*71
$GNRMC,080516.40,A,2756.97875,S,02449.84878,E,3.50,180.0,120826,,,R*72
$GNGGA,080516.60,2756.97895,S,02449.84878,E,4,18,0.7,93.983,M,28.000,M,1.0,0000*79
$GNGST,080516.60,0.012,0.015,0.011,32.1,0.011,0.013,0.021*73
$GNRMC,080516.60,A,2756.97895,S,02449.84878,E,3.50,180.0,120826,,,R*7E
$GNGGA,080516.80,2756.97914,S,02449.84878,E,4,18,0.7,93.982,M,28.000,M,1.0,0000*7E
$GNGST,080516.80,0.012,0.015,0.011,32.1,0.011,0.013,0.021*7D
$GNRMC,080516.80,A,2756.97914,S,02449.84878,E,3.50,180.0,120826,,,R*78
$GNGGA,080517.00,2756.97934,S,02449.84878,E,4,18,0.7,93.982,M,28.000,M,1.0,0000*75
$GNGST,080517.00,0.012,0.015,0.011,32.1,0.011,0.013,0.021*74
$GNRMC,080517.00,A,2756.97934,S,02449.84878,E,3.50,180.0,120826,,,R*73
$GNGGA,080517.20,2756.97953,S,02449.84878,E,4,18,0.7,93.981,M,28.000,M,1.0,0000*75
$GNGST,080517.20,0.012,0.015,0.011,32.1,0.011,0.013,0.021*76
$GNRMC,080517.20,A,2756.97953,S,02449.84878,E,3.50,180.0,120826,,,R*70
$GNGGA,080517.40,2756.97973,S,02449.84878,E,4,18,0.7,93.981,M,28.000,M,1.0,0000*71
$GNGST,080517.40,0.012,0.015,0.011,32.1,0.011,0.013,0.021*70
$GNRMC,080517.40,A,2756.97973,S,02449.84878,E,3.50,180.0,120826,,,R*74
$GNGGA,080517.60,2756.97992,S,02449.84878,E,4,18,0.7,93.980,M,28.000,M,1.0,0000*7D
$GNGST,080517.60,0.012,0.015,0.011,32.1,0.011,0.013,0.021*72
$GNRMC,080517.60,A,2756.97992,S,02449.84878,E,3.50,180.0,120826,,,R*79
$GNGGA,080517.80,2756.98012,S,02449.84878,E,4,18,0.7,93.980,M,28.000,M,1.0,0000*7D
$GNGST,080517.80,0.012,0.015,0.011,32.1,0.011,0.013,0.021*7C
$GNRMC,080517.80,A,2756.98012,S,02449.84878,E,3.50,180.0,120826,,,R*79
$GNGGA,080518.00,2756.98031,S,02449.84878,E,4,18,0.7,93.979,M,28.000,M,1.0,0000*7D
$GNGST,080518.00,0.012,0.015,0.011,32.1,0.011,0.013,0.021*7B
$GNRMC,080518.00,A,2756.98031,S,02449.84878,E,3.50,180.0,120826,,,R*7F
$GNGGA,080518.20,2756.98051,S,02449.84878,E,4,18,0.7,93.979,M,28.000,M,1.0,0000*79
$GNGST,080518.20,0.012,0.015,0.011,32.1,0.011,0.013,0.021*79
$GNRMC,080518.20,A,2756.98051,S,02449.84878,E,3.50,180.0,120826,,,R*7B
$GNGGA,080518.40,2756.98070,S,02449.84878,E,4,18,0.7,93.978,M,28.000,M,1.0,0000*7D
$GNGST,080518.40,0.012,0.015,0.011,32.1,0.011,0.013,0.021*7F
$GNRMC,080518.40,A,2756.98070,S,02449.84878,E,3.50,180.0,120826,,,R*7E
$GNGGA,080518.60,2756.98090,S,02449.84878,E,4,18,0.7,93.978,M,28.000,M,1.0,0000*71
$GNGST,080518.60,0.012,0.015,0.011,32.1,0.011,0.013,0.021*7D
$GNRMC,080518.60,A,2756.98090,S,02449.84878,E,3.50,180.0,120826,,,R*72
$GNGGA,080518.80,2756.98109,S,02449.84878,E,4,18,0.7,93.977,M,28.000,M,1.0,0000*71
$GNGST,080518.80,0.012,0.015,0.011,32.1,0.011,0.013,0.021*73
$GNRMC,080518.80,A,2756.98109,S,02449.84878,E,3.50,180.0,120826,,,R*7D
$GNGGA,080519.00,2756.98129,S,02449.84878,E,4,18,0.7,93.977,M,28.000,M,1.0,0000*7A
$GNGST,080519.00,0.012,0.015,0.011,32.1,0.011,0.013,0.021*7A
$GNRMC,080519.00,A,2756.98129,S,02449.84878,E,3.50,180.0,120826,,,R*76
$GNGGA,080519.20,2756.98148,S,02449.84878,E,4,18,0.7,93.976,M,28.000,M,1.0,0000*7E
$GNGST,080519.20,0.012,0.015,0.011,32.1,0.011,0.013,0.021*78
$GNRMC,080519.20,A,2756.98148,S,02449.84878,E,3.50,180.0,120826,,,R*73
$GNGGA,080519.40,2756.98168,S,02449.84878,E,4,18,0.7,93.976,M,28.000,M,1.0,0000*7A
$GNGST,080519.40,0.012,0.015,0.011,32.1,0.011,0.013,0.021*7E
$GNRMC,080519.40,A,2756.98168,S,02449.84878,E,3.50,180.0,120826,,,R*77
$GNGGA,080519.60,2756.98187,S,02449.84878,E,4,18,0.7,93.975,M,28.000,M,1.0,0000*7A
$GNGST,080519.60,0.012,0.015,0.011,32.1,0.011,0.013,0.021*7C
$GNRMC,080519.60,A,2756.98187,S,02449.84878,E,3.50,180.0,120826,,,R*74
$GNGGA,080519.80,2756.98207,S,02449.84878,E,4,18,0.7,93.975,M,28.000,M,1.0,0000*7F
$GNGST,080519.80,0.012,0.015,0.011,32.1,0.011,0.013,0.021*72
$GNRMC,080519.80,A,2756.98207,S,02449.84878,E,3.50,180.0,120826,,,R*71
$GNGGA,080520.00,2756.98226,S,02449.84878,E,4,18,0.7,93.974,M,28.000,M,1.0,0000*7F
$GNGST,080520.00,0.012,0.015,0.011,32.1,0.011,0.013,0.021*70
$GNRMC,080520.00,A,2756.98226,S,02449.84878,E,3.50,180.0,120826,,,R*70
$GNGGA,080520.20,2756.98246,S,02449.84878,E,4,18,0.7,93.974,M,28.000,M,1.0,0000*7B
$GNGST,080520.20,0.012,0.015,0.011,32.1,0.011,0.013,0.021*72
$GNRMC,080520.20,A,2756.98246,S,02449.84878,E,3.50,180.0,120826,,,R*74
$GNGGA,080520.40,2756.98265,S,02449.84878,E,4,18,0.7,93.973,M,28.000,M,1.0,0000*7B
$GNGST,080520.40,0.012,0.015,0.011,32.1,0.011,0.013,0.021*74
$GNRMC,080520.40,A,2756.98265,S,02449.84878,E,3.50,180.0,120826,,,R*73
$GNGGA,080520.60,2756.98285,S,02449.84878,E,4,18,0.7,93.973,M,28.000,M,1.0,0000*77
$GNGST,080520.60,0.012,0.015,0.011,32.1,0.011,0.013,0.021*76
$GNRMC,080520.60,A,2756.98285,S,02449.84878,E,3.50,180.0,120826,,,R*7F
$GNGGA,080520.80,2756.98304,S,02449.84878,E,4,18,0.7,93.973,M,28.000,M,1.0,0000*71
$GNGST,080520.80,0.012,0.015,0.011,32.1,0.011,0.013,0.021*78
$GNRMC,080520.80,A,2756.98304,S,02449.84878,E,3.50,180.0,120826,,,R*79
$GNGGA,080521.00,2756.98324,S,02449.84878,E,4,18,0.7,93.972,M,28.000,M,1.0,0000*7B
$GNGST,080521.00,0.012,0.015,0.011,32.1,0.011,0.013,0.021*71
$GNRMC,080521.00,A,2756.98324,S,02449.84878,E,3.50,180.0,120826,,,R*72
$GNGGA,080521.20,2756.98343,S,02449.84878,E,4,18,0.7,93.972,M,28.000,M,1.0,0000*78
$GNGST,080521.20,0.012,0.015,0.011,32.1,0.011,0.013,0.021*73
$GNRMC,080521.20,A,2756.98343,S,02449.84878,E,3.50,180.0,120826,,,R*71
$GNGGA,080521.40,2756.98363,S,02449.84878,E,4,18,0.7,93.971,M,28.000,M,1.0,0000*7F
$GNGST,080521.40,0.012,0.015,0.011,32.1,0.011,0.013,0.021*75
$GNRMC,080521.40,A,2756.98363,S,02449.84878,E,3.50,180.0,120826,,,R*75
$GNGGA,080521.60,2756.98382,S,02449.84878,E,4,18,0.7,93.971,M,28.000,M,1.0,0000*72
$GNGST,080521.60,0.012,0.015,0.011,32.1,0.011,0.013,0.021*77
$GNRMC,080521.60,A,2756.98382,S,02449.84878,E,3.50,180.0,120826,,,R*78
$GNGGA,080521.80,2756.98402,S,02449.84878,E,4,18,0.7,93.970,M,28.000,M,1.0,0000*72
$GNGST,080521.80,0.012,0.015,0.011,32.1,0.011,0.013,0.021*79
$GNRMC,080521.80,A,2756.98402,S,02449.84878,E,3.50,180.0,120826,,,R*79
$GNGGA,080522.00,2756.98421,S,02449.84878,E,4,18,0.7,93.970,M,28.000,M,1.0,0000*78
$GNGST,080522.00,0.012,0.015,0.011,32.1,0.011,0.013,0.021*72
$GNRMC,080522.00,A,2756.98421,S,02449.84878,E,3.50,180.0,120826,,,R*73
$GNGGA,080522.20,2756.98441,S,02449.84878,E,4,18,0.7,93.970,M,28.000,M,1.0,0000*7C
$GNGST,080522.20,0.012,0.015,0.011,32.1,0.011,0.013,0.021*70
$GNRMC,080522.20,A,2756.98441,S,02449.84878,E,3.50,180.0,120826,,,R*77
$GNGGA,080522.40,2756.98460,S,02449.84878,E,4,18,0.7,93.969,M,28.000,M,1.0,0000*71
$GNGST,080522.40,0.012,0.015,0.011,32.1,0.011,0.013,0.021*76
$GNRMC,080522.40,A,2756.98460,S,02449.84878,E,3.50,180.0,120826,,,R*72
$GNGGA,080522.60,2756.98480,S,02449.84878,E,4,18,0.7,93.969,M,28.000,M,1.0,0000*7D
$GNGST,080522.60,0.012,0.015,0.011,32.1,0.011,0.013,0.021*74
$GNRMC,080522.60,A,2756.98480,S,02449.84878,E,3.50,180.0,120826,,,R*7E
$GNGGA,080522.80,2756.98499,S,02449.84878,E,4,18,0.7,93.969,M,28.000,M,1.0,0000*7B
$GNGST,080522.80,0.012,0.015,0.011,32.1,0.011,0.013,0.021*7A
$GNRMC,080522.80,A,2756.98499,S,02449.84878,E,3.50,180.0,120826,,,R*78
$GNGGA,080523.00,2756.98519,S,02449.84878,E,4,18,0.7,93.968,M,28.000,M,1.0,0000*7A
$GNGST,080523.00,0.012,0.015,0.011,32.1,0.011,0.013,0.021*73
$GNRMC,080523.00,A,2756.98519,S,02449.84878,E,3.50,180.0,120826,,,R*78
$GNGGA,080523.20,2756.98538,S,02449.84878,E,4,18,0.7,93.968,M,28.000,M,1.0,0000*7B
$GNGST,080523.20,0.012,0.015,0.011,32.1,0.011,0.013,0.021*71
$GNRMC,080523.20,A,2756.98538,S,02449.84878,E,3.50,180.0,120826,,,R*79
$GNGGA,080523.40,2756.98558,S,02449.84878,E,4,18,0.7,93.967,M,28.000,M,1.0,0000*74
$GNGST,080523.40,0.012,0.015,0.011,32.1,0.011,0.013,0.021*77
$GNRMC,080523.40,A,2756.98558,S,02449.84878,E,3.50,180.0,120826,,,R*79
$GNGGA,080523.60,2756.98577,S,02449.84878,E,4,18,0.7,93.967,M,28.000,M,1.0,0000*7B
$GNGST,080523.60,0.012,0.015,0.011,32.1,0.011,0.013,0.021*75
$GNRMC,080523.60,A,2756.98577,S,02449.84878,E,3.50,180.0,120826,,,R*76
$GNGGA,080523.80,2756.98597,S,02449.84878,E,4,18,0.7,93.967,M,28.000,M,1.0,0000*7B
$GNGST,080523.80,0.012,0.015,0.011,32.1,0.011,0.013,0.021*7B
$GNRMC,080523.80,A,2756.98597,S,02449.84878,E,3.50,180.0,120826,,,R*76
$GNGGA,080524.00,2756.98616,S,02449.84878,E,4,18,0.7,93.966,M,28.000,M,1.0,0000*7F
$GNGST,080524.00,0.012,0.015,0.011,32.1,0.011,0.013,0.021*74
$GNRMC,080524.00,A,2756.98616,S,02449.84878,E,3.50,180.0,120826,,,R*73
$GNGGA,080524.20,2756.98636,S,02449.84878,E,4,18,0.7,93.966,M,28.000,M,1.0,0000*7F
$GNGST,080524.20,0.012,0.015,0.011,32.1,0.011,0.013,0.021*76
$GNRMC,080524.20,A,2756.98636,S,02449.84878,E,3.50,180.0,120826,,,R*73
$GNGGA,080524.40,2756.98655,S,02449.84878,E,4,18,0.7,93.966,M,28.000,M,1.0,0000*7C
$GNGST,080524.40,0.012,0.015,0.011,32.1,0.011,0.013,0.021*70
$GNRMC,080524.40,A,2756.98655,S,02449.84878,E,3.50,180.0,120826,,,R*70
$GNGGA,080524.60,2756.98675,S,02449.84878,E,4,18,0.7,93.965,M,28.000,M,1.0,0000*7F
$GNGST,080524.60,0.012,0.015,0.011,32.1,0.011,0.013,0.021*72
$GNRMC,080524.60,A,2756.98675,S,02449.84878,E,3.50,180.0,120826,,,R*70
$GNGGA,080524.80,2756.98694,S,02449.84878,E,4,18,0.7,93.965,M,28.000,M,1.0,0000*7E
$GNGST,080524.80,0.012,0.015,0.011,32.1,0.011,0.013,0.021*7C
$GNRMC,080524.80,A,2756.98694,S,02449.84878,E,3.50,180.0,120826,,,R*71
$GNGGA,080525.00,2756.98714,S,02449.84878,E,4,18,0.7,93.965,M,28.000,M,1.0,0000*7E
$GNGST,080525.00,0.012,0.015,0.011,32.1,0.011,0.013,0.021*75
$GNRMC,080525.00,A,2756.98714,S,02449.84878,E,3.50,180.0,120826,,,R*71
$GNGGA,080525.20,2756.98733,S,02449.84878,E,4,18,0.7,93.964,M,28.000,M,1.0,0000*78
$GNGST,080525.20,0.012,0.015,0.011,32.1,0.011,0.013,0.021*77
$GNRMC,080525.20,A,2756.98733,S,02449.84878,E,3.50,180.0,120826,,,R*76
$GNGGA,080525.40,2756.98753,S,02449.84878,E,4,18,0.7,93.964,M,28.000,M,1.0,0000*78
$GNGST,080525.40,0.012,0.015,0.011,32.1,0.011,0.013,0.021*71
$GNRMC,080525.40,A,2756.98753,S,02449.84878,E,3.50,180.0,120826,,,R*76
$GNGGA,080525.60,2756.98772,S,02449.84878,E,4,18,0.7,93.964,M,28.000,M,1.0,0000*79
$GNGST,080525.60,0.012,0.015,0.011,32.1,0.011,0.013,0.021*73
$GNRMC,080525.60,A,2756.98772,S,02449.84878,E,3.50,180.0,120826,,,R*77
$GNGGA,080525.80,2756.98792,S,02449.84878,E,4,18,0.7,93.963,M,28.000,M,1.0,0000*7E
$GNGST,080525.80,0.012,0.015,0.011,32.1,0.011,0.013,0.021*7D
$GNRMC,080525.80,A,2756.98792,S,02449.84878,E,3.50,180.0,120826,,,R*77
$GNGGA,080526.00,2756.98811,S,02449.84878,E,4,18,0.7,93.963,M,28.000,M,1.0,0000*71
$GNGST,080526.00,0.012,0.015,0.011,32.1,0.011,0.013,0.021*76
$GNRMC,080526.00,A,2756.98811,S,02449.84878,E,3.50,180.0,120826,,,R*78
$GNGGA,080526.20,2756.98831,S,02449.84878,E,4,18,0.7,93.963,M,28.000,M,1.0,0000*71
$GNGST,080526.20,0.012,0.015,0.011,32.1,0.011,0.013,0.021*74
$GNRMC,080526.20,A,2756.98831,S,02449.84878,E,3.50,180.0,120826,,,R*78
$GNGGA,080526.40,2756.98850,S,02449.84878,E,4,18,0.7,93.963,M,28.000,M,1.0,0000*70
$GNGST,080526.40,0.012,0.015,0.011,32.1,0.011,0.013,0.021*72
$GNRMC,080526.40,A,2756.98850,S,02449.84878,E,3.50,180.0,120826,,,R*79
$GNGGA,080526.60,2756.98870,S,02449.84878,E,4,18,0.7,93.962,M,28.000,M,1.0,0000*71
$GNGST,080526.60,0.012,0.015,0.011,32.1,0.011,0.013,0.021*70
$GNRMC,080526.60,A,2756.98870,S,02449.84878,E,3.50,180.0,120826,,,R*79
$GNGGA,080526.80,2756.98889,S,02449.84878,E,4,18,0.7,93.962,M,28.000,M,1.0,0000*79
$GNGST,080526.80,0.012,0.015,0.011,32.1,0.011,0.013,0.021*7E
$GNRMC,080526.80,A,2756.98889,S,02449.84878,E,3.50,180.0,120826,,,R*71
$GNGGA,080527.00,2756.98908,S,02449.84878,E,4,18,0.7,93.962,M,28.000,M,1.0,0000*78
$GNGST,080527.00,0.012,0.015,0.011,32.1,0.011,0.013,0.021*77
$GNRMC,080527.00,A,2756.98908,S,02449.84878,E,3.50,180.0,120826,,,R*70
$GNGGA,080527.20,2756.98928,S,02449.84878,E,4,18,0.7,93.961,M,28.000,M,1.0,0000*7B
$GNGST,080527.20,0.012,0.015,0.011,32.1,0.011,0.013,0.021*75
$GNRMC,080527.20,A,2756.98928,S,02449.84878,E,3.50,180.0,120826,,,R*70
$GNGGA,080527.40,2756.98947,S,02449.84878,E,4,18,0.7,93.961,M,28.000,M,1.0,0000*74
$GNGST,080527.40,0.012,0.015,0.011,32.1,0.011,0.013,0.021*73
$GNRMC,080527.40,A,2756.98947,S,02449.84878,E,3.50,180.0,120826,,,R*7F
$GNGGA,080527.60,2756.98967,S,02449.84878,E,4,18,0.7,93.961,M,28.000,M,1.0,0000*74
$GNGST,080527.60,0.012,0.015,0.011,32.1,0.011,0.013,0.021*71
$GNRMC,080527.60,A,2756.98967,S,02449.84878,E,3.50,180.0,120826,,,R*7F
$GNGGA,080527.80,2756.98986,S,02449.84878,E,4,18,0.7,93.961,M,28.000,M,1.0,0000*75
$GNGST,080527.80,0.012,0.015,0.011,32.1,0.011,0.013,0.021*7F
$GNRMC,080527.80,A,2756.98986,S,02449.84878,E,3.50,180.0,120826,,,R*7E
$GNGGA,080528.00,2756.99006,S,02449.84878,E,4,18,0.7,93.960,M,28.000,M,1.0,0000*73
$GNGST,080528.00,0.012,0.015,0.011,32.1,0.011,0.013,0.021*78
$GNRMC,080528.00,A,2756.99006,S,02449.84878,E,3.50,180.0,120826,,,R*79
$GNGGA,080528.20,2756.99025,S,02449.84878,E,4,18,0.7,93.960,M,28.000,M,1.0,0000*70
$GNGST,080528.20,0.012,0.015,0.011,32.1,0.011,0.013,0.021*7A
$GNRMC,080528.20,A,2756.99025,S,02449.84878,E,3.50,180.0,120826,,,R*7A
$GNGGA,080528.40,2756.99045,S,02449.84878,E,4,18,0.7,93.960,M,28.000,M,1.0,0000*70
$GNGST,080528.40,0.012,0.015,0.011,32.1,0.011,0.013,0.021*7C
$GNRMC,080528.40,A,2756.99045,S,02449.84878,E,3.50,180.0,120826,,,R*7A
$GNGGA,080528.60,2756.99064,S,02449.84878,E,4,18,0.7,93.960,M,28.000,M,1.0,0000*71
$GNGST,080528.60,0.012,0.015,0.011,32.1,0.011,0.013,0.021*7E
$GNRMC,080528.60,A,2756.99064,S,02449.84878,E,3.50,180.0,120826,,,R*7B
$GNGGA,080528.80,2756.99084,S,02449.84878,E,4,18,0.7,93.959,M,28.000,M,1.0,0000*7B
$GNGST,080528.80,0.012,0.015,0.011,32.1,0.011,0.013,0.021*70
$GNRMC,080528.80,A,2756.99084,S,02449.84878,E,3.50,180.0,120826,,,R*7B
$GNGGA,080529.00,2756.99103,S,02449.84878,E,4,18,0.7,93.959,M,28.000,M,1.0,0000*7C
$GNGST,080529.00,0.012,0.015,0.011,32.1,0.011,0.013,0.021*79
$GNRMC,080529.00,A,2756.99103,S,02449.84878,E,3.50,180.0,120826,,,R*7C
$GNGGA,080529.20,2756.99123,S,02449.84878,E,4,18,0.7,93.959,M,28.000,M,1.0,0000*7C
$GNGST,080529.20,0.012,0.015,0.011,32.1,0.011,0.013,0.021*7B
$GNRMC,080529.20,A,2756.99123,S,02449.84878,E,3.50,180.0,120826,,,R*7C
$GNGGA,080529.40,2756.99142,S,02449.84878,E,4,18,0.7,93.959,M,28.000,M,1.0,0000*7D
$GNGST,080529.40,0.012,0.015,0.011,32.1,0.011,0.013,0.021*7D
$GNRMC,080529.40,A,2756.99142,S,02449.84878,E,3.50,180.0,120826,,,R*7D
$GNGGA,080529.60,2756.99162,S,02449.84878,E,4,18,0.7,93.958,M,28.000,M,1.0,0000*7C
$GNGST,080529.60,0.012,0.015,0.011,32.1,0.011,0.013,0.021*7F
$GNRMC,080529.60,A,2756.99162,S,02449.84878,E,3.50,180.0,120826,,,R*7D
$GNGGA,080529.80,2756.99181,S,02449.84878,E,4,18,0.7,93.958,M,28.000,M,1.0,0000*7F
$GNGST,080529.80,0.012,0.015,0.011,32.1,0.011,0.013,0.021*71
$GNRMC,080529.80,A,2756.99181,S,02449.84878,E,3.50,180.0,120826,,,R*7E
$GNGGA,080530.00,2756.99201,S,02449.84878,E,4,18,0.7,93.958,M,28.000,M,1.0,0000*74
$GNGST,080530.00,0.012,0.015,0.011,32.1,0.011,0.013,0.021*71
$GNRMC,080530.00,A,2756.99201,S,02449.84878,E,3.50,180.0,120826,,,R*75
$GNGGA,080530.20,2756.99220,S,02449.84878,E,4,18,0.7,93.958,M,28.000,M,1.0,0000*75
$GNGST,080530.20,0.012,0.015,0.011,32.1,0.011,0.013,0.021*73
$GNRMC,080530.20,A,2756.99220,S,02449.84878,E,3.50,180.0,120826,,,R*74
$GNGGA,080530.40,2756.99240,S,02449.84878,E,4,18,0.7,93.958,M,28.000,M,1.0,0000*75
$GNGST,080530.40,0.012,0.015,0.011,32.1,0.011,0.013,0.021*75
$GNRMC,080530.40,A,2756.99240,S,02449.84878,E,3.50,180.0,120826,,,R*74
$GNGGA,080530.60,2756.99259,S,02449.84878,E,4,18,0.7,93.957,M,28.000,M,1.0,0000*70
$GNGST,080530.60,0.012,0.015,0.011,32.1,0.011,0.013,0.021*77
$GNRMC,080530.60,A,2756.99259,S,02449.84878,E,3.50,180.0,120826,,,R*7E
$GNGGA,080530.80,2756.99279,S,02449.84878,E,4,18,0.7,93.957,M,28.000,M,1.0,0000*7C
$GNGST,080530.80,0.012,0.015,0.011,32.1,0.011,0.013,0.021*79
$GNRMC,080530.80,A,2756.99279,S,02449.84878,E,3.50,180.0,120826,,,R*72
$GNGGA,080531.00,2756.99298,S,02449.84878,E,4,18,0.7,93.957,M,28.000,M,1.0,0000*7A
$GNGST,080531.00,0.012,0.015,0.011,32.1,0.011,0.013,0.021*70
$GNRMC,080531.00,A,2756.99298,S,02449.84878,E,3.50,180.0,120826,,,R*74
$GNGGA,080531.20,2756.99318,S,02449.84878,E,4,18,0.7,93.957,M,28.000,M,1.0,0000*71
$GNGST,080531.20,0.012,0.015,0.011,32.1,0.011,0.013,0.021*72
$GNRMC,080531.20,A,2756.99318,S,02449.84878,E,3.50,180.0,120826,,,R*7F
$GNGGA,080531.40,2756.99322,S,02449.84899,E,4,18,0.7,93.956,M,28.000,M,1.0,0000*70
$GNGST,080531.40,0.012,0.015,0.011,32.1,0.011,0.013,0.021*74
$GNRMC,080531.40,A,2756.99322,S,02449.84899,E,3.50,101.2,120826,,,R*74
$GNGGA,080531.60,2756.99325,S,02449.84921,E,4,18,0.7,93.956,M,28.000,M,1.0,0000*77
$GNGST,080531.60,0.012,0.015,0.011,32.1,0.011,0.013,0.021*76
$GNRMC,080531.60,A,2756.99325,S,02449.84921,E,3.50,101.2,120826,,,R*73
$GNGGA,080531.80,2756.99329,S,02449.84943,E,4,18,0.7,93.956,M,28.000,M,1.0,0000*71
$GNGST,080531.80,0.012,0.015,0.011,32.1,0.011,0.013,0.021*78
$GNRMC,080531.80,A,2756.99329,S,02449.84943,E,3.50,101.2,120826,,,R*75
$GNGGA,080532.00,2756.99333,S,02449.84965,E,4,18,0.7,93.956,M,28.000,M,1.0,0000*75
$GNGST,080532.00,0.012,0.015,0.011,32.1,0.011,0.013,0.021*73
$GNRMC,080532.00,A,2756.99333,S,02449.84965,E,3.50,101.2,120826,,,R*71
$GNGGA,080532.20,2756.99337,S,02449.84987,E,4,18,0.7,93.955,M,28.000,M,1.0,0000*7C
$GNGST,080532.20,0.012,0.015,0.011,32.1,0.011,0.013,0.021*71
$GNRMC,080532.20,A,2756.99337,S,02449.84987,E,3.50,101.2,120826,,,R*7B
$GNGGA,080532.40,2756.99341,S,02449.85008,E,4,18,0.7,93.955,M,28.000,M,1.0,0000*74
$GNGST,080532.40,0.012,0.015,0.011,32.1,0.011,0.013,0.021*77
$GNRMC,080532.40,A,2756.99341,S,02449.85008,E,3.50,101.2,120826,,,R*73
$GNGGA,080532.60,2756.99345,S,02449.85030,E,4,18,0.7,93.955,M,28.000,M,1.0,0000*79
$GNGST,080532.60,0.012,0.015,0.011,32.1,0.011,0.013,0.021*75
$GNRMC,080532.60,A,2756.99345,S,02449.85030,E,3.50,101.2,120826,,,R*7E
$GNGGA,080532.80,2756.99348,S,02449.85052,E,4,18,0.7,93.954,M,28.000,M,1.0,0000*7F
$GNGST,080532.80,0.012,0.015,0.011,32.1,0.011,0.013,0.021*7B
$GNRMC,080532.80,A,2756.99348,S,02449.85052,E,3.50,101.2,120826,,,R*79
$GNGGA,080533.00,2756.99352,S,02449.85074,E,4,18,0.7,93.954,M,28.000,M,1.0,0000*79
$GNGST,080533.00,0.012,0.015,0.011,32.1,0.011,0.013,0.021*72
$GNRMC,080533.00,A,2756.99352,S,02449.85074,E,3.50,101.2,120826,,,R*7F
$GNGGA,080533.20,2756.99356,S,02449.85095,E,4,18,0.7,93.954,M,28.000,M,1.0,0000*70
$GNGST,080533.20,0.012,0.015,0.011,32.1,0.011,0.013,0.021*70
$GNRMC,080533.20,A,2756.99356,S,02449.85095,E,3.50,101.2,120826,,,R*76
$GNGGA,080533.40,2756.99360,S,02449.85117,E,4,18,0.7,93.953,M,28.000,M,1.0,0000*7F
$GNGST,080533.40,0.012,0.015,0.011,32.1,0.011,0.013,0.021*76
$GNRMC,080533.40,A,2756.99360,S,02449.85117,E,3.50,101.2,120826,,,R*7E
$GNGGA,080533.60,2756.99364,S,02449.85139,E,4,18,0.7,93.953,M,28.000,M,1.0,0000*75
$GNGST,080533.60,0.012,0.015,0.011,32.1,0.011,0.013,0.021*74
$GNRMC,080533.60,A,2756.99364,S,02449.85139,E,3.50,101.2,120826,,,R*74
$GNGGA,080533.80,2756.99368,S,02449.85161,E,4,18,0.7,93.953,M,28.000,M,1.0,0000*7A
$GNGST,080533.80,0.012,0.015,0.011,32.1,0.011,0.013,0.021*7A
$GNRMC,080533.80,A,2756.99368,S,02449.85161,E,3.50,101.2,120826,,,R*7B
$GNGGA,080534.00,2756.99371,S,02449.85183,E,4,18,0.7,93.953,M,28.000,M,1.0,0000*71
$GNGST,080534.00,0.012,0.015,0.011,32.1,0.011,0.013,0.021*75
$GNRMC,080534.00,A,2756.99371,S,02449.85183,E,3.50,101.2,120826,,,R*70
$GNGGA,080534.20,2756.99375,S,02449.85204,E,4,18,0.7,93.952,M,28.000,M,1.0,0000*7A
$GNGST,080534.20,0.012,0.015,0.011,32.1,0.011,0.013,0.021*77
$GNRMC,080534.20,A,2756.99375,S,02449.85204,E,3.50,101.2,120826,,,R*7A
$GNGGA,080534.40,2756.99379,S,02449.85226,E,4,18,0.7,93.952,M,28.000,M,1.0,0000*70
$GNGST,080534.40,0.012,0.015,0.011,32.1,0.011,0.013,0.021*71
$GNRMC,080534.40,A,2756.99379,S,02449.85226,E,3.50,101.2,120826,,,R*70
$GNGGA,080534.60,2756.99383,S,02449.85248,E,4,18,0.7,93.952,M,28.000,M,1.0,0000*7F
$GNGST,080534.60,0.012,0.015,0.011,32.1,0.011,0.013,0.021*73
$GNRMC,080534.60,A,2756.99383,S,02449.85248,E,3.50,101.2,120826,,,R*7F
$GNGGA,080534.80,2756.99387,S,02449.85270,E,4,18,0.7,93.951,M,28.000,M,1.0,0000*7D
$GNGST,080534.80,0.012,0.015,0.011,32.1,0.011,0.013,0.021*7D
$GNRMC,080534.80,A,2756.99387,S,02449.85270,E,3.50,101.2,120826,,,R*7E
$GNGGA,080535.00,2756.99391,S,02449.85291,E,4,18,0.7,93.951,M,28.000,M,1.0,0000*7C
$GNGST,080535.00,0.012,0.015,0.011,32.1,0.011,0.013,0.021*74
$GNRMC,080535.00,A,2756.99391,S,02449.85291,E,3.50,101.2,120826,,,R*7F
$GNGGA,080535.20,2756.99394,S,02449.85313,E,4,18,0.7,93.951,M,28.000,M,1.0,0000*70
$GNGST,080535.20,0.012,0.015,0.011,32.1,0.011,0.013,0.021*76
$GNRMC,080535.20,A,2756.99394,S,02449.85313,E,3.50,101.2,120826,,,R*73
$GNGGA,080535.40,2756.99398,S,02449.85335,E,4,18,0.7,93.950,M,28.000,M,1.0,0000*7F
$GNGST,080535.40,0.012,0.015,0.011,32.1,0.011,0.013,0.021*70
$GNRMC,080535.40,A,2756.99398,S,02449.85335,E,3.50,101.2,120826,,,R*7D
$GNGGA,080535.60,2756.99402,S,02449.85357,E,4,18,0.7,93.950,M,28.000,M,1.0,0000*7D
$GNGST,080535.60,0.012,0.015,0.011,32.1,0.011,0.013,0.021*72
$GNRMC,080535.60,A,2756.99402,S,02449.85357,E,3.50,101.2,120826,,,R*7F
$GNGGA,080535.80,2756.99406,S,02449.85379,E,4,18,0.7,93.950,M,28.000,M,1.0,0000*7B
$GNGST,080535.80,0.012,0.015,0.011,32.1,0.011,0.013,0.021*7C
$GNRMC,080535.80,A,2756.99406,S,02449.85379,E,3.50,101.2,120826,,,R*79
$GNGGA,080536.00,2756.99410,S,02449.85400,E,4,18,0.7,93.949,M,28.000,M,1.0,0000*76
$GNGST,080536.00,0.012,0.015,0.011,32.1,0.011,0.013,0.021*77
$GNRMC,080536.00,A,2756.99410,S,02449.85400,E,3.50,101.2,120826,,,R*7C
$GNGGA,080536.20,2756.99414,S,02449.85422,E,4,18,0.7,93.949,M,28.000,M,1.0,0000*70
$GNGST,080536.20,0.012,0.015,0.011,32.1,0.011,0.013,0.021*75
$GNRMC,080536.20,A,2756.99414,S,02449.85422,E,3.50,101.2,120826,,,R*7A
$GNGGA,080536.40,2756.99417,S,02449.85444,E,4,18,0.7,93.949,M,28.000,M,1.0,0000*75
$GNGST,080536.40,0.012,0.015,0.011,32.1,0.011,0.013,0.021*73
$GNRMC,080536.40,A,2756.99417,S,02449.85444,E,3.50,101.2,120826,,,R*7F
$GNGGA,080536.60,2756.99421,S,02449.85466,E,4,18,0.7,93.948,M,28.000,M,1.0,0000*73
$GNGST,080536.60,0.012,0.015,0.011,32.1,0.011,0.013,0.021*71
$GNRMC,080536.60,A,2756.99421,S,02449.85466,E,3.50,101.2,120826,,,R*78
$GNGGA,080536.80,2756.99425,S,02449.85487,E,4,18,0.7,93.948,M,28.000,M,1.0,0000*76
$GNGST,080536.80,0.012,0.015,0.011,32.1,0.011,0.013,0.021*7F
$GNRMC,080536.80,A,2756.99425,S,02449.85487,E,3.50,101.2,120826,,,R*7D
$GNGGA,080537.00,2756.99429,S,02449.85509,E,4,18,0.7,93.948,M,28.000,M,1.0,0000*74
$GNGST,080537.00,0.012,0.015,0.011,32.1,0.011,0.013,0.021*76
$GNRMC,080537.00,A,2756.99429,S,02449.85509,E,3.50,101.2,120826,,,R*7F
$GNGGA,080537.20,2756.99433,S,02449.85531,E,4,18,0.7,93.948,M,28.000,M,1.0,0000*76
$GNGST,080537.20,0.012,0.015,0.011,32.1,0.011,0.013,0.021*74
$GNRMC,080537.20,A,2756.99433,S,02449.85531,E,3.50,101.2,120826,,,R*7D
$GNGGA,080537.40,2756.99436,S,02449.85553,E,4,18,0.7,93.947,M,28.000,M,1.0,0000*7E
$GNGST,080537.40,0.012,0.015,0.011,32.1,0.011,0.013,0.021*72
$GNRMC,080537.40,A,2756.99436,S,02449.85553,E,3.50,101.2,120826,,,R*7A
$GNGGA,080537.60,2756.99440,S,02449.85575,E,4,18,0.7,93.947,M,28.000,M,1.0,0000*79
$GNGST,080537.60,0.012,0.015,0.011,32.1,0.011,0.013,0.021*70
$GNRMC,080537.60,A,2756.99440,S,02449.85575,E,3.50,101.2,120826,,,R*7D
$GNGGA,080537.80,2756.99444,S,02449.85596,E,4,18,0.7,93.947,M,28.000,M,1.0,0000*7E
$GNGST,080537.80,0.012,0.015,0.011,32.1,0.011,0.013,0.021*7E
$GNRMC,080537.80,A,2756.99444,S,02449.85596,E,3.50,101.2,120826,,,R*7A
$GNGGA,080538.00,2756.99448,S,02449.85618,E,4,18,0.7,93.946,M,28.000,M,1.0,0000*71
$GNGST,080538.00,0.012,0.015,0.011,32.1,0.011,0.013,0.021*79
$GNRMC,080538.00,A,2756.99448,S,02449.85618,E,3.50,101.2,120826,,,R*74
$GNGGA,080538.20,2756.99452,S,02449.85640,E,4,18,0.7,93.946,M,28.000,M,1.0,0000*75
$GNGST,080538.20,0.012,0.015,0.011,32.1,0.011,0.013,0.021*7B
$GNRMC,080538.20,A,2756.99452,S,02449.85640,E,3.50,101.2,120826,,,R*70
$GNGGA,080538.40,2756.99456,S,02449.85662,E,4,18,0.7,93.946,M,28.000,M,1.0,0000*77
$GNGST,080538.40,0.012,0.015,0.011,32.1,0.011,0.013,0.021*7D
$GNRMC,080538.40,A,2756.99456,S,02449.85662,E,3.50,101.2,120826,,,R*72
$GNGGA,080538.60,2756.99459,S,02449.85683,E,4,18,0.7,93.945,M,28.000,M,1.0,0000*76
$GNGST,080538.60,0.012,0.015,0.011,32.1,0.011,0.013,0.021*7F
$GNRMC,080538.60,A,2756.99459,S,02449.85683,E,3.50,101.2,120826,,,R*70
$GNGGA,080538.80,2756.99463,S,02449.85705,E,4,18,0.7,93.945,M,28.000,M,1.0,0000*7E
$GNGST,080538.80,0.012,0.015,0.011,32.1,0.011,0.013,0.021*71
$GNRMC,080538.80,A,2756.99463,S,02449.85705,E,3.50,101.2,120826,,,R*78
$GNGGA,080539.00,2756.99467,S,02449.85727,E,4,18,0.7,93.945,M,28.000,M,1.0,0000*73
$GNGST,080539.00,0.012,0.015,0.011,32.1,0.011,0.013,0.021*78
$GNRMC,080539.00,A,2756.99467,S,02449.85727,E,3.50,101.2,120826,,,R*75
$GNGGA,080539.20,2756.99471,S,02449.85749,E,4,18,0.7,93.944,M,28.000,M,1.0,0000*7F
$GNGST,080539.20,0.012,0.015,0.011,32.1,0.011,0.013,0.021*7A
$GNRMC,080539.20,A,2756.99471,S,02449.85749,E,3.50,101.2,120826,,,R*78
$GNGGA,080539.40,2756.99475,S,02449.85770,E,4,18,0.7,93.944,M,28.000,M,1.0,0000*77
$GNGST,080539.40,0.012,0.015,0.011,32.1,0.011,0.013,0.021*7C
$GNRMC,080539.40,A,2756.99475,S,02449.85770,E,3.50,101.2,120826,,,R*70
$GNGGA,080539.60,2756.99479,S,02449.85792,E,4,18,0.7,93.944,M,28.000,M,1.0,0000*75
$GNGST,080539.60,0.012,0.015,0.011,32.1,0.011,0.013,0.021*7E
$GNRMC,080539.60,A,2756.99479,S,02449.85792,E,3.50,101.2,120826,,,R*72
$GNGGA,080539.80,2756.99482,S,02449.85814,E,4,18,0.7,93.943,M,28.000,M,1.0,0000*79
$GNGST,080539.80,0.012,0.015,0.011,32.1,0.011,0.013,0.021*70
$GNRMC,080539.80,A,2756.99482,S,02449.85814,E,3.50,101.2,120826,,,R*79
$GNGGA,080540.00,2756.99486,S,02449.85836,E,4,18,0.7,93.943,M,28.000,M,1.0,0000*7B
$GNGST,080540.00,0.012,0.015,0.011,32.1,0.011,0.013,0.021*76
$GNRMC,080540.00,A,2756.99486,S,02449.85836,E,3.50,101.2,120826,,,R*7B
$GNGGA,080540.20,2756.99490,S,02449.85858,E,4,18,0.7,93.943,M,28.000,M,1.0,0000*76
$GNGST,080540.20,0.012,0.015,0.011,32.1,0.011,0.013,0.021*74
$GNRMC,080540.20,A,2756.99490,S,02449.85858,E,3.50,101.2,120826,,,R*76
$GNGGA,080540.40,2756.99494,S,02449.85879,E,4,18,0.7,93.943,M,28.000,M,1.0,0000*77
$GNGST,080540.40,0.012,0.015,0.011,32.1,0.011,0.013,0.021*72
$GNRMC,080540.40,A,2756.99494,S,02449.85879,E,3.50,101.2,120826,,,R*77
$GNGGA,080540.60,2756.99498,S,02449.85901,E,4,18,0.7,93.942,M,28.000,M,1.0,0000*76
$GNGST,080540.60,0.012,0.015,0.011,32.1,0.011,0.013,0.021*70
$GNRMC,080540.60,A,2756.99498,S,02449.85901,E,3.50,101.2,120826,,,R*77
$GNGGA,080540.80,2756.99502,S,02449.85923,E,4,18,0.7,93.942,M,28.000,M,1.0,0000*7A
$GNGST,080540.80,0.012,0.015,0.011,32.1,0.011,0.013,0.021*7E
$GNRMC,080540.80,A,2756.99502,S,02449.85923,E,3.50,101.2,120826,,,R*7B
$GNGGA,080541.00,2756.99505,S,02449.85945,E,4,18,0.7,93.942,M,28.000,M,1.0,0000*74
$GNGST,080541.00,0.012,0.015,0.011,32.1,0.011,0.013,0.021*77
$GNRMC,080541.00,A,2756.99505,S,02449.85945,E,3.50,101.2,120826,,,R*75
$GNGGA,080541.20,2756.99509,S,02449.85966,E,4,18,0.7,93.941,M,28.000,M,1.0,0000*78
$GNGST,080541.20,0.012,0.015,0.011,32.1,0.011,0.013,0.021*75
$GNRMC,080541.20,A,2756.99509,S,02449.85966,E,3.50,101.2,120826,,,R*7A
$GNGGA,080541.40,2756.99513,S,02449.85988,E,4,18,0.7,93.941,M,28.000,M,1.0,0000*75
$GNGST,080541.40,0.012,0.015,0.011,32.1,0.011,0.013,0.021*73
$GNRMC,080541.40,A,2756.99513,S,02449.85988,E,3.50,101.2,120826,,,R*77
$GNGGA,080541.60,2756.99517,S,02449.86010,E,4,18,0.7,93.941,M,28.000,M,1.0,0000*78
$GNGST,080541.60,0.012,0.015,0.011,32.1,0.011,0.013,0.021*71
$GNRMC,080541.60,A,2756.99517,S,02449.86010,E,3.50,101.2,120826,,,R*7A
$GNGGA,080541.80,2756.99521,S,02449.86032,E,4,18,0.7,93.941,M,28.000,M,1.0,0000*73
$GNGST,080541.80,0.012,0.015,0.011,32.1,0.011,0.013,0.021*7F
$GNRMC,080541.80,A,2756.99521,S,02449.86032,E,3.50,101.2,120826,,,R*71
$GNGGA,080542.00,2756.99525,S,02449.86054,E,4,18,0.7,93.940,M,28.000,M,1.0,0000*7D
$GNGST,080542.00,0.012,0.015,0.011,32.1,0.011,0.013,0.021*74
$GNRMC,080542.00,A,2756.99525,S,02449.86054,E,3.50,101.2,120826,,,R*7E
$GNGGA,080542.20,2756.99528,S,02449.86075,E,4,18,0.7,93.940,M,28.000,M,1.0,0000*71
$GNGST,080542.20,0.012,0.015,0.011,32.1,0.011,0.013,0.021*76
$GNRMC,080542.20,A,2756.99528,S,02449.86075,E,3.50,101.2,120826,,,R*72
$GNGGA,080542.40,2756.99532,S,02449.86097,E,4,18,0.7,93.940,M,28.000,M,1.0,0000*70
$GNGST,080542.40,0.012,0.015,0.011,32.1,0.011,0.013,0.021*70
$GNRMC,080542.40,A,2756.99532,S,02449.86097,E,3.50,101.2,120826,,,R*73
$GNGGA,080542.60,2756.99513,S,02449.86097,E,4,18,0.7,93.940,M,28.000,M,1.0,0000*71
$GNGST,080542.60,0.012,0.015,0.011,32.1,0.011,0.013,0.021*72
$GNRMC,080542.60,A,2756.99513,S,02449.86097,E,3.50,0.0,120826,,,R*70
$GNGGA,080542.80,2756.99493,S,02449.86097,E,4,18,0.7,93.941,M,28.000,M,1.0,0000*77
$GNGST,080542.80,0.012,0.015,0.011,32.1,0.011,0.013,0.021*7C
$GNRMC,080542.80,A,2756.99493,S,02449.86097,E,3.50,0.0,120826,,,R*77
$GNGGA,080543.00,2756.99474,S,02449.86097,E,4,18,0.7,93.941,M,28.000,M,1.0,0000*77
$GNGST,080543.00,0.012,0.015,0.011,32.1,0.011,0.013,0.021*75
$GNRMC,080543.00,A,2756.99474,S,02449.86097,E,3.50,0.0,120826,,,R*77
$GNGGA,080543.20,2756.99454,S,02449.86097,E,4,18,0.7,93.942,M,28.000,M,1.0,0000*74
$GNGST,080543.20,0.012,0.015,0.011,32.1,0.011,0.013,0.021*77
$GNRMC,080543.20,A,2756.99454,S,02449.86097,E,3.50,0.0,120826,,,R*77
$GNGGA,080543.40,2756.99435,S,02449.86097,E,4,18,0.7,93.942,M,28.000,M,1.0,0000*75
$GNGST,080543.40,0.012,0.015,0.011,32.1,0.011,0.013,0.021*71
$GNRMC,080543.40,A,2756.99435,S,02449.86097,E,3.50,0.0,120826,,,R*76
$GNGGA,080543.60,2756.99415,S,02449.86097,E,4,18,0.7,93.943,M,28.000,M,1.0,0000*74
$GNGST,080543.60,0.012,0.015,0.011,32.1,0.011,0.013,0.021*73
$GNRMC,080543.60,A,2756.99415,S,02449.86097,E,3.50,0.0,120826,,,R*76
$GNGGA,080543.80,2756.99396,S,02449.86097,E,4,18,0.7,93.943,M,28.000,M,1.0,0000*76
$GNGST,080543.80,0.012,0.015,0.011,32.1,0.011,0.013,0.021*7D
$GNRMC,080543.80,A,2756.99396,S,02449.86097,E,3.50,0.0,120826,,,R*74
$GNGGA,080544.00,2756.99376,S,02449.86097,E,4,18,0.7,93.944,M,28.000,M,1.0,0000*70
$GNGST,080544.00,0.012,0.015,0.011,32.1,0.011,0.013,0.021*72
$GNRMC,080544.00,A,2756.99376,S,02449.86097,E,3.50,0.0,120826,,,R*75
$GNGGA,080544.20,2756.99357,S,02449.86097,E,4,18,0.7,93.945,M,28.000,M,1.0,0000*70
$GNGST,080544.20,0.012,0.015,0.011,32.1,0.011,0.013,0.021*70
$GNRMC,080544.20,A,2756.99357,S,02449.86097,E,3.50,0.0,120826,,,R*74
$GNGGA,080544.40,2756.99337,S,02449.86097,E,4,18,0.7,93.945,M,28.000,M,1.0,0000*70
$GNGST,080544.40,0.012,0.015,0.011,32.1,0.011,0.013,0.021*76
$GNRMC,080544.40,A,2756.99337,S,02449.86097,E,3.50,0.0,120826,,,R*74
$GNGGA,080544.60,2756.99318,S,02449.86097,E,4,18,0.7,93.946,M,28.000,M,1.0,0000*7C
$GNGST,080544.60,0.012,0.015,0.011,32.1,0.011,0.013,0.021*74
$GNRMC,080544.60,A,2756.99318,S,02449.86097,E,3.50,0.0,120826,,,R*7B
$GNGGA,080544.80,2756.99298,S,02449.86097,E,4,18,0.7,93.946,M,28.000,M,1.0,0000*7B
$GNGST,080544.80,0.012,0.015,0.011,32.1,0.011,0.013,0.021*7A
$GNRMC,080544.80,A,2756.99298,S,02449.86097,E,3.50,0.0,120826,,,R*7C
$GNGGA,080545.00,2756.99279,S,02449.86097,E,4,18,0.7,93.947,M,28.000,M,1.0,0000*7C
$GNGST,080545.00,0.012,0.015,0.011,32.1,0.011,0.013,0.021*73
$GNRMC,080545.00,A,2756.99279,S,02449.86097,E,3.50,0.0,120826,,,R*7A
$GNGGA,080545.20,2756.99259,S,02449.86097,E,4,18,0.7,93.948,M,28.000,M,1.0,0000*73
$GNGST,080545.20,0.012,0.015,0.011,32.1,0.011,0.013,0.021*71
$GNRMC,080545.20,A,2756.99259,S,02449.86097,E,3.50,0.0,120826,,,R*7A
$GNGGA,080545.40,2756.99240,S,02449.86097,E,4,18,0.7,93.948,M,28.000,M,1.0,0000*7D
$GNGST,080545.40,0.012,0.015,0.011,32.1,0.011,0.013,0.021*77
$GNRMC,080545.40,A,2756.99240,S,02449.86097,E,3.50,0.0,120826,,,R*74
$GNGGA,080545.60,2756.99220,S,02449.86097,E,4,18,0.7,93.949,M,28.000,M,1.0,0000*78
$GNGST,080545.60,0.012,0.015,0.011,32.1,0.011,0.013,0.021*75
$GNRMC,080545.60,A,2756.99220,S,02449.86097,E,3.50,0.0,120826,,,R*70
$GNGGA,080545.80,2756.99201,S,02449.86097,E,4,18,0.7,93.949,M,28.000,M,1.0,0000*75
$GNGST,080545.80,0.012,0.015,0.011,32.1,0.011,0.013,0.021*7B
$GNRMC,080545.80,A,2756.99201,S,02449.86097,E,3.50,0.0,120826,,,R*7D
$GNGGA,080546.00,2756.99181,S,02449.86097,E,4,18,0.7,93.950,M,28.000,M,1.0,0000*7D
$GNGST,080546.00,0.012,0.015,0.011,32.1,0.011,0.013,0.021*70
$GNRMC,080546.00,A,2756.99181,S,02449.86097,E,3.50,0.0,120826,,,R*7D
$GNGGA,080546.20,2756.99162,S,02449.86097,E,4,18,0.7,93.951,M,28.000,M,1.0,0000*73
$GNGST,080546.20,0.012,0.015,0.011,32.1,0.011,0.013,0.021*72
$GNRMC,080546.20,A,2756.99162,S,02449.86097,E,3.50,0.0,120826,,,R*72
$GNGGA,080546.40,2756.99142,S,02449.86097,E,4,18,0.7,93.951,M,28.000,M,1.0,0000*77
$GNGST,080546.40,0.012,0.015,0.011,32.1,0.011,0.013,0.021*74
$GNRMC,080546.40,A,2756.99142,S,02449.86097,E,3.50,0.0,120826,,,R*76
$GNGGA,080546.60,2756.99123,S,02449.86097,E,4,18,0.7,93.952,M,28.000,M,1.0,0000*71
$GNGST,080546.60,0.012,0.015,0.011,32.1,0.011,0.013,0.021*76
$GNRMC,080546.60,A,2756.99123,S,02449.86097,E,3.50,0.0,120826,,,R*73
$GNGGA,080546.80,2756.99103,S,02449.86097,E,4,18,0.7,93.952,M,28.000,M,1.0,0000*7D
$GNGST,080546.80,0.012,0.015,0.011,32.1,0.011,0.013,0.021*78
$GNRMC,080546.80,A,2756.99103,S,02449.86097,E,3.50,0.0,120826,,,R*7F
$GNGGA,080547.00,2756.99084,S,02449.86097,E,4,18,0.7,93.953,M,28.000,M,1.0,0000*7B
$GNGST,080547.00,0.012,0.015,0.011,32.1,0.011,0.013,0.021*71
$GNRMC,080547.00,A,2756.99084,S,02449.86097,E,3.50,0.0,120826,,,R*78
$GNGGA,080547.20,2756.99064,S,02449.86097,E,4,18,0.7,93.954,M,28.000,M,1.0,0000*70
$GNGST,080547.20,0.012,0.015,0.011,32.1,0.011,0.013,0.021*73
$GNRMC,080547.20,A,2756.99064,S,02449.86097,E,3.50,0.0,120826,,,R*74
$GNGGA,080547.40,2756.99045,S,02449.86097,E,4,18,0.7,93.954,M,28.000,M,1.0,0000*75
$GNGST,080547.40,0.012,0.015,0.011,32.1,0.011,0.013,0.021*75
$GNRMC,080547.40,A,2756.99045,S,02449.86097,E,3.50,0.0,120826,,,R*71
$GNGGA,080547.60,2756.99025,S,02449.86097,E,4,18,0.7,93.955,M,28.000,M,1.0,0000*70
$GNGST,080547.60,0.012,0.015,0.011,32.1,0.011,0.013,0.021*77
$GNRMC,080547.60,A,2756.99025,S,02449.86097,E,3.50,0.0,120826,,,R*75
$GNGGA,080547.80,2756.99006,S,02449.86097,E,4,18,0.7,93.956,M,28.000,M,1.0,0000*7C
$GNGST,080547.80,0.012,0.015,0.011,32.1,0.011,0.013,0.021*79
$GNRMC,080547.80,A,2756.99006,S,02449.86097,E,3.50,0.0,120826,,,R*7A
$GNGGA,080548.00,2756.98986,S,02449.86097,E,4,18,0.7,93.956,M,28.000,M,1.0,0000*7B
$GNGST,080548.00,0.012,0.015,0.011,32.1,0.011,0.013,0.021*7E
$GNRMC,080548.00,A,2756.98986,S,02449.86097,E,3.50,0.0,120826,,,R*7D
$GNGGA,080548.20,2756.98967,S,02449.86097,E,4,18,0.7,93.957,M,28.000,M,1.0,0000*77
$GNGST,080548.20,0.012,0.015,0.011,32.1,0.011,0.013,0.021*7C
$GNRMC,080548.20,A,2756.98967,S,02449.86097,E,3.50,0.0,120826,,,R*70
$GNGGA,080548.40,2756.98947,S,02449.86097,E,4,18,0.7,93.958,M,28.000,M,1.0,0000*7C
$GNGST,080548.40,0.012,0.015,0.011,32.1,0.011,0.013,0.021*7A
$GNRMC,080548.40,A,2756.98947,S,02449.86097,E,3.50,0.0,120826,,,R*74
$GNGGA,080548.60,2756.98928,S,02449.86097,E,4,18,0.7,93.958,M,28.000,M,1.0,0000*77
$GNGST,080548.60,0.012,0.015,0.011,32.1,0.011,0.013,0.021*78
$GNRMC,080548.60,A,2756.98928,S,02449.86097,E,3.50,0.0,120826,,,R*7F
$GNGGA,080548.80,2756.98908,S,02449.86097,E,4,18,0.7,93.959,M,28.000,M,1.0,0000*7A
$GNGST,080548.80,0.012,0.015,0.011,32.1,0.011,0.013,0.021*76
$GNRMC,080548.80,A,2756.98908,S,02449.86097,E,3.50,0.0,120826,,,R*73
$GNGGA,080549.00,2756.98889,S,02449.86097,E,4,18,0.7,93.960,M,28.000,M,1.0,0000*71
$GNGST,080549.00,0.012,0.015,0.011,32.1,0.011,0.013,0.021*7F
$GNRMC,080549.00,A,2756.98889,S,02449.86097,E,3.50,0.0,120826,,,R*72
$GNGGA,080549.20,2756.98870,S,02449.86097,E,4,18,0.7,93.960,M,28.000,M,1.0,0000*75
$GNGST,080549.20,0.012,0.015,0.011,32.1,0.011,0.013,0.021*7D
$GNRMC,080549.20,A,2756.98870,S,02449.86097,E,3.50,0.0,120826,,,R*76
$GNGGA,080549.40,2756.98850,S,02449.86097,E,4,18,0.7,93.961,M,28.000,M,1.0,0000*70
$GNGST,080549.40,0.012,0.015,0.011,32.1,0.011,0.013,0.021*7B
$GNRMC,080549.40,A,2756.98850,S,02449.86097,E,3.50,0.0,120826,,,R*72
$GNGGA,080549.60,2756.98831,S,02449.86097,E,4,18,0.7,93.962,M,28.000,M,1.0,0000*76
$GNGST,080549.60,0.012,0.015,0.011,32.1,0.011,0.013,0.021*79
$GNRMC,080549.60,A,2756.98831,S,02449.86097,E,3.50,0.0,120826,,,R*77
$GNGGA,080549.80,2756.98811,S,02449.86097,E,4,18,0.7,93.962,M,28.000,M,1.0,0000*7A
$GNGST,080549.80,0.012,0.015,0.011,32.1,0.011,0.013,0.021*77
$GNRMC,080549.80,A,2756.98811,S,02449.86097,E,3.50,0.0,120826,,,R*7B
$GNGGA,080550.00,2756.98792,S,02449.86097,E,4,18,0.7,93.963,M,28.000,M,1.0,0000*7F
$GNGST,080550.00,0.012,0.015,0.011,32.1,0.011,0.013,0.021*77
$GNRMC,080550.00,A,2756.98792,S,02449.86097,E,3.50,0.0,120826,,,R*7F
$GNGGA,080550.20,2756.98772,S,02449.86097,E,4,18,0.7,93.964,M,28.000,M,1.0,0000*74
$GNGST,080550.20,0.012,0.015,0.011,32.1,0.011,0.013,0.021*75
$GNRMC,080550.20,A,2756.98772,S,02449.86097,E,3.50,0.0,120826,,,R*73
$GNGGA,080550.40,2756.98753,S,02449.86097,E,4,18,0.7,93.964,M,28.000,M,1.0,0000*71
$GNGST,080550.40,0.012,0.015,0.011,32.1,0.011,0.013,0.021*73
$GNRMC,080550.40,A,2756.98753,S,02449.86097,E,3.50,0.0,120826,,,R*76
$GNGGA,080550.60,2756.98733,S,02449.86097,E,4,18,0.7,93.965,M,28.000,M,1.0,0000*74
$GNGST,080550.60,0.012,0.015,0.011,32.1,0.011,0.013,0.021*71
$GNRMC,080550.60,A,2756.98733,S,02449.86097,E,3.50,0.0,120826,,,R*72
$GNGGA,080550.80,2756.98714,S,02449.86097,E,4,18,0.7,93.966,M,28.000,M,1.0,0000*7C
$GNGST,080550.80,0.012,0.015,0.011,32.1,0.011,0.013,0.021*7F
$GNRMC,080550.80,A,2756.98714,S,02449.86097,E,3.50,0.0,120826,,,R*79
$GNGGA,080551.00,2756.98694,S,02449.86097,E,4,18,0.7,93.967,M,28.000,M,1.0,0000*7D
$GNGST,080551.00,0.012,0.015,0.011,32.1,0.011,0.013,0.021*76
$GNRMC,080551.00,A,2756.98694,S,02449.86097,E,3.50,0.0,120826,,,R*79
$GNGGA,080551.20,2756.98675,S,02449.86097,E,4,18,0.7,93.967,M,28.000,M,1.0,0000*70
$GNGST,080551.20,0.012,0.015,0.011,32.1,0.011,0.013,0.021*74
$GNRMC,080551.20,A,2756.98675,S,02449.86097,E,3.50,0.0,120826,,,R*74
$GNGGA,080551.40,2756.98655,S,02449.86097,E,4,18,0.7,93.968,M,28.000,M,1.0,0000*7B
$GNGST,080551.40,0.012,0.015,0.011,32.1,0.011,0.013,0.021*72
$GNRMC,080551.40,A,2756.98655,S,02449.86097,E,3.50,0.0,120826,,,R*70
$GNGGA,080551.60,2756.98636,S,02449.86097,E,4,18,0.7,93.969,M,28.000,M,1.0,0000*7D
$GNGST,080551.60,0.012,0.015,0.011,32.1,0.011,0.013,0.021*70
$GNRMC,080551.60,A,2756.98636,S,02449.86097,E,3.50,0.0,120826,,,R*77
$GNGGA,080551.80,2756.98616,S,02449.86097,E,4,18,0.7,93.969,M,28.000,M,1.0,0000*71
$GNGST,080551.80,0.012,0.015,0.011,32.1,0.011,0.013,0.021*7E
$GNRMC,080551.80,A,2756.98616,S,02449.86097,E,3.50,0.0,120826,,,R*7B
$GNGGA,080552.00,2756.98597,S,02449.86097,E,4,18,0.7,93.970,M,28.000,M,1.0,0000*78
$GNGST,080552.00,0.012,0.015,0.011,32.1,0.011,0.013,0.021*75
$GNRMC,080552.00,A,2756.98597,S,02449.86097,E,3.50,0.0,120826,,,R*7A
$GNGGA,080552.20,2756.98577,S,02449.86097,E,4,18,0.7,93.971,M,28.000,M,1.0,0000*75
$GNGST,080552.20,0.012,0.015,0.011,32.1,0.011,0.013,0.021*77
$GNRMC,080552.20,A,2756.98577,S,02449.86097,E,3.50,0.0,120826,,,R*76
$GNGGA,080552.40,2756.98558,S,02449.86097,E,4,18,0.7,93.972,M,28.000,M,1.0,0000*7D
$GNGST,080552.40,0.012,0.015,0.011,32.1,0.011,0.013,0.021*71
$GNRMC,080552.40,A,2756.98558,S,02449.86097,E,3.50,0.0,120826,,,R*7D
$GNGGA,080552.60,2756.98538,S,02449.86097,E,4,18,0.7,93.972,M,28.000,M,1.0,0000*79
$GNGST,080552.60,0.012,0.015,0.011,32.1,0.011,0.013,0.021*73
$GNRMC,080552.60,A,2756.98538,S,02449.86097,E,3.50,0.0,120826,,,R*79
$GNGGA,080552.80,2756.98519,S,02449.86097,E,4,18,0.7,93.973,M,28.000,M,1.0,0000*75
$GNGST,080552.80,0.012,0.015,0.011,32.1,0.011,0.013,0.021*7D
$GNRMC,080552.80,A,2756.98519,S,02449.86097,E,3.50,0.0,120826,,,R*74
$GNGGA,080553.00,2756.98499,S,02449.86097,E,4,18,0.7,93.974,M,28.000,M,1.0,0000*72
$GNGST,080553.00,0.012,0.015,0.011,32.1,0.011,0.013,0.021*74
$GNRMC,080553.00,A,2756.98499,S,02449.86097,E,3.50,0.0,120826,,,R*74
$GNGGA,080553.20,2756.98480,S,02449.86097,E,4,18,0.7,93.975,M,28.000,M,1.0,0000*79
$GNGST,080553.20,0.012,0.015,0.011,32.1,0.011,0.013,0.021*76
$GNRMC,080553.20,A,2756.98480,S,02449.86097,E,3.50,0.0,120826,,,R*7E
$GNGGA,080553.40,2756.98460,S,02449.86097,E,4,18,0.7,93.975,M,28.000,M,1.0,0000*71
$GNGST,080553.40,0.012,0.015,0.011,32.1,0.011,0.013,0.021*70
$GNRMC,080553.40,A,2756.98460,S,02449.86097,E,3.50,0.0,120826,,,R*76
$GNGGA,080553.60,2756.98441,S,02449.86097,E,4,18,0.7,93.976,M,28.000,M,1.0,0000*73
$GNGST,080553.60,0.012,0.015,0.011,32.1,0.011,0.013,0.021*72
$GNRMC,080553.60,A,2756.98441,S,02449.86097,E,3.50,0.0,120826,,,R*77
$GNGGA,080553.80,2756.98421,S,02449.86097,E,4,18,0.7,93.977,M,28.000,M,1.0,0000*7A
$GNGST,080553.80,0.012,0.015,0.011,32.1,0.011,0.013,0.021*7C
$GNRMC,080553.80,A,2756.98421,S,02449.86097,E,3.50,0.0,120826,,,R*7F
$GNGGA,080554.00,2756.98402,S,02449.86097,E,4,18,0.7,93.978,M,28.000,M,1.0,0000*7B
$GNGST,080554.00,0.012,0.015,0.011,32.1,0.011,0.013,0.021*73
$GNRMC,080554.00,A,2756.98402,S,02449.86097,E,3.50,0.0,120826,,,R*71
$GNGGA,080554.20,2756.98382,S,02449.86097,E,4,18,0.7,93.978,M,28.000,M,1.0,0000*76
$GNGST,080554.20,0.012,0.015,0.011,32.1,0.011,0.013,0.021*71
$GNRMC,080554.20,A,2756.98382,S,02449.86097,E,3.50,0.0,120826,,,R*7C
$GNGGA,080554.40,2756.98363,S,02449.86097,E,4,18,0.7,93.979,M,28.000,M,1.0,0000*7E
$GNGST,080554.40,0.012,0.015,0.011,32.1,0.011,0.013,0.021*77
$GNRMC,080554.40,A,2756.98363,S,02449.86097,E,3.50,0.0,120826,,,R*75
$GNGGA,080554.60,2756.98343,S,02449.86097,E,4,18,0.7,93.980,M,28.000,M,1.0,0000*78
$GNGST,080554.60,0.012,0.015,0.011,32.1,0.011,0.013,0.021*75
$GNRMC,080554.60,A,2756.98343,S,02449.86097,E,3.50,0.0,120826,,,R*75
$GNGGA,080554.80,2756.98324,S,02449.86097,E,4,18,0.7,93.981,M,28.000,M,1.0,0000*76
$GNGST,080554.80,0.012,0.015,0.011,32.1,0.011,0.013,0.021*7B
$GNRMC,080554.80,A,2756.98324,S,02449.86097,E,3.50,0.0,120826,,,R*7A
$GNGGA,080555.00,2756.98304,S,02449.86097,E,4,18,0.7,93.981,M,28.000,M,1.0,0000*7D
$GNGST,080555.00,0.012,0.015,0.011,32.1,0.011,0.013,0.021*72
$GNRMC,080555.00,A,2756.98304,S,02449.86097,E,3.50,0.0,120826,,,R*71
$GNGGA,080555.20,2756.98285,S,02449.86097,E,4,18,0.7,93.982,M,28.000,M,1.0,0000*74
$GNGST,080555.20,0.012,0.015,0.011,32.1,0.011,0.013,0.021*70
$GNRMC,080555.20,A,2756.98285,S,02449.86097,E,3.50,0.0,120826,,,R*7B
$GNGGA,080555.40,2756.98265,S,02449.86097,E,4,18,0.7,93.983,M,28.000,M,1.0,0000*7D
$GNGST,080555.40,0.012,0.015,0.011,32.1,0.011,0.013,0.021*76
$GNRMC,080555.40,A,2756.98265,S,02449.86097,E,3.50,0.0,120826,,,R*73
$GNGGA,080555.60,2756.98246,S,02449.86097,E,4,18,0.7,93.984,M,28.000,M,1.0,0000*79
$GNGST,080555.60,0.012,0.015,0.011,32.1,0.011,0.013,0.021*74
$GNRMC,080555.60,A,2756.98246,S,02449.86097,E,3.50,0.0,120826,,,R*70
$GNGGA,080555.80,2756.98226,S,02449.86097,E,4,18,0.7,93.984,M,28.000,M,1.0,0000*71
$GNGST,080555.80,0.012,0.015,0.011,32.1,0.011,0.013,0.021*7A
$GNRMC,080555.80,A,2756.98226,S,02449.86097,E,3.50,0.0,120826,,,R*78
$GNGGA,080556.00,2756.98207,S,02449.86097,E,4,18,0.7,93.985,M,28.000,M,1.0,0000*78
$GNGST,080556.00,0.012,0.015,0.011,32.1,0.011,0.013,0.021*71
$GNRMC,080556.00,A,2756.98207,S,02449.86097,E,3.50,0.0,120826,,,R*70
$GNGGA,080556.20,2756.98187,S,02449.86097,E,4,18,0.7,93.986,M,28.000,M,1.0,0000*72
$GNGST,080556.20,0.012,0.015,0.011,32.1,0.011,0.013,0.021*73
$GNRMC,080556.20,A,2756.98187,S,02449.86097,E,3.50,0.0,120826,,,R*79
$GNGGA,080556.40,2756.98168,S,02449.86097,E,4,18,0.7,93.987,M,28.000,M,1.0,0000*74
$GNGST,080556.40,0.012,0.015,0.011,32.1,0.011,0.013,0.021*75
$GNRMC,080556.40,A,2756.98168,S,02449.86097,E,3.50,0.0,120826,,,R*7E
$GNGGA,080556.60,2756.98148,S,02449.86097,E,4,18,0.7,93.988,M,28.000,M,1.0,0000*7B
$GNGST,080556.60,0.012,0.015,0.011,32.1,0.011,0.013,0.021*77
$GNRMC,080556.60,A,2756.98148,S,02449.86097,E,3.50,0.0,120826,,,R*7E
$GNGGA,080556.80,2756.98129,S,02449.86097,E,4,18,0.7,93.988,M,28.000,M,1.0,0000*72
$GNGST,080556.80,0.012,0.015,0.011,32.1,0.011,0.013,0.021*79
$GNRMC,080556.80,A,2756.98129,S,02449.86097,E,3.50,0.0,120826,,,R*77
$GNGGA,080557.00,2756.98109,S,02449.86097,E,4,18,0.7,93.989,M,28.000,M,1.0,0000*78
$GNGST,080557.00,0.012,0.015,0.011,32.1,0.011,0.013,0.021*70
$GNRMC,080557.00,A,2756.98109,S,02449.86097,E,3.50,0.0,120826,,,R*7C
$GNGGA,080557.20,2756.98090,S,02449.86097,E,4,18,0.7,93.990,M,28.000,M,1.0,0000*73
$GNGST,080557.20,0.012,0.015,0.011,32.1,0.011,0.013,0.021*72
$GNRMC,080557.20,A,2756.98090,S,02449.86097,E,3.50,0.0,120826,,,R*7F
$GNGGA,080557.40,2756.98070,S,02449.86097,E,4,18,0.7,93.991,M,28.000,M,1.0,0000*7A
$GNGST,080557.40,0.012,0.015,0.011,32.1,0.011,0.013,0.021*74
$GNRMC,080557.40,A,2756.98070,S,02449.86097,E,3.50,0.0,120826,,,R*77
$GNGGA,080557.60,2756.98051,S,02449.86097,E,4,18,0.7,93.991,M,28.000,M,1.0,0000*7B
$GNGST,080557.60,0.012,0.015,0.011,32.1,0.011,0.013,0.021*76
$GNRMC,080557.60,A,2756.98051,S,02449.86097,E,3.50,0.0,120826,,,R*76
$GNGGA,080557.80,2756.98031,S,02449.86097,E,4,18,0.7,93.992,M,28.000,M,1.0,0000*70
$GNGST,080557.80,0.012,0.015,0.011,32.1,0.011,0.013,0.021*78
$GNRMC,080557.80,A,2756.98031,S,02449.86097,E,3.50,0.0,120826,,,R*7E
$GNGGA,080558.00,2756.98012,S,02449.86097,E,4,18,0.7,93.993,M,28.000,M,1.0,0000*77
$GNGST,080558.00,0.012,0.015,0.011,32.1,0.011,0.013,0.021*7F
$GNRMC,080558.00,A,2756.98012,S,02449.86097,E,3.50,0.0,120826,,,R*78
$GNGGA,080558.20,2756.97992,S,02449.86097,E,4,18,0.7,93.994,M,28.000,M,1.0,0000*7C
$GNGST,080558.20,0.012,0.015,0.011,32.1,0.011,0.013,0.021*7D
$GNRMC,080558.20,A,2756.97992,S,02449.86097,E,3.50,0.0,120826,,,R*74
$GNGGA,080558.40,2756.97973,S,02449.86097,E,4,18,0.7,93.995,M,28.000,M,1.0,0000*74
$GNGST,080558.40,0.012,0.015,0.011,32.1,0.011,0.013,0.021*7B
$GNRMC,080558.40,A,2756.97973,S,02449.86097,E,3.50,0.0,120826,,,R*7D
$GNGGA,080558.60,2756.97953,S,02449.86097,E,4,18,0.7,93.995,M,28.000,M,1.0,0000*74
$GNGST,080558.60,0.012,0.015,0.011,32.1,0.011,0.013,0.021*79
$GNRMC,080558.60,A,2756.97953,S,02449.86097,E,3.50,0.0,120826,,,R*7D
$GNGGA,080558.80,2756.97934,S,02449.86097,E,4,18,0.7,93.996,M,28.000,M,1.0,0000*78
$GNGST,080558.80,0.012,0.015,0.011,32.1,0.011,0.013,0.021*77
$GNRMC,080558.80,A,2756.97934,S,02449.86097,E,3.50,0.0,120826,,,R*72
$GNGGA,080559.00,2756.97914,S,02449.86097,E,4,18,0.7,93.997,M,28.000,M,1.0,0000*72
$GNGST,080559.00,0.012,0.015,0.011,32.1,0.011,0.013,0.021*7E
$GNRMC,080559.00,A,2756.97914,S,02449.86097,E,3.50,0.0,120826,,,R*79
$GNGGA,080559.20,2756.97895,S,02449.86097,E,4,18,0.7,93.998,M,28.000,M,1.0,0000*77
$GNGST,080559.20,0.012,0.015,0.011,32.1,0.011,0.013,0.021*7C
$GNRMC,080559.20,A,2756.97895,S,02449.86097,E,3.50,0.0,120826,,,R*73
$GNGGA,080559.40,2756.97875,S,02449.86097,E,4,18,0.7,93.998,M,28.000,M,1.0,0000*7F
$GNGST,080559.40,0.012,0.015,0.011,32.1,0.011,0.013,0.021*7A
$GNRMC,080559.40,A,2756.97875,S,02449.86097,E,3.50,0.0,120826,,,R*7B
$GNGGA,080559.60,2756.97856,S,02449.86097,E,4,18,0.7,93.999,M,28.000,M,1.0,0000*7D
$GNGST,080559.60,0.012,0.015,0.011,32.1,0.011,0.013,0.021*78
$GNRMC,080559.60,A,2756.97856,S,02449.86097,E,3.50,0.0,120826,,,R*78
$GNGGA,080559.80,2756.97836,S,02449.86097,E,4,18,0.7,94.000,M,28.000,M,1.0,0000*7B
$GNGST,080559.80,0.012,0.015,0.011,32.1,0.011,0.013,0.021*76
$GNRMC,080559.80,A,2756.97836,S,02449.86097,E,3.50,0.0,120826,,,R*70
$GNGGA,080600.00,2756.97817,S,02449.86097,E,4,18,0.7,94.001,M,28.000,M,1.0,0000*7E
$GNGST,080600.00,0.012,0.015,0.011,32.1,0.011,0.013,0.021*71
$GNRMC,080600.00,A,2756.97817,S,02449.86097,E,3.50,0.0,120826,,,R*74
$GNGGA,080600.20,2756.97797,S,02449.86097,E,4,18,0.7,94.002,M,28.000,M,1.0,0000*78
$GNGST,080600.20,0.012,0.015,0.011,32.1,0.011,0.013,0.021*73
$GNRMC,080600.20,A,2756.97797,S,02449.86097,E,3.50,0.0,120826,,,R*71
$GNGGA,080600.40,2756.97778,S,02449.86097,E,4,18,0.7,94.002,M,28.000,M,1.0,0000*7F
$GNGST,080600.40,0.012,0.015,0.011,32.1,0.011,0.013,0.021*75
$GNRMC,080600.40,A,2756.97778,S,02449.86097,E,3.50,0.0,120826,,,R*76
$GNGGA,080600.60,2756.97758,S,02449.86097,E,4,18,0.7,94.003,M,28.000,M,1.0,0000*7E
$GNGST,080600.60,0.012,0.015,0.011,32.1,0.011,0.013,0.021*77
$GNRMC,080600.60,A,2756.97758,S,02449.86097,E,3.50,0.0,120826,,,R*76
$GNGGA,080600.80,2756.97739,S,02449.86097,E,4,18,0.7,94.004,M,28.000,M,1.0,0000*70
$GNGST,080600.80,0.012,0.015,0.011,32.1,0.011,0.013,0.021*79
$GNRMC,080600.80,A,2756.97739,S,02449.86097,E,3.50,0.0,120826,,,R*7F
$GNGGA,080601.00,2756.97720,S,02449.86097,E,4,18,0.7,94.005,M,28.000,M,1.0,0000*70
$GNGST,080601.00,0.012,0.015,0.011,32.1,0.011,0.013,0.021*70
$GNRMC,080601.00,A,2756.97720,S,02449.86097,E,3.50,0.0,120826,,,R*7E
$GNGGA,080601.20,2756.97700,S,02449.86097,E,4,18,0.7,94.006,M,28.000,M,1.0,0000*73
$GNGST,080601.20,0.012,0.015,0.011,32.1,0.011,0.013,0.021*72
$GNRMC,080601.20,A,2756.97700,S,02449.86097,E,3.50,0.0,120826,,,R*7E
$GNGGA,080601.40,2756.97681,S,02449.86097,E,4,18,0.7,94.006,M,28.000,M,1.0,0000*7D
$GNGST,080601.40,0.012,0.015,0.011,32.1,0.011,0.013,0.021*74
$GNRMC,080601.40,A,2756.97681,S,02449.86097,E,3.50,0.0,120826,,,R*70
$GNGGA,080601.60,2756.97661,S,02449.86097,E,4,18,0.7,94.007,M,28.000,M,1.0,0000*70
$GNGST,080601.60,0.012,0.015,0.011,32.1,0.011,0.013,0.021*76
$GNRMC,080601.60,A,2756.97661,S,02449.86097,E,3.50,0.0,120826,,,R*7C
$GNGGA,080601.80,2756.97642,S,02449.86097,E,4,18,0.7,94.008,M,28.000,M,1.0,0000*70
$GNGST,080601.80,0.012,0.015,0.011,32.1,0.011,0.013,0.021*78
$GNRMC,080601.80,A,2756.97642,S,02449.86097,E,3.50,0.0,120826,,,R*73
$GNGGA,080602.00,2756.97622,S,02449.86097,E,4,18,0.7,94.009,M,28.000,M,1.0,0000*7C
$GNGST,080602.00,0.012,0.015,0.011,32.1,0.011,0.013,0.021*73
$GNRMC,080602.00,A,2756.97622,S,02449.86097,E,3.50,0.0,120826,,,R*7E
$GNGGA,080602.20,2756.97603,S,02449.86097,E,4,18,0.7,94.009,M,28.000,M,1.0,0000*7D
$GNGST,080602.20,0.012,0.015,0.011,32.1,0.011,0.013,0.021*71
$GNRMC,080602.20,A,2756.97603,S,02449.86097,E,3.50,0.0,120826,,,R*7F
$GNGGA,080602.40,2756.97583,S,02449.86097,E,4,18,0.7,94.010,M,28.000,M,1.0,0000*78
$GNGST,080602.40,0.012,0.015,0.011,32.1,0.011,0.013,0.021*77
$GNRMC,080602.40,A,2756.97583,S,02449.86097,E,3.50,0.0,120826,,,R*72
$GNGGA,080602.60,2756.97564,S,02449.86097,E,4,18,0.7,94.011,M,28.000,M,1.0,0000*72
$GNGST,080602.60,0.012,0.015,0.011,32.1,0.011,0.013,0.021*75
$GNRMC,080602.60,A,2756.97564,S,02449.86097,E,3.50,0.0,120826,,,R*79
$GNGGA,080602.80,2756.97544,S,02449.86097,E,4,18,0.7,94.012,M,28.000,M,1.0,0000*7D
$GNGST,080602.80,0.012,0.015,0.011,32.1,0.011,0.013,0.021*7B
$GNRMC,080602.80,A,2756.97544,S,02449.86097,E,3.50,0.0,120826,,,R*75
$GNGGA,080603.00,2756.97525,S,02449.86097,E,4,18,0.7,94.012,M,28.000,M,1.0,0000*73
$GNGST,080603.00,0.012,0.015,0.011,32.1,0.011,0.013,0.021*72
$GNRMC,080603.00,A,2756.97525,S,02449.86097,E,3.50,0.0,120826,,,R*7B
$GNGGA,080603.20,2756.97505,S,02449.86097,E,4,18,0.7,94.013,M,28.000,M,1.0,0000*72
$GNGST,080603.20,0.012,0.015,0.011,32.1,0.011,0.013,0.021*70
$GNRMC,080603.20,A,2756.97505,S,02449.86097,E,3.50,0.0,120826,,,R*7B
$GNGGA,080603.40,2756.97486,S,02449.86097,E,4,18,0.7,94.014,M,28.000,M,1.0,0000*79
$GNGST,080603.40,0.012,0.015,0.011,32.1,0.011,0.013,0.021*76
$GNRMC,080603.40,A,2756.97486,S,02449.86097,E,3.50,0.0,120826,,,R*77
$GNGGA,080603.60,2756.97466,S,02449.86097,E,4,18,0.7,94.015,M,28.000,M,1.0,0000*74
$GNGST,080603.60,0.012,0.015,0.011,32.1,0.011,0.013,0.021*74
$GNRMC,080603.60,A,2756.97466,S,02449.86097,E,3.50,0.0,120826,,,R*7B
$GNGGA,080603.80,2756.97447,S,02449.86097,E,4,18,0.7,94.015,M,28.000,M,1.0,0000*79
$GNGST,080603.80,0.012,0.015,0.011,32.1,0.011,0.013,0.021*7A
$GNRMC,080603.80,A,2756.97447,S,02449.86097,E,3.50,0.0,120826,,,R*76
$GNGGA,080604.00,2756.97427,S,02449.86097,E,4,18,0.7,94.016,M,28.000,M,1.0,0000*73
$GNGST,080604.00,0.012,0.015,0.011,32.1,0.011,0.013,0.021*75
$GNRMC,080604.00,A,2756.97427,S,02449.86097,E,3.50,0.0,120826,,,R*7F
$GNGGA,080604.20,2756.97408,S,02449.86097,E,4,18,0.7,94.017,M,28.000,M,1.0,0000*7D
$GNGST,080604.20,0.012,0.015,0.011,32.1,0.011,0.013,0.021*77
$GNRMC,080604.20,A,2756.97408,S,02449.86097,E,3.50,0.0,120826,,,R*70
$GNGGA,080604.40,2756.97388,S,02449.86097,E,4,18,0.7,94.018,M,28.000,M,1.0,0000*7B
$GNGST,080604.40,0.012,0.015,0.011,32.1,0.011,0.013,0.021*71
$GNRMC,080604.40,A,2756.97388,S,02449.86097,E,3.50,0.0,120826,,,R*79
$GNGGA,080604.60,2756.97369,S,02449.86097,E,4,18,0.7,94.018,M,28.000,M,1.0,0000*76
$GNGST,080604.60,0.012,0.015,0.011,32.1,0.011,0.013,0.021*73
$GNRMC,080604.60,A,2756.97369,S,02449.86097,E,3.50,0.0,120826,,,R*74
$GNGGA,080604.80,2756.97349,S,02449.86097,E,4,18,0.7,94.019,M,28.000,M,1.0,0000*7B
$GNGST,080604.80,0.012,0.015,0.011,32.1,0.011,0.013,0.021*7D
$GNRMC,080604.80,A,2756.97349,S,02449.86097,E,3.50,0.0,120826,,,R*78
$GNGGA,080605.00,2756.97330,S,02449.86097,E,4,18,0.7,94.020,M,28.000,M,1.0,0000*76
$GNGST,080605.00,0.012,0.015,0.011,32.1,0.011,0.013,0.021*74
$GNRMC,080605.00,A,2756.97330,S,02449.86097,E,3.50,0.0,120826,,,R*7F
$GNGGA,080605.20,2756.97310,S,02449.86097,E,4,18,0.7,94.021,M,28.000,M,1.0,0000*77
$GNGST,080605.20,0.012,0.015,0.011,32.1,0.011,0.013,0.021*76
$GNRMC,080605.20,A,2756.97310,S,02449.86097,E,3.50,0.0,120826,,,R*7F
$GNGGA,080605.40,2756.97291,S,02449.86097,E,4,18,0.7,94.021,M,28.000,M,1.0,0000*79
$GNGST,080605.40,0.012,0.015,0.011,32.1,0.011,0.013,0.021*70
$GNRMC,080605.40,A,2756.97291,S,02449.86097,E,3.50,0.0,120826,,,R*71
$GNGGA,080605.60,2756.97271,S,02449.86097,E,4,18,0.7,94.022,M,28.000,M,1.0,0000*76
$GNGST,080605.60,0.012,0.015,0.011,32.1,0.011,0.013,0.021*72
$GNRMC,080605.60,A,2756.97271,S,02449.86097,E,3.50,0.0,120826,,,R*7D
$GNGGA,080605.80,2756.97252,S,02449.86097,E,4,18,0.7,94.023,M,28.000,M,1.0,0000*78
$GNGST,080605.80,0.012,0.015,0.011,32.1,0.011,0.013,0.021*7C
$GNRMC,080605.80,A,2756.97252,S,02449.86097,E,3.50,0.0,120826,,,R*72
$GNGGA,080606.00,2756.97232,S,02449.86097,E,4,18,0.7,94.024,M,28.000,M,1.0,0000*72
$GNGST,080606.00,0.012,0.015,0.011,32.1,0.011,0.013,0.021*77
$GNRMC,080606.00,A,2756.97232,S,02449.86097,E,3.50,0.0,120826,,,R*7F
$GNGGA,080606.20,2756.97213,S,02449.86097,E,4,18,0.7,94.024,M,28.000,M,1.0,0000*73
$GNGST,080606.20,0.012,0.015,0.011,32.1,0.011,0.013,0.021*75
$GNRMC,080606.20,A,2756.97213,S,02449.86097,E,3.50,0.0,120826,,,R*7E
$GNGGA,080606.40,2756.97193,S,02449.86097,E,4,18,0.7,94.025,M,28.000,M,1.0,0000*7F
$GNGST,080606.40,0.012,0.015,0.011,32.1,0.011,0.013,0.021*73
$GNRMC,080606.40,A,2756.97193,S,02449.86097,E,3.50,0.0,120826,,,R*73
$GNGGA,080606.60,2756.97174,S,02449.86097,E,4,18,0.7,94.026,M,28.000,M,1.0,0000*77
$GNGST,080606.60,0.012,0.015,0.011,32.1,0.011,0.013,0.021*71
$GNRMC,080606.60,A,2756.97174,S,02449.86097,E,3.50,0.0,120826,,,R*78
$GNGGA,080606.80,2756.97154,S,02449.86097,E,4,18,0.7,94.026,M,28.000,M,1.0,0000*7B
$GNGST,080606.80,0.012,0.015,0.011,32.1,0.011,0.013,0.021*7F
$GNRMC,080606.80,A,2756.97154,S,02449.86097,E,3.50,0.0,120826,,,R*74
$GNGGA,080607.00,2756.97135,S,02449.86097,E,4,18,0.7,94.027,M,28.000,M,1.0,0000*74
$GNGST,080607.00,0.012,0.015,0.011,32.1,0.011,0.013,0.021*76
$GNRMC,080607.00,A,2756.97135,S,02449.86097,E,3.50,0.0,120826,,,R*7A
$GNGGA,080607.20,2756.97115,S,02449.86097,E,4,18,0.7,94.028,M,28.000,M,1.0,0000*7B
$GNGST,080607.20,0.012,0.015,0.011,32.1,0.011,0.013,0.021*74
$GNRMC,080607.20,A,2756.97115,S,02449.86097,E,3.50,0.0,120826,,,R*7A
$GNGGA,080607.40,2756.97096,S,02449.86097,E,4,18,0.7,94.029,M,28.000,M,1.0,0000*76
$GNGST,080607.40,0.012,0.015,0.011,32.1,0.011,0.013,0.021*72
$GNRMC,080607.40,A,2756.97096,S,02449.86097,E,3.50,0.0,120826,,,R*76
$GNGGA,080607.60,2756.97076,S,02449.86097,E,4,18,0.7,94.029,M,28.000,M,1.0,0000*7A
$GNGST,080607.60,0.012,0.015,0.011,32.1,0.011,0.013,0.021*70
$GNRMC,080607.60,A,2756.97076,S,02449.86097,E,3.50,0.0,120826,,,R*7A
$GNGGA,080607.80,2756.97057,S,02449.86097,E,4,18,0.7,94.030,M,28.000,M,1.0,0000*7F
$GNGST,080607.80,0.012,0.015,0.011,32.1,0.011,0.013,0.021*7E
$GNRMC,080607.80,A,2756.97057,S,02449.86097,E,3.50,0.0,120826,,,R*77
$GNGGA,080608.00,2756.97037,S,02449.86097,E,4,18,0.7,94.031,M,28.000,M,1.0,0000*7F
$GNGST,080608.00,0.012,0.015,0.011,32.1,0.011,0.013,0.021*79
$GNRMC,080608.00,A,2756.97037,S,02449.86097,E,3.50,0.0,120826,,,R*76
$GNGGA,080608.20,2756.97018,S,02449.86097,E,4,18,0.7,94.031,M,28.000,M,1.0,0000*70
$GNGST,080608.20,0.012,0.015,0.011,32.1,0.011,0.013,0.021*7B
$GNRMC,080608.20,A,2756.97018,S,02449.86097,E,3.50,0.0,120826,,,R*79
$GNGGA,080608.40,2756.96998,S,02449.86097,E,4,18,0.7,94.032,M,28.000,M,1.0,0000*75
$GNGST,080608.40,0.012,0.015,0.011,32.1,0.011,0.013,0.021*7D
$GNRMC,080608.40,A,2756.96998,S,02449.86097,E,3.50,0.0,120826,,,R*7F
$GNGGA,080608.60,2756.96979,S,02449.86097,E,4,18,0.7,94.033,M,28.000,M,1.0,0000*79
$GNGST,080608.60,0.012,0.015,0.011,32.1,0.011,0.013,0.021*7F
$GNRMC,080608.60,A,2756.96979,S,02449.86097,E,3.50,0.0,120826,,,R*72
$GNGGA,080608.80,2756.96959,S,02449.86097,E,4,18,0.7,94.033,M,28.000,M,1.0,0000*75
$GNGST,080608.80,0.012,0.015,0.011,32.1,0.011,0.013,0.021*71
$GNRMC,080608.80,A,2756.96959,S,02449.86097,E,3.50,0.0,120826,,,R*7E
$GNGGA,080609.00,2756.96940,S,02449.86097,E,4,18,0.7,94.034,M,28.000,M,1.0,0000*73
$GNGST,080609.00,0.012,0.015,0.011,32.1,0.011,0.013,0.021*78
$GNRMC,080609.00,A,2756.96940,S,02449.86097,E,3.50,0.0,120826,,,R*7F
$GNGGA,080609.20,2756.96920,S,02449.86097,E,4,18,0.7,94.035,M,28.000,M,1.0,0000*76
$GNGST,080609.20,0.012,0.015,0.011,32.1,0.011,0.013,0.021*7A
$GNRMC,080609.20,A,2756.96920,S,02449.86097,E,3.50,0.0,120826,,,R*7B
$GNGGA,080609.40,2756.96901,S,02449.86097,E,4,18,0.7,94.035,M,28.000,M,1.0,0000*73
$GNGST,080609.40,0.012,0.015,0.011,32.1,0.011,0.013,0.021*7C
$GNRMC,080609.40,A,2756.96901,S,02449.86097,E,3.50,0.0,120826,,,R*7E
$GNGGA,080609.60,2756.96881,S,02449.86097,E,4,18,0.7,94.036,M,28.000,M,1.0,0000*7B
$GNGST,080609.60,0.012,0.015,0.011,32.1,0.011,0.013,0.021*7E
$GNRMC,080609.60,A,2756.96881,S,02449.86097,E,3.50,0.0,120826,,,R*75
$GNGGA,080609.80,2756.96862,S,02449.86097,E,4,18,0.7,94.037,M,28.000,M,1.0,0000*79
$GNGST,080609.80,0.012,0.015,0.011,32.1,0.011,0.013,0.021*70
$GNRMC,080609.80,A,2756.96862,S,02449.86097,E,3.50,0.0,120826,,,R*76
$GNGGA,080610.00,2756.96842,S,02449.86097,E,4,18,0.7,94.037,M,28.000,M,1.0,0000*7B
$GNGST,080610.00,0.012,0.015,0.011,32.1,0.011,0.013,0.021*70
$GNRMC,080610.00,A,2756.96842,S,02449.86097,E,3.50,0.0,120826,,,R*74
$GNGGA,080610.20,2756.96823,S,02449.86097,E,4,18,0.7,94.038,M,28.000,M,1.0,0000*71
$GNGST,080610.20,0.012,0.015,0.011,32.1,0.011,0.013,0.021*72
$GNRMC,080610.20,A,2756.96823,S,02449.86097,E,3.50,0.0,120826,,,R*71
$GNGGA,080610.40,2756.96803,S,02449.86097,E,4,18,0.7,94.039,M,28.000,M,1.0,0000*74
$GNGST,080610.40,0.012,0.015,0.011,32.1,0.011,0.013,0.021*74
$GNRMC,080610.40,A,2756.96803,S,02449.86097,E,3.50,0.0,120826,,,R*75
$GNGGA,080610.60,2756.96784,S,02449.86097,E,4,18,0.7,94.039,M,28.000,M,1.0,0000*76
$GNGST,080610.60,0.012,0.015,0.011,32.1,0.011,0.013,0.021*76
$GNRMC,080610.60,A,2756.96784,S,02449.86097,E,3.50,0.0,120826,,,R*77
$GNGGA,080610.80,2756.96764,S,02449.86097,E,4,18,0.7,94.040,M,28.000,M,1.0,0000*78
$GNGST,080610.80,0.012,0.015,0.011,32.1,0.011,0.013,0.021*78
$GNRMC,080610.80,A,2756.96764,S,02449.86097,E,3.50,0.0,120826,,,R*77
$GNGGA,080611.00,2756.96745,S,02449.86097,E,4,18,0.7,94.040,M,28.000,M,1.0,0000*72
$GNGST,080611.00,0.012,0.015,0.011,32.1,0.011,0.013,0.021*71
$GNRMC,080611.00,A,2756.96745,S,02449.86097,E,3.50,0.0,120826,,,R*7D
$GNGGA,080611.20,2756.96725,S,02449.86097,E,4,18,0.7,94.041,M,28.000,M,1.0,0000*77
$GNGST,080611.20,0.012,0.015,0.011,32.1,0.011,0.013,0.021*73
$GNRMC,080611.20,A,2756.96725,S,02449.86097,E,3.50,0.0,120826,,,R*79
$GNGGA,080611.40,2756.96706,S,02449.86097,E,4,18,0.7,94.042,M,28.000,M,1.0,0000*73
$GNGST,080611.40,0.012,0.015,0.011,32.1,0.011,0.013,0.021*75
$GNRMC,080611.40,A,2756.96706,S,02449.86097,E,3.50,0.0,120826,,,R*7E
$GNGGA,080611.60,2756.96686,S,02449.86097,E,4,18,0.7,94.042,M,28.000,M,1.0,0000*78
$GNGST,080611.60,0.012,0.015,0.011,32.1,0.011,0.013,0.021*77
$GNRMC,080611.60,A,2756.96686,S,02449.86097,E,3.50,0.0,120826,,,R*75
$GNGGA,080611.80,2756.96667,S,02449.86097,E,4,18,0.7,94.043,M,28.000,M,1.0,0000*78
$GNGST,080611.80,0.012,0.015,0.011,32.1,0.011,0.013,0.021*79
$GNRMC,080611.80,A,2756.96667,S,02449.86097,E,3.50,0.0,120826,,,R*74
$GNGGA,080612.00,2756.96647,S,02449.86097,E,4,18,0.7,94.043,M,28.000,M,1.0,0000*71
$GNGST,080612.00,0.012,0.015,0.011,32.1,0.011,0.013,0.021*72
$GNRMC,080612.00,A,2756.96647,S,02449.86097,E,3.50,0.0,120826,,,R*7D
$GNGGA,080612.20,2756.96628,S,02449.86097,E,4,18,0.7,94.044,M,28.000,M,1.0,0000*7D
$GNGST,080612.20,0.012,0.015,0.011,32.1,0.011,0.013,0.021*70
$GNRMC,080612.20,A,2756.96628,S,02449.86097,E,3.50,0.0,120826,,,R*76
$GNGGA,080612.40,2756.96609,S,02449.86097,E,4,18,0.7,94.044,M,28.000,M,1.0,0000*78
$GNGST,080612.40,0.012,0.015,0.011,32.1,0.011,0.013,0.021*76
$GNRMC,080612.40,A,2756.96609,S,02449.86097,E,3.50,0.0,120826,,,R*73
$GNGGA,080612.60,2756.96589,S,02449.86097,E,4,18,0.7,94.045,M,28.000,M,1.0,0000*70
$GNGST,080612.60,0.012,0.015,0.011,32.1,0.011,0.013,0.021*74
$GNRMC,080612.60,A,2756.96589,S,02449.86097,E,3.50,0.0,120826,,,R*7A
$GNGGA,080612.80,2756.96570,S,02449.86097,E,4,18,0.7,94.046,M,28.000,M,1.0,0000*7B
$GNGST,080612.80,0.012,0.015,0.011,32.1,0.011,0.013,0.021*7A
$GNRMC,080612.80,A,2756.96570,S,02449.86097,E,3.50,0.0,120826,,,R*72
$GNGGA,080613.00,2756.96550,S,02449.86097,E,4,18,0.7,94.046,M,28.000,M,1.0,0000*70
$GNGST,080613.00,0.012,0.015,0.011,32.1,0.011,0.013,0.021*73
$GNRMC,080613.00,A,2756.96550,S,02449.86097,E,3.50,0.0,120826,,,R*79
$GNGGA,080613.20,2756.96531,S,02449.86097,E,4,18,0.7,94.047,M,28.000,M,1.0,0000*74
$GNGST,080613.20,0.012,0.015,0.011,32.1,0.011,0.013,0.021*71
$GNRMC,080613.20,A,2756.96531,S,02449.86097,E,3.50,0.0,120826,,,R*7C
$GNGGA,080613.40,2756.96511,S,02449.86097,E,4,18,0.7,94.047,M,28.000,M,1.0,0000*70
$GNGST,080613.40,0.012,0.015,0.011,32.1,0.011,0.013,0.021*77
$GNRMC,080613.40,A,2756.96511,S,02449.86097,E,3.50,0.0,120826,,,R*78
$GNGGA,080613.60,2756.96492,S,02449.86097,E,4,18,0.7,94.048,M,28.000,M,1.0,0000*77
$GNGST,080613.60,0.012,0.015,0.011,32.1,0.011,0.013,0.021*75
$GNRMC,080613.60,A,2756.96492,S,02449.86097,E,3.50,0.0,120826,,,R*70
$GNGGA,080613.80,2756.96472,S,02449.86097,E,4,18,0.7,94.048,M,28.000,M,1.0,0000*77
$GNGST,080613.80,0.012,0.015,0.011,32.1,0.011,0.013,0.021*7B
$GNRMC,080613.80,A,2756.96472,S,02449.86097,E,3.50,0.0,120826,,,R*70
$GNGGA,080614.00,2756.96453,S,02449.86097,E,4,18,0.7,94.049,M,28.000,M,1.0,0000*7A
$GNGST,080614.00,0.012,0.015,0.011,32.1,0.011,0.013,0.021*74
$GNRMC,080614.00,A,2756.96453,S,02449.86097,E,3.50,0.0,120826,,,R*7C
$GNGGA,080614.20,2756.96433,S,02449.86097,E,4,18,0.7,94.049,M,28.000,M,1.0,0000*7E
$GNGST,080614.20,0.012,0.015,0.011,32.1,0.011,0.013,0.021*76
$GNRMC,080614.20,A,2756.96433,S,02449.86097,E,3.50,0.0,120826,,,R*78
$GNGGA,080614.40,2756.96414,S,02449.86097,E,4,18,0.7,94.050,M,28.000,M,1.0,0000*75
$GNGST,080614.40,0.012,0.015,0.011,32.1,0.011,0.013,0.021*70
$GNRMC,080614.40,A,2756.96414,S,02449.86097,E,3.50,0.0,120826,,,R*7B
$GNGGA,080614.60,2756.96394,S,02449.86097,E,4,18,0.7,94.050,M,28.000,M,1.0,0000*78
$GNGST,080614.60,0.012,0.015,0.011,32.1,0.011,0.013,0.021*72
$GNRMC,080614.60,A,2756.96394,S,02449.86097,E,3.50,0.0,120826,,,R*76
$GNGGA,080614.80,2756.96375,S,02449.86097,E,4,18,0.7,94.051,M,28.000,M,1.0,0000*78
$GNGST,080614.80,0.012,0.015,0.011,32.1,0.011,0.013,0.021*7C
$GNRMC,080614.80,A,2756.96375,S,02449.86097,E,3.50,0.0,120826,,,R*77
$GNGGA,080615.00,2756.96355,S,02449.86097,E,4,18,0.7,94.051,M,28.000,M,1.0,0000*73
$GNGST,080615.00,0.012,0.015,0.011,32.1,0.011,0.013,0.021*75
$GNRMC,080615.00,A,2756.96355,S,02449.86097,E,3.50,0.0,120826,,,R*7C
$GNGGA,080615.20,2756.96336,S,02449.86097,E,4,18,0.7,94.052,M,28.000,M,1.0,0000*77
$GNGST,080615.20,0.012,0.015,0.011,32.1,0.011,0.013,0.021*77
$GNRMC,080615.20,A,2756.96336,S,02449.86097,E,3.50,0.0,120826,,,R*7B
$GNGGA,080615.40,2756.96316,S,02449.86097,E,4,18,0.7,94.052,M,28.000,M,1.0,0000*73
$GNGST,080615.40,0.012,0.015,0.011,32.1,0.011,0.013,0.021*71
$GNRMC,080615.40,A,2756.96316,S,02449.86097,E,3.50,0.0,120826,,,R*7F
$GNGGA,080615.60,2756.96297,S,02449.86097,E,4,18,0.7,94.053,M,28.000,M,1.0,0000*78
$GNGST,080615.60,0.012,0.015,0.011,32.1,0.011,0.013,0.021*73
$GNRMC,080615.60,A,2756.96297,S,02449.86097,E,3.50,0.0,120826,,,R*75
$GNGGA,080615.80,2756.96277,S,02449.86097,E,4,18,0.7,94.053,M,28.000,M,1.0,0000*78
$GNGST,080615.80,0.012,0.015,0.011,32.1,0.011,0.013,0.021*7D
$GNRMC,080615.80,A,2756.96277,S,02449.86097,E,3.50,0.0,120826,,,R*75
$GNGGA,080616.00,2756.96258,S,02449.86097,E,4,18,0.7,94.054,M,28.000,M,1.0,0000*79
$GNGST,080616.00,0.012,0.015,0.011,32.1,0.011,0.013,0.021*76
$GNRMC,080616.00,A,2756.96258,S,02449.86097,E,3.50,0.0,120826,,,R*73
$GNGGA,080616.20,2756.96238,S,02449.86097,E,4,18,0.7,94.054,M,28.000,M,1.0,0000*7D
$GNGST,080616.20,0.012,0.015,0.011,32.1,0.011,0.013,0.021*74
$GNRMC,080616.20,A,2756.96238,S,02449.86097,E,3.50,0.0,120826,,,R*77
$GNGGA,080616.40,2756.96219,S,02449.86097,E,4,18,0.7,94.054,M,28.000,M,1.0,0000*78
$GNGST,080616.40,0.012,0.015,0.011,32.1,0.011,0.013,0.021*72
$GNRMC,080616.40,A,2756.96219,S,02449.86097,E,3.50,0.0,120826,,,R*72
$GNGGA,080616.60,2756.96199,S,02449.86097,E,4,18,0.7,94.055,M,28.000,M,1.0,0000*70
$GNGST,080616.60,0.012,0.015,0.011,32.1,0.011,0.013,0.021*70
$GNRMC,080616.60,A,2756.96199,S,02449.86097,E,3.50,0.0,120826,,,R*7B
$GNGGA,080616.80,2756.96180,S,02449.86097,E,4,18,0.7,94.055,M,28.000,M,1.0,0000*76
$GNGST,080616.80,0.012,0.015,0.011,32.1,0.011,0.013,0.021*7E
$GNRMC,080616.80,A,2756.96180,S,02449.86097,E,3.50,0.0,120826,,,R*7D
$GNGGA,080617.00,2756.96160,S,02449.86097,E,4,18,0.7,94.056,M,28.000,M,1.0,0000*72
$GNGST,080617.00,0.012,0.015,0.011,32.1,0.011,0.013,0.021*77
$GNRMC,080617.00,A,2756.96160,S,02449.86097,E,3.50,0.0,120826,,,R*7A
$GNGGA,080617.20,2756.96141,S,02449.86097,E,4,18,0.7,94.056,M,28.000,M,1.0,0000*73
$GNGST,080617.20,0.012,0.015,0.011,32.1,0.011,0.013,0.021*75
$GNRMC,080617.20,A,2756.96141,S,02449.86097,E,3.50,0.0,120826,,,R*7B
$GNGGA,080617.40,2756.96121,S,02449.86097,E,4,18,0.7,94.057,M,28.000,M,1.0,0000*72
$GNGST,080617.40,0.012,0.015,0.011,32.1,0.011,0.013,0.021*73
$GNRMC,080617.40,A,2756.96121,S,02449.86097,E,3.50,0.0,120826,,,R*7B
$GNGGA,080617.60,2756.96102,S,02449.86097,E,4,18,0.7,94.057,M,28.000,M,1.0,0000*71
$GNGST,080617.60,0.012,0.015,0.011,32.1,0.011,0.013,0.021*71
$GNRMC,080617.60,A,2756.96102,S,02449.86097,E,3.50,0.0,120826,,,R*78
$GNGGA,080617.80,2756.96082,S,02449.86097,E,4,18,0.7,94.057,M,28.000,M,1.0,0000*76
$GNGST,080617.80,0.012,0.015,0.011,32.1,0.011,0.013,0.021*7F
$GNRMC,080617.80,A,2756.96082,S,02449.86097,E,3.50,0.0,120826,,,R*7F
$GNGGA,080618.00,2756.96063,S,02449.86097,E,4,18,0.7,94.058,M,28.000,M,1.0,0000*71
$GNGST,080618.00,0.012,0.015,0.011,32.1,0.011,0.013,0.021*78
$GNRMC,080618.00,A,2756.96063,S,02449.86097,E,3.50,0.0,120826,,,R*77
$GNGGA,080618.20,2756.96043,S,02449.86097,E,4,18,0.7,94.058,M,28.000,M,1.0,0000*71
$GNGST,080618.20,0.012,0.015,0.011,32.1,0.011,0.013,0.021*7A
$GNRMC,080618.20,A,2756.96043,S,02449.86097,E,3.50,0.0,120826,,,R*77
$GNGGA,080618.40,2756.96024,S,02449.86097,E,4,18,0.7,94.058,M,28.000,M,1.0,0000*76
$GNGST,080618.40,0.012,0.015,0.011,32.1,0.011,0.013,0.021*7C
$GNRMC,080618.40,A,2756.96024,S,02449.86097,E,3.50,0.0,120826,,,R*70
$GNGGA,080618.60,2756.96004,S,02449.86097,E,4,18,0.7,94.059,M,28.000,M,1.0,0000*77
$GNGST,080618.60,0.012,0.015,0.011,32.1,0.011,0.013,0.021*7E
$GNRMC,080618.60,A,2756.96004,S,02449.86097,E,3.50,0.0,120826,,,R*70
$GNGGA,080618.80,2756.95985,S,02449.86097,E,4,18,0.7,94.059,M,28.000,M,1.0,0000*7A
$GNGST,080618.80,0.012,0.015,0.011,32.1,0.011,0.013,0.021*70
$GNRMC,080618.80,A,2756.95985,S,02449.86097,E,3.50,0.0,120826,,,R*7D
$GNGGA,080619.00,2756.95965,S,02449.86097,E,4,18,0.7,94.060,M,28.000,M,1.0,0000*77
$GNGST,080619.00,0.012,0.015,0.011,32.1,0.011,0.013,0.021*79
$GNRMC,080619.00,A,2756.95965,S,02449.86097,E,3.50,0.0,120826,,,R*7A
$GNGGA,080619.20,2756.95946,S,02449.86097,E,4,18,0.7,94.060,M,28.000,M,1.0,0000*74
$GNGST,080619.20,0.012,0.015,0.011,32.1,0.011,0.013,0.021*7B
$GNRMC,080619.20,A,2756.95946,S,02449.86097,E,3.50,0.0,120826,,,R*79
$GNGGA,080619.40,2756.95926,S,02449.86097,E,4,18,0.7,94.060,M,28.000,M,1.0,0000*74
$GNGST,080619.40,0.012,0.015,0.011,32.1,0.011,0.013,0.021*7D
$GNRMC,080619.40,A,2756.95926,S,02449.86097,E,3.50,0.0,120826,,,R*79
$GNGGA,080619.60,2756.95907,S,02449.86097,E,4,18,0.7,94.061,M,28.000,M,1.0,0000*74
$GNGST,080619.60,0.012,0.015,0.011,32.1,0.011,0.013,0.021*7F
$GNRMC,080619.60,A,2756.95907,S,02449.86097,E,3.50,0.0,120826,,,R*78
$GNGGA,080619.80,2756.95887,S,02449.86097,E,4,18,0.7,94.061,M,28.000,M,1.0,0000*73
$GNGST,080619.80,0.012,0.015,0.011,32.1,0.011,0.013,0.021*71
$GNRMC,080619.80,A,2756.95887,S,02449.86097,E,3.50,0.0,120826,,,R*7F
$GNGGA,080620.00,2756.95868,S,02449.86097,E,4,18,0.7,94.061,M,28.000,M,1.0,0000*70
$GNGST,080620.00,0.012,0.015,0.011,32.1,0.011,0.013,0.021*73
$GNRMC,080620.00,A,2756.95868,S,02449.86097,E,3.50,0.0,120826,,,R*7C
$GNGGA,080620.20,2756.95848,S,02449.86097,E,4,18,0.7,94.061,M,28.000,M,1.0,0000*70
$GNGST,080620.20,0.012,0.015,0.011,32.1,0.011,0.013,0.021*71
$GNRMC,080620.20,A,2756.95848,S,02449.86097,E,3.50,0.0,120826,,,R*7C
$GNGGA,080620.40,2756.95829,S,02449.86097,E,4,18,0.7,94.062,M,28.000,M,1.0,0000*72
$GNGST,080620.40,0.012,0.015,0.011,32.1,0.011,0.013,0.021*77
$GNRMC,080620.40,A,2756.95829,S,02449.86097,E,3.50,0.0,120826,,,R*7D
$GNGGA,080620.60,2756.95809,S,02449.86097,E,4,18,0.7,94.062,M,28.000,M,1.0,0000*72
$GNGST,080620.60,0.012,0.015,0.011,32.1,0.011,0.013,0.021*75
$GNRMC,080620.60,A,2756.95809,S,02449.86097,E,3.50,0.0,120826,,,R*7D
$GNGGA,080620.80,2756.95790,S,02449.86097,E,4,18,0.7,94.062,M,28.000,M,1.0,0000*73
$GNGST,080620.80,0.012,0.015,0.011,32.1,0.011,0.013,0.021*7B
$GNRMC,080620.80,A,2756.95790,S,02449.86097,E,3.50,0.0,120826,,,R*7C
$GNGGA,080621.00,2756.95770,S,02449.86097,E,4,18,0.7,94.063,M,28.000,M,1.0,0000*75
$GNGST,080621.00,0.012,0.015,0.011,32.1,0.011,0.013,0.021*72
$GNRMC,080621.00,A,2756.95770,S,02449.86097,E,3.50,0.0,120826,,,R*7B
$GNGGA,080621.20,2756.95751,S,02449.86097,E,4,18,0.7,94.063,M,28.000,M,1.0,0000*74
$GNGST,080621.20,0.012,0.015,0.011,32.1,0.011,0.013,0.021*70
$GNRMC,080621.20,A,2756.95751,S,02449.86097,E,3.50,0.0,120826,,,R*7A
$GNGGA,080621.40,2756.95731,S,02449.86097,E,4,18,0.7,94.063,M,28.000,M,1.0,0000*74
$GNGST,080621.40,0.012,0.015,0.011,32.1,0.011,0.013,0.021*76
$GNRMC,080621.40,A,2756.95731,S,02449.86097,E,3.50,0.0,120826,,,R*7A
$GNGGA,080621.60,2756.95712,S,02449.86097,E,4,18,0.7,94.063,M,28.000,M,1.0,0000*77
$GNGST,080621.60,0.012,0.015,0.011,32.1,0.011,0.013,0.021*74
$GNRMC,080621.60,A,2756.95712,S,02449.86097,E,3.50,0.0,120826,,,R*79
$GNGGA,080621.80,2756.95692,S,02449.86097,E,4,18,0.7,94.064,M,28.000,M,1.0,0000*77
$GNGST,080621.80,0.012,0.015,0.011,32.1,0.011,0.013,0.021*7A
$GNRMC,080621.80,A,2756.95692,S,02449.86097,E,3.50,0.0,120826,,,R*7E
$GNGGA,080622.00,2756.95673,S,02449.86097,E,4,18,0.7,94.064,M,28.000,M,1.0,0000*73
$GNGST,080622.00,0.012,0.015,0.011,32.1,0.011,0.013,0.021*71
$GNRMC,080622.00,A,2756.95673,S,02449.86097,E,3.50,0.0,120826,,,R*7A
$GNGGA,080622.20,2756.95653,S,02449.86097,E,4,18,0.7,94.064,M,28.000,M,1.0,0000*73
$GNGST,080622.20,0.012,0.015,0.011,32.1,0.011,0.013,0.021*73
$GNRMC,080622.20,A,2756.95653,S,02449.86097,E,3.50,0.0,120826,,,R*7A
$GNGGA,080622.40,2756.95634,S,02449.86097,E,4,18,0.7,94.064,M,28.000,M,1.0,0000*74
$GNGST,080622.40,0.012,0.015,0.011,32.1,0.011,0.013,0.021*75
$GNRMC,080622.40,A,2756.95634,S,02449.86097,E,3.50,0.0,120826,,,R*7D
$GNGGA,080622.60,2756.95614,S,02449.86097,E,4,18,0.7,94.064,M,28.000,M,1.0,0000*74
$GNGST,080622.60,0.012,0.015,0.011,32.1,0.011,0.013,0.021*77
$GNRMC,080622.60,A,2756.95614,S,02449.86097,E,3.50,0.0,120826,,,R*7D
$GNGGA,080622.80,2756.95595,S,02449.86097,E,4,18,0.7,94.065,M,28.000,M,1.0,0000*71
$GNGST,080622.80,0.012,0.015,0.011,32.1,0.011,0.013,0.021*79
$GNRMC,080622.80,A,2756.95595,S,02449.86097,E,3.50,0.0,120826,,,R*79
$GNGGA,080623.00,2756.95575,S,02449.86097,E,4,18,0.7,94.065,M,28.000,M,1.0,0000*76
$GNGST,080623.00,0.012,0.015,0.011,32.1,0.011,0.013,0.021*70
$GNRMC,080623.00,A,2756.95575,S,02449.86097,E,3.50,0.0,120826,,,R*7E
$GNGGA,080623.20,2756.95556,S,02449.86097,E,4,18,0.7,94.065,M,28.000,M,1.0,0000*75
$GNGST,080623.20,0.012,0.015,0.011,32.1,0.011,0.013,0.021*72
$GNRMC,080623.20,A,2756.95556,S,02449.86097,E,3.50,0.0,120826,,,R*7D
$GNGGA,080623.40,2756.95536,S,02449.86097,E,4,18,0.7,94.065,M,28.000,M,1.0,0000*75
$GNGST,080623.40,0.012,0.015,0.011,32.1,0.011,0.013,0.021*74
$GNRMC,080623.40,A,2756.95536,S,02449.86097,E,3.50,0.0,120826,,,R*7D
$GNGGA,080623.60,2756.95517,S,02449.86097,E,4,18,0.7,94.065,M,28.000,M,1.0,0000*74
$GNGST,080623.60,0.012,0.015,0.011,32.1,0.011,0.013,0.021*76
$GNRMC,080623.60,A,2756.95517,S,02449.86097,E,3.50,0.0,120826,,,R*7C
$GNGGA,080623.80,2756.95498,S,02449.86097,E,4,18,0.7,94.066,M,28.000,M,1.0,0000*7F
$GNGST,080623.80,0.012,0.015,0.011,32.1,0.011,0.013,0.021*78
$GNRMC,080623.80,A,2756.95498,S,02449.86097,E,3.50,0.0,120826,,,R*74
$GNGGA,080624.00,2756.95478,S,02449.86097,E,4,18,0.7,94.066,M,28.000,M,1.0,0000*7E
$GNGST,080624.00,0.012,0.015,0.011,32.1,0.011,0.013,0.021*77
$GNRMC,080624.00,A,2756.95478,S,02449.86097,E,3.50,0.0,120826,,,R*75
$GNGGA,080624.20,2756.95459,S,02449.86097,E,4,18,0.7,94.066,M,28.000,M,1.0,0000*7F
$GNGST,080624.20,0.012,0.015,0.011,32.1,0.011,0.013,0.021*75
$GNRMC,080624.20,A,2756.95459,S,02449.86097,E,3.50,0.0,120826,,,R*74
$GNGGA,080624.40,2756.95439,S,02449.86097,E,4,18,0.7,94.066,M,28.000,M,1.0,0000*7F
$GNGST,080624.40,0.012,0.015,0.011,32.1,0.011,0.013,0.021*73
$GNRMC,080624.40,A,2756.95439,S,02449.86097,E,3.50,0.0,120826,,,R*74
$GNGGA,080624.60,2756.95420,S,02449.86097,E,4,18,0.7,94.066,M,28.000,M,1.0,0000*75
$GNGST,080624.60,0.012,0.015,0.011,32.1,0.011,0.013,0.021*71
$GNRMC,080624.60,A,2756.95420,S,02449.86097,E,3.50,0.0,120826,,,R*7E
$GNGGA,080624.80,2756.95400,S,02449.86097,E,4,18,0.7,94.066,M,28.000,M,1.0,0000*79
$GNGST,080624.80,0.012,0.015,0.011,32.1,0.011,0.013,0.021*7F
$GNRMC,080624.80,A,2756.95400,S,02449.86097,E,3.50,0.0,120826,,,R*72
$GNGGA,080625.00,2756.95381,S,02449.86097,E,4,18,0.7,94.066,M,28.000,M,1.0,0000*7E
$GNGST,080625.00,0.012,0.015,0.011,32.1,0.011,0.013,0.021*76
$GNRMC,080625.00,A,2756.95381,S,02449.86097,E,3.50,0.0,120826,,,R*75
$GNGGA,080625.20,2756.95361,S,02449.86097,E,4,18,0.7,94.067,M,28.000,M,1.0,0000*73
$GNGST,080625.20,0.012,0.015,0.011,32.1,0.011,0.013,0.021*74
$GNRMC,080625.20,A,2756.95361,S,02449.86097,E,3.50,0.0,120826,,,R*79
$GNGGA,080625.40,2756.95342,S,02449.86097,E,4,18,0.7,94.067,M,28.000,M,1.0,0000*74
$GNGST,080625.40,0.012,0.015,0.011,32.1,0.011,0.013,0.021*72
$GNRMC,080625.40,A,2756.95342,S,02449.86097,E,3.50,0.0,120826,,,R*7E
$GNGGA,080625.60,2756.95322,S,02449.86097,E,4,18,0.7,94.067,M,28.000,M,1.0,0000*70
$GNGST,080625.60,0.012,0.015,0.011,32.1,0.011,0.013,0.021*70
$GNRMC,080625.60,A,2756.95322,S,02449.86097,E,3.50,0.0,120826,,,R*7A
$GNGGA,080625.80,2756.95303,S,02449.86097,E,4,18,0.7,94.067,M,28.000,M,1.0,0000*7D
$GNGST,080625.80,0.012,0.015,0.011,32.1,0.011,0.013,0.021*7E
$GNRMC,080625.80,A,2756.95303,S,02449.86097,E,3.50,0.0,120826,,,R*77
$GNGGA,080626.00,2756.95283,S,02449.86097,E,4,18,0.7,94.067,M,28.000,M,1.0,0000*7F
$GNGST,080626.00,0.012,0.015,0.011,32.1,0.011,0.013,0.021*75
$GNRMC,080626.00,A,2756.95283,S,02449.86097,E,3.50,0.0,120826,,,R*75
$GNGGA,080626.20,2756.95264,S,02449.86097,E,4,18,0.7,94.067,M,28.000,M,1.0,0000*74
$GNGST,080626.20,0.012,0.015,0.011,32.1,0.011,0.013,0.021*77
$GNRMC,080626.20,A,2756.95264,S,02449.86097,E,3.50,0.0,120826,,,R*7E
$GNGGA,080626.40,2756.95244,S,02449.86097,E,4,18,0.7,94.067,M,28.000,M,1.0,0000*70
$GNGST,080626.40,0.012,0.015,0.011,32.1,0.011,0.013,0.021*71
$GNRMC,080626.40,A,2756.95244,S,02449.86097,E,3.50,0.0,120826,,,R*7A
$GNGGA,080626.60,2756.95225,S,02449.86097,E,4,18,0.7,94.067,M,28.000,M,1.0,0000*75
$GNGST,080626.60,0.012,0.015,0.011,32.1,0.011,0.013,0.021*73
$GNRMC,080626.60,A,2756.95225,S,02449.86097,E,3.50,0.0,120826,,,R*7F
$GNGGA,080626.80,2756.95205,S,02449.86097,E,4,18,0.7,94.067,M,28.000,M,1.0,0000*79
$GNGST,080626.80,0.012,0.015,0.011,32.1,0.011,0.013,0.021*7D
$GNRMC,080626.80,A,2756.95205,S,02449.86097,E,3.50,0.0,120826,,,R*73
$GNGGA,080627.00,2756.95186,S,02449.86097,E,4,18,0.7,94.067,M,28.000,M,1.0,0000*78
$GNGST,080627.00,0.012,0.015,0.011,32.1,0.011,0.013,0.021*74
$GNRMC,080627.00,A,2756.95186,S,02449.86097,E,3.50,0.0,120826,,,R*72
$GNGGA,080627.20,2756.95166,S,02449.86097,E,4,18,0.7,94.067,M,28.000,M,1.0,0000*74
$GNGST,080627.20,0.012,0.015,0.011,32.1,0.011,0.013,0.021*76
$GNRMC,080627.20,A,2756.95166,S,02449.86097,E,3.50,0.0,120826,,,R*7E
$GNGGA,080627.40,2756.95147,S,02449.86097,E,4,18,0.7,94.067,M,28.000,M,1.0,0000*71
$GNGST,080627.40,0.012,0.015,0.011,32.1,0.011,0.013,0.021*70
$GNRMC,080627.40,A,2756.95147,S,02449.86097,E,3.50,0.0,120826,,,R*7B
$GNGGA,080627.60,2756.95127,S,02449.86097,E,4,18,0.7,94.067,M,28.000,M,1.0,0000*75
$GNGST,080627.60,0.012,0.015,0.011,32.1,0.011,0.013,0.021*72
$GNRMC,080627.60,A,2756.95127,S,02449.86097,E,3.50,0.0,120826,,,R*7F
$GNGGA,080627.80,2756.95108,S,02449.86097,E,4,18,0.7,94.067,M,28.000,M,1.0,0000*76
$GNGST,080627.80,0.012,0.015,0.011,32.1,0.011,0.013,0.021*7C
$GNRMC,080627.80,A,2756.95108,S,02449.86097,E,3.50,0.0,120826,,,R*7C
$GNGGA,080628.00,2756.95088,S,02449.86097,E,4,18,0.7,94.067,M,28.000,M,1.0,0000*78
$GNGST,080628.00,0.012,0.015,0.011,32.1,0.011,0.013,0.021*7B
$GNRMC,080628.00,A,2756.95088,S,02449.86097,E,3.50,0.0,120826,,,R*72
$GNGGA,080628.20,2756.95069,S,02449.86097,E,4,18,0.7,94.067,M,28.000,M,1.0,0000*75
$GNGST,080628.20,0.012,0.015,0.011,32.1,0.011,0.013,0.021*79
$GNRMC,080628.20,A,2756.95069,S,02449.86097,E,3.50,0.0,120826,,,R*7F
$GNGGA,080628.40,2756.95049,S,02449.86097,E,4,18,0.7,94.067,M,28.000,M,1.0,0000*71
$GNGST,080628.40,0.012,0.015,0.011,32.1,0.011,0.013,0.021*7F
$GNRMC,080628.40,A,2756.95049,S,02449.86097,E,3.50,0.0,120826,,,R*7B
$GNGGA,080628.60,2756.95030,S,02449.86097,E,4,18,0.7,94.067,M,28.000,M,1.0,0000*7D
$GNGST,080628.60,0.012,0.015,0.011,32.1,0.011,0.013,0.021*7D
$GNRMC,080628.60,A,2756.95030,S,02449.86097,E,3.50,0.0,120826,,,R*77
$GNGGA,080628.80,2756.95010,S,02449.86097,E,4,18,0.7,94.067,M,28.000,M,1.0,0000*71
$GNGST,080628.80,0.012,0.015,0.011,32.1,0.011,0.013,0.021*73
$GNRMC,080628.80,A,2756.95010,S,02449.86097,E,3.50,0.0,120826,,,R*7B
$GNGGA,080629.00,2756.94991,S,02449.86097,E,4,18,0.7,94.067,M,28.000,M,1.0,0000*79
$GNGST,080629.00,0.012,0.015,0.011,32.1,0.011,0.013,0.021*7A
$GNRMC,080629.00,A,2756.94991,S,02449.86097,E,3.50,0.0,120826,,,R*73
$GNGGA,080629.20,2756.94971,S,02449.86097,E,4,18,0.7,94.067,M,28.000,M,1.0,0000*75
$GNGST,080629.20,0.012,0.015,0.011,32.1,0.011,0.013,0.021*78
$GNRMC,080629.20,A,2756.94971,S,02449.86097,E,3.50,0.0,120826,,,R*7F
$GNGGA,080629.40,2756.94952,S,02449.86097,E,4,18,0.7,94.067,M,28.000,M,1.0,0000*72
$GNGST,080629.40,0.012,0.015,0.011,32.1,0.011,0.013,0.021*7E
$GNRMC,080629.40,A,2756.94952,S,02449.86097,E,3.50,0.0,120826,,,R*78
$GNGGA,080629.60,2756.94932,S,02449.86097,E,4,18,0.7,94.067,M,28.000,M,1.0,0000*76
$GNGST,080629.60,0.012,0.015,0.011,32.1,0.011,0.013,0.021*7C
$GNRMC,080629.60,A,2756.94932,S,02449.86097,E,3.50,0.0,120826,,,R*7C
$GNGGA,080629.80,2756.94913,S,02449.86097,E,4,18,0.7,94.067,M,28.000,M,1.0,0000*7B
$GNGST,080629.80,0.012,0.015,0.011,32.1,0.011,0.013,0.021*72
$GNRMC,080629.80,A,2756.94913,S,02449.86097,E,3.50,0.0,120826,,,R*71
$GNGGA,080630.00,2756.94893,S,02449.86097,E,4,18,0.7,94.067,M,28.000,M,1.0,0000*72
$GNGST,080630.00,0.012,0.015,0.011,32.1,0.011,0.013,0.021*72
$GNRMC,080630.00,A,2756.94893,S,02449.86097,E,3.50,0.0,120826,,,R*78
$GNGGA,080630.20,2756.94874,S,02449.86097,E,4,18,0.7,94.067,M,28.000,M,1.0,0000*79
$GNGST,080630.20,0.012,0.015,0.011,32.1,0.011,0.013,0.021*70
$GNRMC,080630.20,A,2756.94874,S,02449.86097,E,3.50,0.0,120826,,,R*73
$GNGGA,080630.40,2756.94854,S,02449.86097,E,4,18,0.7,94.067,M,28.000,M,1.0,0000*7D
$GNGST,080630.40,0.012,0.015,0.011,32.1,0.011,0.013,0.021*76
$GNRMC,080630.40,A,2756.94854,S,02449.86097,E,3.50,0.0,120826,,,R*77
$GNGGA,080630.60,2756.94835,S,02449.86097,E,4,18,0.7,94.067,M,28.000,M,1.0,0000*78
$GNGST,080630.60,0.012,0.015,0.011,32.1,0.011,0.013,0.021*74
$GNRMC,080630.60,A,2756.94835,S,02449.86097,E,3.50,0.0,120826,,,R*72
$GNGGA,080630.80,2756.94815,S,02449.86097,E,4,18,0.7,94.067,M,28.000,M,1.0,0000*74
$GNGST,080630.80,0.012,0.015,0.011,32.1,0.011,0.013,0.021*7A
$GNRMC,080630.80,A,2756.94815,S,02449.86097,E,3.50,0.0,120826,,,R*7E
$GNGGA,080631.00,2756.94796,S,02449.86097,E,4,18,0.7,94.067,M,28.000,M,1.0,0000*79
$GNGST,080631.00,0.012,0.015,0.011,32.1,0.011,0.013,0.021*73
$GNRMC,080631.00,A,2756.94796,S,02449.86097,E,3.50,0.0,120826,,,R*73
$GNGGA,080631.20,2756.94776,S,02449.86097,E,4,18,0.7,94.067,M,28.000,M,1.0,0000*75
$GNGST,080631.20,0.012,0.015,0.011,32.1,0.011,0.013,0.021*71
$GNRMC,080631.20,A,2756.94776,S,02449.86097,E,3.50,0.0,120826,,,R*7F
$GNGGA,080631.40,2756.94757,S,02449.86097,E,4,18,0.7,94.067,M,28.000,M,1.0,0000*70
$GNGST,080631.40,0.012,0.015,0.011,32.1,0.011,0.013,0.021*77
$GNRMC,080631.40,A,2756.94757,S,02449.86097,E,3.50,0.0,120826,,,R*7A
$GNGGA,080631.60,2756.94737,S,02449.86097,E,4,18,0.7,94.067,M,28.000,M,1.0,0000*74
$GNGST,080631.60,0.012,0.015,0.011,32.1,0.011,0.013,0.021*75
$GNRMC,080631.60,A,2756.94737,S,02449.86097,E,3.50,0.0,120826,,,R*7E
$GNGGA,080631.80,2756.94718,S,02449.86097,E,4,18,0.7,94.067,M,28.000,M,1.0,0000*77
$GNGST,080631.80,0.012,0.015,0.011,32.1,0.011,0.013,0.021*7B
$GNRMC,080631.80,A,2756.94718,S,02449.86097,E,3.50,0.0,120826,,,R*7D
$GNGGA,080632.00,2756.94698,S,02449.86097,E,4,18,0.7,94.067,M,28.000,M,1.0,0000*75
$GNGST,080632.00,0.012,0.015,0.011,32.1,0.011,0.013,0.021*70
$GNRMC,080632.00,A,2756.94698,S,02449.86097,E,3.50,0.0,120826,,,R*7F
$GNGGA,080632.20,2756.94679,S,02449.86097,E,4,18,0.7,94.067,M,28.000,M,1.0,0000*78
$GNGST,080632.20,0.012,0.015,0.011,32.1,0.011,0.013,0.021*72
$GNRMC,080632.20,A,2756.94679,S,02449.86097,E,3.50,0.0,120826,,,R*72
$GNGGA,080632.40,2756.94659,S,02449.86097,E,4,18,0.7,94.067,M,28.000,M,1.0,0000*7C
$GNGST,080632.40,0.012,0.015,0.011,32.1,0.011,0.013,0.021*74
$GNRMC,080632.40,A,2756.94659,S,02449.86097,E,3.50,0.0,120826,,,R*76
$GNGGA,080632.60,2756.94640,S,02449.86097,E,4,18,0.7,94.066,M,28.000,M,1.0,0000*77
$GNGST,080632.60,0.012,0.015,0.011,32.1,0.011,0.013,0.021*76
$GNRMC,080632.60,A,2756.94640,S,02449.86097,E,3.50,0.0,120826,,,R*7C
$GNGGA,080632.80,2756.94620,S,02449.86097,E,4,18,0.7,94.066,M,28.000,M,1.0,0000*7F
$GNGST,080632.80,0.012,0.015,0.011,32.1,0.011,0.013,0.021*78
$GNRMC,080632.80,A,2756.94620,S,02449.86097,E,3.50,0.0,120826,,,R*74
$GNGGA,080633.00,2756.94601,S,02449.86097,E,4,18,0.7,94.066,M,28.000,M,1.0,0000*75
$GNGST,080633.00,0.012,0.015,0.011,32.1,0.011,0.013,0.021*71
$GNRMC,080633.00,A,2756.94601,S,02449.86097,E,3.50,0.0,120826,,,R*7E
$GNGGA,080633.20,2756.94581,S,02449.86097,E,4,18,0.7,94.066,M,28.000,M,1.0,0000*7C
$GNGST,080633.20,0.012,0.015,0.011,32.1,0.011,0.013,0.021*73
$GNRMC,080633.20,A,2756.94581,S,02449.86097,E,3.50,0.0,120826,,,R*77
$GNGGA,080633.40,2756.94562,S,02449.86097,E,4,18,0.7,94.066,M,28.000,M,1.0,0000*77
$GNGST,080633.40,0.012,0.015,0.011,32.1,0.011,0.013,0.021*75
$GNRMC,080633.40,A,2756.94562,S,02449.86097,E,3.50,0.0,120826,,,R*7C
$GNGGA,080633.60,2756.94542,S,02449.86097,E,4,18,0.7,94.066,M,28.000,M,1.0,0000*77
$GNGST,080633.60,0.012,0.015,0.011,32.1,0.011,0.013,0.021*77
$GNRMC,080633.60,A,2756.94542,S,02449.86097,E,3.50,0.0,120826,,,R*7C
$GNGGA,080633.80,2756.94523,S,02449.86097,E,4,18,0.7,94.066,M,28.000,M,1.0,0000*7E
$GNGST,080633.80,0.012,0.015,0.011,32.1,0.011,0.013,0.021*79
$GNRMC,080633.80,A,2756.94523,S,02449.86097,E,3.50,0.0,120826,,,R*75
$GNGGA,080634.00,2756.94503,S,02449.86097,E,4,18,0.7,94.066,M,28.000,M,1.0,0000*73
$GNGST,080634.00,0.012,0.015,0.011,32.1,0.011,0.013,0.021*76
$GNRMC,080634.00,A,2756.94503,S,02449.86097,E,3.50,0.0,120826,,,R*78
$GNGGA,080634.20,2756.94484,S,02449.86097,E,4,18,0.7,94.066,M,28.000,M,1.0,0000*7F
$GNGST,080634.20,0.012,0.015,0.011,32.1,0.011,0.013,0.021*74
$GNRMC,080634.20,A,2756.94484,S,02449.86097,E,3.50,0.0,120826,,,R*74
$GNGGA,080634.40,2756.94464,S,02449.86097,E,4,18,0.7,94.065,M,28.000,M,1.0,0000*74
$GNGST,080634.40,0.012,0.015,0.011,32.1,0.011,0.013,0.021*72
$GNRMC,080634.40,A,2756.94464,S,02449.86097,E,3.50,0.0,120826,,,R*7C
$GNGGA,080634.60,2756.94445,S,02449.86097,E,4,18,0.7,94.065,M,28.000,M,1.0,0000*75
$GNGST,080634.60,0.012,0.015,0.011,32.1,0.011,0.013,0.021*70
$GNRMC,080634.60,A,2756.94445,S,02449.86097,E,3.50,0.0,120826,,,R*7D
$GNGGA,080634.80,2756.94425,S,02449.86097,E,4,18,0.7,94.065,M,28.000,M,1.0,0000*7D
$GNGST,080634.80,0.012,0.015,0.011,32.1,0.011,0.013,0.021*7E
$GNRMC,080634.80,A,2756.94425,S,02449.86097,E,3.50,0.0,120826,,,R*75
$GNGGA,080635.00,2756.94406,S,02449.86097,E,4,18,0.7,94.065,M,28.000,M,1.0,0000*75
$GNGST,080635.00,0.012,0.015,0.011,32.1,0.011,0.013,0.021*77
$GNRMC,080635.00,A,2756.94406,S,02449.86097,E,3.50,0.0,120826,,,R*7D
$GNGGA,080635.20,2756.94387,S,02449.86097,E,4,18,0.7,94.065,M,28.000,M,1.0,0000*79
$GNGST,080635.20,0.012,0.015,0.011,32.1,0.011,0.013,0.021*75
$GNRMC,080635.20,A,2756.94387,S,02449.86097,E,3.50,0.0,120826,,,R*71
$GNGGA,080635.40,2756.94367,S,02449.86097,E,4,18,0.7,94.065,M,28.000,M,1.0,0000*71
$GNGST,080635.40,0.012,0.015,0.011,32.1,0.011,0.013,0.021*73
$GNRMC,080635.40,A,2756.94367,S,02449.86097,E,3.50,0.0,120826,,,R*79
$GNGGA,080635.60,2756.94348,S,02449.86097,E,4,18,0.7,94.065,M,28.000,M,1.0,0000*7E
$GNGST,080635.60,0.012,0.015,0.011,32.1,0.011,0.013,0.021*71
$GNRMC,080635.60,A,2756.94348,S,02449.86097,E,3.50,0.0,120826,,,R*76
$GNGGA,080635.80,2756.94328,S,02449.86097,E,4,18,0.7,94.064,M,28.000,M,1.0,0000*77
$GNGST,080635.80,0.012,0.015,0.011,32.1,0.011,0.013,0.021*7F
$GNRMC,080635.80,A,2756.94328,S,02449.86097,E,3.50,0.0,120826,,,R*7E
$GNGGA,080636.00,2756.94309,S,02449.86097,E,4,18,0.7,94.064,M,28.000,M,1.0,0000*7F
$GNGST,080636.00,0.012,0.015,0.011,32.1,0.011,0.013,0.021*74
$GNRMC,080636.00,A,2756.94309,S,02449.86097,E,3.50,0.0,120826,,,R*76
$GNGGA,080636.20,2756.94289,S,02449.86097,E,4,18,0.7,94.064,M,28.000,M,1.0,0000*74
$GNGST,080636.20,0.012,0.015,0.011,32.1,0.011,0.013,0.021*76
$GNRMC,080636.20,A,2756.94289,S,02449.86097,E,3.50,0.0,120826,,,R*7D
$GNGGA,080636.40,2756.94270,S,02449.86097,E,4,18,0.7,94.064,M,28.000,M,1.0,0000*74
$GNGST,080636.40,0.012,0.015,0.011,32.1,0.011,0.013,0.021*70
$GNRMC,080636.40,A,2756.94270,S,02449.86097,E,3.50,0.0,120826,,,R*7D
$GNGGA,080636.60,2756.94250,S,02449.86097,E,4,18,0.7,94.064,M,28.000,M,1.0,0000*74
$GNGST,080636.60,0.012,0.015,0.011,32.1,0.011,0.013,0.021*72
$GNRMC,080636.60,A,2756.94250,S,02449.86097,E,3.50,0.0,120826,,,R*7D
$GNGGA,080636.80,2756.94231,S,02449.86097,E,4,18,0.7,94.064,M,28.000,M,1.0,0000*7D
$GNGST,080636.80,0.012,0.015,0.011,32.1,0.011,0.013,0.021*7C
$GNRMC,080636.80,A,2756.94231,S,02449.86097,E,3.50,0.0,120826,,,R*74
$GNGGA,080637.00,2756.94211,S,02449.86097,E,4,18,0.7,94.064,M,28.000,M,1.0,0000*76
$GNGST,080637.00,0.012,0.015,0.011,32.1,0.011,0.013,0.021*75
$GNRMC,080637.00,A,2756.94211,S,02449.86097,E,3.50,0.0,120826,,,R*7F
$GNGGA,080637.20,2756.94192,S,02449.86097,E,4,18,0.7,94.063,M,28.000,M,1.0,0000*7B
$GNGST,080637.20,0.012,0.015,0.011,32.1,0.011,0.013,0.021*77
$GNRMC,080637.20,A,2756.94192,S,02449.86097,E,3.50,0.0,120826,,,R*75
$GNGGA,080637.40,2756.94172,S,02449.86097,E,4,18,0.7,94.063,M,28.000,M,1.0,0000*73
$GNGST,080637.40,0.012,0.015,0.011,32.1,0.011,0.013,0.021*71
$GNRMC,080637.40,A,2756.94172,S,02449.86097,E,3.50,0.0,120826,,,R*7D
$GNGGA,080637.60,2756.94153,S,02449.86097,E,4,18,0.7,94.063,M,28.000,M,1.0,0000*72
$GNGST,080637.60,0.012,0.015,0.011,32.1,0.011,0.013,0.021*73
$GNRMC,080637.60,A,2756.94153,S,02449.86097,E,3.50,0.0,120826,,,R*7C
$GNGGA,080637.80,2756.94133,S,02449.86097,E,4,18,0.7,94.063,M,28.000,M,1.0,0000*7A
$GNGST,080637.80,0.012,0.015,0.011,32.1,0.011,0.013,0.021*7D
$GNRMC,080637.80,A,2756.94133,S,02449.86097,E,3.50,0.0,120826,,,R*74
$GNGGA,080638.00,2756.94114,S,02449.86097,E,4,18,0.7,94.063,M,28.000,M,1.0,0000*78
$GNGST,080638.00,0.012,0.015,0.011,32.1,0.011,0.013,0.021*7A
$GNRMC,080638.00,A,2756.94114,S,02449.86097,E,3.50,0.0,120826,,,R*76
$GNGGA,080638.20,2756.94094,S,02449.86097,E,4,18,0.7,94.063,M,28.000,M,1.0,0000*73
$GNGST,080638.20,0.012,0.015,0.011,32.1,0.011,0.013,0.021*78
$GNRMC,080638.20,A,2756.94094,S,02449.86097,E,3.50,0.0,120826,,,R*7D
$GNGGA,080638.40,2756.94075,S,02449.86097,E,4,18,0.7,94.062,M,28.000,M,1.0,0000*7B
$GNGST,080638.40,0.012,0.015,0.011,32.1,0.011,0.013,0.021*7E
$GNRMC,080638.40,A,2756.94075,S,02449.86097,E,3.50,0.0,120826,,,R*74
$GNGGA,080638.60,2756.94055,S,02449.86097,E,4,18,0.7,94.062,M,28.000,M,1.0,0000*7B
$GNGST,080638.60,0.012,0.015,0.011,32.1,0.011,0.013,0.021*7C
$GNRMC,080638.60,A,2756.94055,S,02449.86097,E,3.50,0.0,120826,,,R*74
$GNGGA,080638.80,2756.94036,S,02449.86097,E,4,18,0.7,94.062,M,28.000,M,1.0,0000*70
$GNGST,080638.80,0.012,0.015,0.011,32.1,0.011,0.013,0.021*72
$GNRMC,080638.80,A,2756.94036,S,02449.86097,E,3.50,0.0,120826,,,R*7F
$GNGGA,080639.00,2756.94016,S,02449.86097,E,4,18,0.7,94.062,M,28.000,M,1.0,0000*7B
$GNGST,080639.00,0.012,0.015,0.011,32.1,0.011,0.013,0.021*7B
$GNRMC,080639.00,A,2756.94016,S,02449.86097,E,3.50,0.0,120826,,,R*74
$GNGGA,080639.20,2756.93997,S,02449.86097,E,4,18,0.7,94.062,M,28.000,M,1.0,0000*7E
$GNGST,080639.20,0.012,0.015,0.011,32.1,0.011,0.013,0.021*79
$GNRMC,080639.20,A,2756.93997,S,02449.86097,E,3.50,0.0,120826,,,R*71
$GNGGA,080639.40,2756.93977,S,02449.86097,E,4,18,0.7,94.061,M,28.000,M,1.0,0000*75
$GNGST,080639.40,0.012,0.015,0.011,32.1,0.011,0.013,0.021*7F
$GNRMC,080639.40,A,2756.93977,S,02449.86097,E,3.50,0.0,120826,,,R*79
$GNGGA,080639.60,2756.93958,S,02449.86097,E,4,18,0.7,94.061,M,28.000,M,1.0,0000*7A
$GNGST,080639.60,0.012,0.015,0.011,32.1,0.011,0.013,0.021*7D
$GNRMC,080639.60,A,2756.93958,S,02449.86097,E,3.50,0.0,120826,,,R*76
$GNGGA,080639.80,2756.93938,S,02449.86097,E,4,18,0.7,94.061,M,28.000,M,1.0,0000*72
$GNGST,080639.80,0.012,0.015,0.011,32.1,0.011,0.013,0.021*73
$GNRMC,080639.80,A,2756.93938,S,02449.86097,E,3.50,0.0,120826,,,R*7E
$GNGGA,080640.00,2756.93919,S,02449.86097,E,4,18,0.7,94.061,M,28.000,M,1.0,0000*77
$GNGST,080640.00,0.012,0.015,0.011,32.1,0.011,0.013,0.021*75
$GNRMC,080640.00,A,2756.93919,S,02449.86097,E,3.50,0.0,120826,,,R*7B
$GNGGA,080640.20,2756.93899,S,02449.86097,E,4,18,0.7,94.061,M,28.000,M,1.0,0000*7C
$GNGST,080640.20,0.012,0.015,0.011,32.1,0.011,0.013,0.021*77
$GNRMC,080640.20,A,2756.93899,S,02449.86097,E,3.50,0.0,120826,,,R*70
$GNGGA,080640.40,2756.93880,S,02449.86097,E,4,18,0.7,94.061,M,28.000,M,1.0,0000*72
$GNGST,080640.40,0.012,0.015,0.011,32.1,0.011,0.013,0.021*71
$GNRMC,080640.40,A,2756.93880,S,02449.86097,E,3.50,0.0,120826,,,R*7E
$GNGGA,080640.60,2756.93860,S,02449.86097,E,4,18,0.7,94.060,M,28.000,M,1.0,0000*7F
$GNGST,080640.60,0.012,0.015,0.011,32.1,0.011,0.013,0.021*73
$GNRMC,080640.60,A,2756.93860,S,02449.86097,E,3.50,0.0,120826,,,R*72
$GNGGA,080640.80,2756.93841,S,02449.86097,E,4,18,0.7,94.060,M,28.000,M,1.0,0000*72
$GNGST,080640.80,0.012,0.015,0.011,32.1,0.011,0.013,0.021*7D
$GNRMC,080640.80,A,2756.93841,S,02449.86097,E,3.50,0.0,120826,,,R*7F
$GNGGA,080641.00,2756.93821,S,02449.86097,E,4,18,0.7,94.060,M,28.000,M,1.0,0000*7D
$GNGST,080641.00,0.012,0.015,0.011,32.1,0.011,0.013,0.021*74
$GNRMC,080641.00,A,2756.93821,S,02449.86097,E,3.50,0.0,120826,,,R*70
$GNGGA,080641.20,2756.93802,S,02449.86097,E,4,18,0.7,94.060,M,28.000,M,1.0,0000*7E
$GNGST,080641.20,0.012,0.015,0.011,32.1,0.011,0.013,0.021*76
$GNRMC,080641.20,A,2756.93802,S,02449.86097,E,3.50,0.0,120826,,,R*73
$GNGGA,080641.40,2756.93782,S,02449.86097,E,4,18,0.7,94.060,M,28.000,M,1.0,0000*7F
$GNGST,080641.40,0.012,0.015,0.011,32.1,0.011,0.013,0.021*70
$GNRMC,080641.40,A,2756.93782,S,02449.86097,E,3.50,0.0,120826,,,R*72
$GNGGA,080641.60,2756.93763,S,02449.86097,E,4,18,0.7,94.060,M,28.000,M,1.0,0000*72
$GNGST,080641.60,0.012,0.015,0.011,32.1,0.011,0.013,0.021*72
$GNRMC,080641.60,A,2756.93763,S,02449.86097,E,3.50,0.0,120826,,,R*7F
$GNGGA,080641.80,2756.93743,S,02449.86097,E,4,18,0.7,94.059,M,28.000,M,1.0,0000*74
$GNGST,080641.80,0.012,0.015,0.011,32.1,0.011,0.013,0.021*7C
$GNRMC,080641.80,A,2756.93743,S,02449.86097,E,3.50,0.0,120826,,,R*73
$GNGGA,080642.00,2756.93724,S,02449.86097,E,4,18,0.7,94.059,M,28.000,M,1.0,0000*7E
$GNGST,080642.00,0.012,0.015,0.011,32.1,0.011,0.013,0.021*77
$GNRMC,080642.00,A,2756.93724,S,02449.86097,E,3.50,0.0,120826,,,R*79
$GNGGA,080642.20,2756.93704,S,02449.86097,E,4,18,0.7,94.059,M,28.000,M,1.0,0000*7E
$GNGST,080642.20,0.012,0.015,0.011,32.1,0.011,0.013,0.021*75
$GNRMC,080642.20,A,2756.93704,S,02449.86097,E,3.50,0.0,120826,,,R*79
$GNGGA,080642.40,2756.93685,S,02449.86097,E,4,18,0.7,94.059,M,28.000,M,1.0,0000*70
$GNGST,080642.40,0.012,0.015,0.011,32.1,0.011,0.013,0.021*73
$GNRMC,080642.40,A,2756.93685,S,02449.86097,E,3.50,0.0,120826,,,R*77
$GNGGA,080642.60,2756.93665,S,02449.86097,E,4,18,0.7,94.059,M,28.000,M,1.0,0000*7C
$GNGST,080642.60,0.012,0.015,0.011,32.1,0.011,0.013,0.021*71
$GNRMC,080642.60,A,2756.93665,S,02449.86097,E,3.50,0.0,120826,,,R*7B
$GNGGA,080642.80,2756.93646,S,02449.86097,E,4,18,0.7,94.059,M,28.000,M,1.0,0000*73
$GNGST,080642.80,0.012,0.015,0.011,32.1,0.011,0.013,0.021*7F
$GNRMC,080642.80,A,2756.93646,S,02449.86097,E,3.50,0.0,120826,,,R*74
$GNGGA,080643.00,2756.93626,S,02449.86097,E,4,18,0.7,94.058,M,28.000,M,1.0,0000*7D
$GNGST,080643.00,0.012,0.015,0.011,32.1,0.011,0.013,0.021*76
$GNRMC,080643.00,A,2756.93626,S,02449.86097,E,3.50,0.0,120826,,,R*7B
$GNGGA,080643.20,2756.93607,S,02449.86097,E,4,18,0.7,94.058,M,28.000,M,1.0,0000*7C
$GNGST,080643.20,0.012,0.015,0.011,32.1,0.011,0.013,0.021*74
$GNRMC,080643.20,A,2756.93607,S,02449.86097,E,3.50,0.0,120826,,,R*7A
$GNGGA,080643.40,2756.93587,S,02449.86097,E,4,18,0.7,94.058,M,28.000,M,1.0,0000*71
$GNGST,080643.40,0.012,0.015,0.011,32.1,0.011,0.013,0.021*72
$GNRMC,080643.40,A,2756.93587,S,02449.86097,E,3.50,0.0,120826,,,R*77
$GNGGA,080643.60,2756.93568,S,02449.86097,E,4,18,0.7,94.058,M,28.000,M,1.0,0000*72
$GNGST,080643.60,0.012,0.015,0.011,32.1,0.011,0.013,0.021*70
$GNRMC,080643.60,A,2756.93568,S,02449.86097,E,3.50,0.0,120826,,,R*74
$GNGGA,080643.80,2756.93548,S,02449.86097,E,4,18,0.7,94.058,M,28.000,M,1.0,0000*7E
$GNGST,080643.80,0.012,0.015,0.011,32.1,0.011,0.013,0.021*7E
$GNRMC,080643.80,A,2756.93548,S,02449.86097,E,3.50,0.0,120826,,,R*78
$GNGGA,080644.00,2756.93529,S,02449.86097,E,4,18,0.7,94.058,M,28.000,M,1.0,0000*76
$GNGST,080644.00,0.012,0.015,0.011,32.1,0.011,0.013,0.021*71
$GNRMC,080644.00,A,2756.93529,S,02449.86097,E,3.50,0.0,120826,,,R*70
$GNGGA,080644.20,2756.93509,S,02449.86097,E,4,18,0.7,94.057,M,28.000,M,1.0,0000*79
$GNGST,080644.20,0.012,0.015,0.011,32.1,0.011,0.013,0.021*73
$GNRMC,080644.20,A,2756.93509,S,02449.86097,E,3.50,0.0,120826,,,R*70
$GNGGA,080644.40,2756.93490,S,02449.86097,E,4,18,0.7,94.057,M,28.000,M,1.0,0000*7E
$GNGST,080644.40,0.012,0.015,0.011,32.1,0.011,0.013,0.021*75
$GNRMC,080644.40,A,2756.93490,S,02449.86097,E,3.50,0.0,120826,,,R*77
$GNGGA,080644.60,2756.93470,S,02449.86097,E,4,18,0.7,94.057,M,28.000,M,1.0,0000*72
$GNGST,080644.60,0.012,0.015,0.011,32.1,0.011,0.013,0.021*77
$GNRMC,080644.60,A,2756.93470,S,02449.86097,E,3.50,0.0,120826,,,R*7B
$GNGGA,080644.80,2756.93451,S,02449.86097,E,4,18,0.7,94.057,M,28.000,M,1.0,0000*7F
$GNGST,080644.80,0.012,0.015,0.011,32.1,0.011,0.013,0.021*79
$GNRMC,080644.80,A,2756.93451,S,02449.86097,E,3.50,0.0,120826,,,R*76
$GNGGA,080645.00,2756.93431,S,02449.86097,E,4,18,0.7,94.057,M,28.000,M,1.0,0000*70
$GNGST,080645.00,0.012,0.015,0.011,32.1,0.011,0.013,0.021*70
$GNRMC,080645.00,A,2756.93431,S,02449.86097,E,3.50,0.0,120826,,,R*79
$GNGGA,080645.20,2756.93412,S,02449.86097,E,4,18,0.7,94.057,M,28.000,M,1.0,0000*73
$GNGST,080645.20,0.012,0.015,0.011,32.1,0.011,0.013,0.021*72
$GNRMC,080645.20,A,2756.93412,S,02449.86097,E,3.50,0.0,120826,,,R*7A
$GNGGA,080645.40,2756.93392,S,02449.86097,E,4,18,0.7,94.057,M,28.000,M,1.0,0000*7A
$GNGST,080645.40,0.012,0.015,0.011,32.1,0.011,0.013,0.021*74
$GNRMC,080645.40,A,2756.93392,S,02449.86097,E,3.50,0.0,120826,,,R*73
$GNGGA,080645.60,2756.93373,S,02449.86097,E,4,18,0.7,94.057,M,28.000,M,1.0,0000*77
$GNGST,080645.60,0.012,0.015,0.011,32.1,0.011,0.013,0.021*76
$GNRMC,080645.60,A,2756.93373,S,02449.86097,E,3.50,0.0,120826,,,R*7E
$GNGGA,080645.80,2756.93353,S,02449.86097,E,4,18,0.7,94.056,M,28.000,M,1.0,0000*7A
$GNGST,080645.80,0.012,0.015,0.011,32.1,0.011,0.013,0.021*78
$GNRMC,080645.80,A,2756.93353,S,02449.86097,E,3.50,0.0,120826,,,R*72
$GNGGA,080646.00,2756.93334,S,02449.86097,E,4,18,0.7,94.056,M,28.000,M,1.0,0000*70
$GNGST,080646.00,0.012,0.015,0.011,32.1,0.011,0.013,0.021*73
$GNRMC,080646.00,A,2756.93334,S,02449.86097,E,3.50,0.0,120826,,,R*78
$GNGGA,080646.20,2756.93314,S,02449.86097,E,4,18,0.7,94.056,M,28.000,M,1.0,0000*70
$GNGST,080646.20,0.012,0.015,0.011,32.1,0.011,0.013,0.021*71
$GNRMC,080646.20,A,2756.93314,S,02449.86097,E,3.50,0.0,120826,,,R*78
$GNGGA,080646.40,2756.93295,S,02449.86097,E,4,18,0.7,94.056,M,28.000,M,1.0,0000*7E
$GNGST,080646.40,0.012,0.015,0.011,32.1,0.011,0.013,0.021*77
$GNRMC,080646.40,A,2756.93295,S,02449.86097,E,3.50,0.0,120826,,,R*76
$GNGGA,080646.60,2756.93275,S,02449.86097,E,4,18,0.7,94.056,M,28.000,M,1.0,0000*72
$GNGST,080646.60,0.012,0.015,0.011,32.1,0.011,0.013,0.021*75
$GNRMC,080646.60,A,2756.93275,S,02449.86097,E,3.50,0.0,120826,,,R*7A
$GNGGA,080646.80,2756.93256,S,02449.86097,E,4,18,0.7,94.056,M,28.000,M,1.0,0000*7D
$GNGST,080646.80,0.012,0.015,0.011,32.1,0.011,0.013,0.021*7B
$GNRMC,080646.80,A,2756.93256,S,02449.86097,E,3.50,0.0,120826,,,R*75
$GNGGA,080647.00,2756.93237,S,02449.86097,E,4,18,0.7,94.056,M,28.000,M,1.0,0000*73
$GNGST,080647.00,0.012,0.015,0.011,32.1,0.011,0.013,0.021*72
$GNRMC,080647.00,A,2756.93237,S,02449.86097,E,3.50,0.0,120826,,,R*7B
$GNGGA,080647.20,2756.93217,S,02449.86097,E,4,18,0.7,94.056,M,28.000,M,1.0,0000*73
$GNGST,080647.20,0.012,0.015,0.011,32.1,0.011,0.013,0.021*70
$GNRMC,080647.20,A,2756.93217,S,02449.86097,E,3.50,0.0,120826,,,R*7B
$GNGGA,080647.40,2756.93198,S,02449.86097,E,4,18,0.7,94.056,M,28.000,M,1.0,0000*71
$GNGST,080647.40,0.012,0.015,0.011,32.1,0.011,0.013,0.021*76
$GNRMC,080647.40,A,2756.93198,S,02449.86097,E,3.50,0.0,120826,,,R*79
$GNGGA,080647.60,2756.93178,S,02449.86097,E,4,18,0.7,94.056,M,28.000,M,1.0,0000*7D
$GNGST,080647.60,0.012,0.015,0.011,32.1,0.011,0.013,0.021*74
$GNRMC,080647.60,A,2756.93178,S,02449.86097,E,3.50,0.0,120826,,,R*75
$GNGGA,080647.80,2756.93159,S,02449.86097,E,4,18,0.7,94.055,M,28.000,M,1.0,0000*73
$GNGST,080647.80,0.012,0.015,0.011,32.1,0.011,0.013,0.021*7A
$GNRMC,080647.80,A,2756.93159,S,02449.86097,E,3.50,0.0,120826,,,R*78
$GNGGA,080648.00,2756.93139,S,02449.86097,E,4,18,0.7,94.055,M,28.000,M,1.0,0000*72
$GNGST,080648.00,0.012,0.015,0.011,32.1,0.011,0.013,0.021*7D
$GNRMC,080648.00,A,2756.93139,S,02449.86097,E,3.50,0.0,120826,,,R*79
$GNGGA,080648.20,2756.93120,S,02449.86097,E,4,18,0.7,94.055,M,28.000,M,1.0,0000*78
$GNGST,080648.20,0.012,0.015,0.011,32.1,0.011,0.013,0.021*7F
$GNRMC,080648.20,A,2756.93120,S,02449.86097,E,3.50,0.0,120826,,,R*73
$GNGGA,080648.40,2756.93100,S,02449.86097,E,4,18,0.7,94.055,M,28.000,M,1.0,0000*7C
$GNGST,080648.40,0.012,0.015,0.011,32.1,0.011,0.013,0.021*79
$GNRMC,080648.40,A,2756.93100,S,02449.86097,E,3.50,0.0,120826,,,R*77
$GNGGA,080648.60,2756.93081,S,02449.86097,E,4,18,0.7,94.055,M,28.000,M,1.0,0000*76
$GNGST,080648.60,0.012,0.015,0.011,32.1,0.011,0.013,0.021*7B
$GNRMC,080648.60,A,2756.93081,S,02449.86097,E,3.50,0.0,120826,,,R*7D
$GNGGA,080648.80,2756.93061,S,02449.86097,E,4,18,0.7,94.055,M,28.000,M,1.0,0000*76
$GNGST,080648.80,0.012,0.015,0.011,32.1,0.011,0.013,0.021*75
$GNRMC,080648.80,A,2756.93061,S,02449.86097,E,3.50,0.0,120826,,,R*7D
$GNGGA,080649.00,2756.93042,S,02449.86097,E,4,18,0.7,94.055,M,28.000,M,1.0,0000*7E
$GNGST,080649.00,0.012,0.015,0.011,32.1,0.011,0.013,0.021*7C
$GNRMC,080649.00,A,2756.93042,S,02449.86097,E,3.50,0.0,120826,,,R*75
$GNGGA,080649.20,2756.93022,S,02449.86097,E,4,18,0.7,94.055,M,28.000,M,1.0,0000*7A
$GNGST,080649.20,0.012,0.015,0.011,32.1,0.011,0.013,0.021*7E
$GNRMC,080649.20,A,2756.93022,S,02449.86097,E,3.50,0.0,120826,,,R*71
$GNGGA,080649.40,2756.93003,S,02449.86097,E,4,18,0.7,94.055,M,28.000,M,1.0,0000*7F
$GNGST,080649.40,0.012,0.015,0.011,32.1,0.011,0.013,0.021*78
$GNRMC,080649.40,A,2756.93003,S,02449.86097,E,3.50,0.0,120826,,,R*74
$GNGGA,080649.60,2756.92983,S,02449.86097,E,4,18,0.7,94.055,M,28.000,M,1.0,0000*7D
$GNGST,080649.60,0.012,0.015,0.011,32.1,0.011,0.013,0.021*7A
$GNRMC,080649.60,A,2756.92983,S,02449.86097,E,3.50,0.0,120826,,,R*76
$GNGGA,080649.80,2756.92964,S,02449.86097,E,4,18,0.7,94.055,M,28.000,M,1.0,0000*7A
$GNGST,080649.80,0.012,0.015,0.011,32.1,0.011,0.013,0.021*74
$GNRMC,080649.80,A,2756.92964,S,02449.86097,E,3.50,0.0,120826,,,R*71
$GNGGA,080650.00,2756.92944,S,02449.86097,E,4,18,0.7,94.055,M,28.000,M,1.0,0000*78
$GNGST,080650.00,0.012,0.015,0.011,32.1,0.011,0.013,0.021*74
$GNRMC,080650.00,A,2756.92944,S,02449.86097,E,3.50,0.0,120826,,,R*73
$GNGGA,080650.20,2756.92925,S,02449.86097,E,4,18,0.7,94.055,M,28.000,M,1.0,0000*7D
$GNGST,080650.20,0.012,0.015,0.011,32.1,0.011,0.013,0.021*76
$GNRMC,080650.20,A,2756.92925,S,02449.86097,E,3.50,0.0,120826,,,R*76
$GNGGA,080650.40,2756.92905,S,02449.86097,E,4,18,0.7,94.055,M,28.000,M,1.0,0000*79
$GNGST,080650.40,0.012,0.015,0.011,32.1,0.011,0.013,0.021*70
$GNRMC,080650.40,A,2756.92905,S,02449.86097,E,3.50,0.0,120826,,,R*72
$GNGGA,080650.60,2756.92886,S,02449.86097,E,4,18,0.7,94.055,M,28.000,M,1.0,0000*71
$GNGST,080650.60,0.012,0.015,0.011,32.1,0.011,0.013,0.021*72
$GNRMC,080650.60,A,2756.92886,S,02449.86097,E,3.50,0.0,120826,,,R*7A
$GNGGA,080650.80,2756.92866,S,02449.86097,E,4,18,0.7,94.055,M,28.000,M,1.0,0000*71
$GNGST,080650.80,0.012,0.015,0.011,32.1,0.011,0.013,0.021*7C
$GNRMC,080650.80,A,2756.92866,S,02449.86097,E,3.50,0.0,120826,,,R*7A
$GNGGA,080651.00,2756.92847,S,02449.86097,E,4,18,0.7,94.055,M,28.000,M,1.0,0000*7B
$GNGST,080651.00,0.012,0.015,0.011,32.1,0.011,0.013,0.021*75
$GNRMC,080651.00,A,2756.92847,S,02449.86097,E,3.50,0.0,120826,,,R*70
$GNGGA,080651.20,2756.92827,S,02449.86097,E,4,18,0.7,94.055,M,28.000,M,1.0,0000*7F
$GNGST,080651.20,0.012,0.015,0.011,32.1,0.011,0.013,0.021*77
$GNRMC,080651.20,A,2756.92827,S,02449.86097,E,3.50,0.0,120826,,,R*74
$GNGGA,080651.40,2756.92808,S,02449.86097,E,4,18,0.7,94.055,M,28.000,M,1.0,0000*74
$GNGST,080651.40,0.012,0.015,0.011,32.1,0.011,0.013,0.021*71
$GNRMC,080651.40,A,2756.92808,S,02449.86097,E,3.50,0.0,120826,,,R*7F
$GNGGA,080651.60,2756.92788,S,02449.86097,E,4,18,0.7,94.055,M,28.000,M,1.0,0000*71
$GNGST,080651.60,0.012,0.015,0.011,32.1,0.011,0.013,0.021*73
$GNRMC,080651.60,A,2756.92788,S,02449.86097,E,3.50,0.0,120826,,,R*7A
$GNGGA,080651.80,2756.92769,S,02449.86097,E,4,18,0.7,94.055,M,28.000,M,1.0,0000*70
$GNGST,080651.80,0.012,0.015,0.011,32.1,0.011,0.013,0.021*7D
$GNRMC,080651.80,A,2756.92769,S,02449.86097,E,3.50,0.0,120826,,,R*7B
$GNGGA,080652.00,2756.92749,S,02449.86097,E,4,18,0.7,94.055,M,28.000,M,1.0,0000*79
$GNGST,080652.00,0.012,0.015,0.011,32.1,0.011,0.013,0.021*76
$GNRMC,080652.00,A,2756.92749,S,02449.86097,E,3.50,0.0,120826,,,R*72
$GNGGA,080652.20,2756.92730,S,02449.86097,E,4,18,0.7,94.055,M,28.000,M,1.0,0000*75
$GNGST,080652.20,0.012,0.015,0.011,32.1,0.011,0.013,0.021*74
$GNRMC,080652.20,A,2756.92730,S,02449.86097,E,3.50,0.0,120826,,,R*7E
$GNGGA,080652.40,2756.92710,S,02449.86097,E,4,18,0.7,94.055,M,28.000,M,1.0,0000*71
$GNGST,080652.40,0.012,0.015,0.011,32.1,0.011,0.013,0.021*72
$GNRMC,080652.40,A,2756.92710,S,02449.86097,E,3.50,0.0,120826,,,R*7A
$GNGGA,080652.60,2756.92691,S,02449.86097,E,4,18,0.7,94.055,M,28.000,M,1.0,0000*7B
$GNGST,080652.60,0.012,0.015,0.011,32.1,0.011,0.013,0.021*70
$GNRMC,080652.60,A,2756.92691,S,02449.86097,E,3.50,0.0,120826,,,R*70
$GNGGA,080652.80,2756.92671,S,02449.86097,E,4,18,0.7,94.055,M,28.000,M,1.0,0000*7B
$GNGST,080652.80,0.012,0.015,0.011,32.1,0.011,0.013,0.021*7E
$GNRMC,080652.80,A,2756.92671,S,02449.86097,E,3.50,0.0,120826,,,R*70
$GNGGA,080653.00,2756.92652,S,02449.86097,E,4,18,0.7,94.056,M,28.000,M,1.0,0000*70
$GNGST,080653.00,0.012,0.015,0.011,32.1,0.011,0.013,0.021*77
$GNRMC,080653.00,A,2756.92652,S,02449.86097,E,3.50,0.0,120826,,,R*78
$GNGGA,080653.20,2756.92632,S,02449.86097,E,4,18,0.7,94.056,M,28.000,M,1.0,0000*74
$GNGST,080653.20,0.012,0.015,0.011,32.1,0.011,0.013,0.021*75
$GNRMC,080653.20,A,2756.92632,S,02449.86097,E,3.50,0.0,120826,,,R*7C
$GNGGA,080653.40,2756.92613,S,02449.86097,E,4,18,0.7,94.056,M,28.000,M,1.0,0000*71
$GNGST,080653.40,0.012,0.015,0.011,32.1,0.011,0.013,0.021*73
$GNRMC,080653.40,A,2756.92613,S,02449.86097,E,3.50,0.0,120826,,,R*79
$GNGGA,080653.60,2756.92593,S,02449.86097,E,4,18,0.7,94.056,M,28.000,M,1.0,0000*78
$GNGST,080653.60,0.012,0.015,0.011,32.1,0.011,0.013,0.021*71
$GNRMC,080653.60,A,2756.92593,S,02449.86097,E,3.50,0.0,120826,,,R*70
$GNGGA,080653.80,2756.92574,S,02449.86097,E,4,18,0.7,94.056,M,28.000,M,1.0,0000*7F
$GNGST,080653.80,0.012,0.015,0.011,32.1,0.011,0.013,0.021*7F
$GNRMC,080653.80,A,2756.92574,S,02449.86097,E,3.50,0.0,120826,,,R*77
$GNGGA,080654.00,2756.92554,S,02449.86097,E,4,18,0.7,94.056,M,28.000,M,1.0,0000*72
$GNGST,080654.00,0.012,0.015,0.011,32.1,0.011,0.013,0.021*70
$GNRMC,080654.00,A,2756.92554,S,02449.86097,E,3.50,0.0,120826,,,R*7A
$GNGGA,080654.20,2756.92535,S,02449.86097,E,4,18,0.7,94.056,M,28.000,M,1.0,0000*77
$GNGST,080654.20,0.012,0.015,0.011,32.1,0.011,0.013,0.021*72
$GNRMC,080654.20,A,2756.92535,S,02449.86097,E,3.50,0.0,120826,,,R*7F
$GNGGA,080654.40,2756.92515,S,02449.86097,E,4,18,0.7,94.056,M,28.000,M,1.0,0000*73
$GNGST,080654.40,0.012,0.015,0.011,32.1,0.011,0.013,0.021*74
$GNRMC,080654.40,A,2756.92515,S,02449.86097,E,3.50,0.0,120826,,,R*7B
$GNGGA,080654.60,2756.92496,S,02449.86097,E,4,18,0.7,94.057,M,28.000,M,1.0,0000*7A
$GNGST,080654.60,0.012,0.015,0.011,32.1,0.011,0.013,0.021*76
$GNRMC,080654.60,A,2756.92496,S,02449.86097,E,3.50,0.0,120826,,,R*73
$GNGGA,080654.80,2756.92476,S,02449.86097,E,4,18,0.7,94.057,M,28.000,M,1.0,0000*7A
$GNGST,080654.80,0.012,0.015,0.011,32.1,0.011,0.013,0.021*78
$GNRMC,080654.80,A,2756.92476,S,02449.86097,E,3.50,0.0,120826,,,R*73
$GNGGA,080655.00,2756.92457,S,02449.86097,E,4,18,0.7,94.057,M,28.000,M,1.0,0000*70
$GNGST,080655.00,0.012,0.015,0.011,32.1,0.011,0.013,0.021*71
$GNRMC,080655.00,A,2756.92457,S,02449.86097,E,3.50,0.0,120826,,,R*79
$GNGGA,080655.20,2756.92437,S,02449.86097,E,4,18,0.7,94.057,M,28.000,M,1.0,0000*74
$GNGST,080655.20,0.012,0.015,0.011,32.1,0.011,0.013,0.021*73
$GNRMC,080655.20,A,2756.92437,S,02449.86097,E,3.50,0.0,120826,,,R*7D
$GNGGA,080655.40,2756.92418,S,02449.86097,E,4,18,0.7,94.057,M,28.000,M,1.0,0000*7F
$GNGST,080655.40,0.012,0.015,0.011,32.1,0.011,0.013,0.021*75
$GNRMC,080655.40,A,2756.92418,S,02449.86097,E,3.50,0.0,120826,,,R*76
$GNGGA,080655.60,2756.92398,S,02449.86097,E,4,18,0.7,94.057,M,28.000,M,1.0,0000*72
$GNGST,080655.60,0.012,0.015,0.011,32.1,0.011,0.013,0.021*77
$GNRMC,080655.60,A,2756.92398,S,02449.86097,E,3.50,0.0,120826,,,R*7B
$GNGGA,080655.80,2756.92379,S,02449.86097,E,4,18,0.7,94.058,M,28.000,M,1.0,0000*7C
$GNGST,080655.80,0.012,0.015,0.011,32.1,0.011,0.013,0.021*79
$GNRMC,080655.80,A,2756.92379,S,02449.86097,E,3.50,0.0,120826,,,R*7A
$GNGGA,080656.00,2756.92359,S,02449.86097,E,4,18,0.7,94.058,M,28.000,M,1.0,0000*75
$GNGST,080656.00,0.012,0.015,0.011,32.1,0.011,0.013,0.021*72
$GNRMC,080656.00,A,2756.92359,S,02449.86097,E,3.50,0.0,120826,,,R*73
$GNGGA,080656.20,2756.92340,S,02449.86097,E,4,18,0.7,94.058,M,28.000,M,1.0,0000*7F
$GNGST,080656.20,0.012,0.015,0.011,32.1,0.011,0.013,0.021*70
$GNRMC,080656.20,A,2756.92340,S,02449.86097,E,3.50,0.0,120826,,,R*79
$GNGGA,080656.40,2756.92320,S,02449.86097,E,4,18,0.7,94.058,M,28.000,M,1.0,0000*7F
$GNGST,080656.40,0.012,0.015,0.011,32.1,0.011,0.013,0.021*76
$GNRMC,080656.40,A,2756.92320,S,02449.86097,E,3.50,0.0,120826,,,R*79
$GNGGA,080656.60,2756.92301,S,02449.86097,E,4,18,0.7,94.059,M,28.000,M,1.0,0000*7F
$GNGST,080656.60,0.012,0.015,0.011,32.1,0.011,0.013,0.021*74
$GNRMC,080656.60,A,2756.92301,S,02449.86097,E,3.50,0.0,120826,,,R*78
$GNGGA,080656.80,2756.92281,S,02449.86097,E,4,18,0.7,94.059,M,28.000,M,1.0,0000*78
$GNGST,080656.80,0.012,0.015,0.011,32.1,0.011,0.013,0.021*7A
$GNRMC,080656.80,A,2756.92281,S,02449.86097,E,3.50,0.0,120826,,,R*7F
$GNGGA,080657.00,2756.92262,S,02449.86097,E,4,18,0.7,94.059,M,28.000,M,1.0,0000*7C
$GNGST,080657.00,0.012,0.015,0.011,32.1,0.011,0.013,0.021*73
$GNRMC,080657.00,A,2756.92262,S,02449.86097,E,3.50,0.0,120826,,,R*7B
$GNGGA,080657.20,2756.92242,S,02449.86097,E,4,18,0.7,94.059,M,28.000,M,1.0,0000*7C
$GNGST,080657.20,0.012,0.015,0.011,32.1,0.011,0.013,0.021*71
$GNRMC,080657.20,A,2756.92242,S,02449.86097,E,3.50,0.0,120826,,,R*7B
$GNGGA,080657.40,2756.92223,S,02449.86097,E,4,18,0.7,94.060,M,28.000,M,1.0,0000*77
$GNGST,080657.40,0.012,0.015,0.011,32.1,0.011,0.013,0.021*77
$GNRMC,080657.40,A,2756.92223,S,02449.86097,E,3.50,0.0,120826,,,R*7A
$GNGGA,080657.60,2756.92203,S,02449.86097,E,4,18,0.7,94.060,M,28.000,M,1.0,0000*77
$GNGST,080657.60,0.012,0.015,0.011,32.1,0.011,0.013,0.021*75
$GNRMC,080657.60,A,2756.92203,S,02449.86097,E,3.50,0.0,120826,,,R*7A
$GNGGA,080657.80,2756.92184,S,02449.86097,E,4,18,0.7,94.060,M,28.000,M,1.0,0000*75
$GNGST,080657.80,0.012,0.015,0.011,32.1,0.011,0.013,0.021*7B
$GNRMC,080657.80,A,2756.92184,S,02449.86097,E,3.50,0.0,120826,,,R*78
$GNGGA,080658.00,2756.92164,S,02449.86097,E,4,18,0.7,94.061,M,28.000,M,1.0,0000*7D
$GNGST,080658.00,0.012,0.015,0.011,32.1,0.011,0.013,0.021*7C
$GNRMC,080658.00,A,2756.92164,S,02449.86097,E,3.50,0.0,120826,,,R*71
$GNGGA,080658.20,2756.92145,S,02449.86097,E,4,18,0.7,94.061,M,28.000,M,1.0,0000*7C
$GNGST,080658.20,0.012,0.015,0.011,32.1,0.011,0.013,0.021*7E
$GNRMC,080658.20,A,2756.92145,S,02449.86097,E,3.50,0.0,120826,,,R*70
$GNGGA,080658.40,2756.92126,S,02449.86097,E,4,18,0.7,94.061,M,28.000,M,1.0,0000*7F
$GNGST,080658.40,0.012,0.015,0.011,32.1,0.011,0.013,0.021*78
$GNRMC,080658.40,A,2756.92126,S,02449.86097,E,3.50,0.0,120826,,,R*73
$GNGGA,080658.60,2756.92106,S,02449.86097,E,4,18,0.7,94.062,M,28.000,M,1.0,0000*7C
$GNGST,080658.60,0.012,0.015,0.011,32.1,0.011,0.013,0.021*7A
$GNRMC,080658.60,A,2756.92106,S,02449.86097,E,3.50,0.0,120826,,,R*73
$GNGGA,080658.80,2756.92087,S,02449.86097,E,4,18,0.7,94.062,M,28.000,M,1.0,0000*7A
$GNGST,080658.80,0.012,0.015,0.011,32.1,0.011,0.013,0.021*74
$GNRMC,080658.80,A,2756.92087,S,02449.86097,E,3.50,0.0,120826,,,R*75
$GNGGA,080659.00,2756.92067,S,02449.86097,E,4,18,0.7,94.062,M,28.000,M,1.0,0000*7D
$GNGST,080659.00,0.012,0.015,0.011,32.1,0.011,0.013,0.021*7D
$GNRMC,080659.00,A,2756.92067,S,02449.86097,E,3.50,0.0,120826,,,R*72
$GNGGA,080659.20,2756.92048,S,02449.86097,E,4,18,0.7,94.063,M,28.000,M,1.0,0000*73
$GNGST,080659.20,0.012,0.015,0.011,32.1,0.011,0.013,0.021*7F
$GNRMC,080659.20,A,2756.92048,S,02449.86097,E,3.50,0.0,120826,,,R*7D
$GNGGA,080659.40,2756.92028,S,02449.86097,E,4,18,0.7,94.063,M,28.000,M,1.0,0000*73
$GNGST,080659.40,0.012,0.015,0.011,32.1,0.011,0.013,0.021*79
$GNRMC,080659.40,A,2756.92028,S,02449.86097,E,3.50,0.0,120826,,,R*7D
$GNGGA,080659.60,2756.92009,S,02449.86097,E,4,18,0.7,94.063,M,28.000,M,1.0,0000*72
$GNGST,080659.60,0.012,0.015,0.011,32.1,0.011,0.013,0.021*7B
$GNRMC,080659.60,A,2756.92009,S,02449.86097,E,3.50,0.0,120826,,,R*7C
$GNGGA,080659.80,2756.91989,S,02449.86097,E,4,18,0.7,94.064,M,28.000,M,1.0,0000*79
$GNGST,080659.80,0.012,0.015,0.011,32.1,0.011,0.013,0.021*75
$GNRMC,080659.80,A,2756.91989,S,02449.86097,E,3.50,0.0,120826,,,R*70
$GNGGA,080700.00,2756.91970,S,02449.86097,E,4,18,0.7,94.064,M,28.000,M,1.0,0000*7A
$GNGST,080700.00,0.012,0.015,0.011,32.1,0.011,0.013,0.021*70
$GNRMC,080700.00,A,2756.91970,S,02449.86097,E,3.50,0.0,120826,,,R*73
$GNGGA,080700.20,2756.91950,S,02449.86097,E,4,18,0.7,94.065,M,28.000,M,1.0,0000*7B
$GNGST,080700.20,0.012,0.015,0.011,32.1,0.011,0.013,0.021*72
$GNRMC,080700.20,A,2756.91950,S,02449.86097,E,3.50,0.0,120826,,,R*73
$GNGGA,080700.40,2756.91931,S,02449.86097,E,4,18,0.7,94.065,M,28.000,M,1.0,0000*7A
$GNGST,080700.40,0.012,0.015,0.011,32.1,0.011,0.013,0.021*74
$GNRMC,080700.40,A,2756.91931,S,02449.86097,E,3.50,0.0,120826,,,R*72
$GNGGA,080700.60,2756.91911,S,02449.86097,E,4,18,0.7,94.065,M,28.000,M,1.0,0000*7A
$GNGST,080700.60,0.012,0.015,0.011,32.1,0.011,0.013,0.021*76
$GNRMC,080700.60,A,2756.91911,S,02449.86097,E,3.50,0.0,120826,,,R*72
$GNGGA,080700.80,2756.91892,S,02449.86097,E,4,18,0.7,94.066,M,28.000,M,1.0,0000*7D
$GNGST,080700.80,0.012,0.015,0.011,32.1,0.011,0.013,0.021*78
$GNRMC,080700.80,A,2756.91892,S,02449.86097,E,3.50,0.0,120826,,,R*76
$GNGGA,080701.00,2756.91872,S,02449.86097,E,4,18,0.7,94.066,M,28.000,M,1.0,0000*7A
$GNGST,080701.00,0.012,0.015,0.011,32.1,0.011,0.013,0.021*71
$GNRMC,080701.00,A,2756.91872,S,02449.86097,E,3.50,0.0,120826,,,R*71
$GNGGA,080701.20,2756.91853,S,02449.86097,E,4,18,0.7,94.067,M,28.000,M,1.0,0000*7A
$GNGST,080701.20,0.012,0.015,0.011,32.1,0.011,0.013,0.021*73
$GNRMC,080701.20,A,2756.91853,S,02449.86097,E,3.50,0.0,120826,,,R*70
$GNGGA,080701.40,2756.91833,S,02449.86097,E,4,18,0.7,94.067,M,28.000,M,1.0,0000*7A
$GNGST,080701.40,0.012,0.015,0.011,32.1,0.011,0.013,0.021*75
$GNRMC,080701.40,A,2756.91833,S,02449.86097,E,3.50,0.0,120826,,,R*70
$GNGGA,080701.60,2756.91814,S,02449.86097,E,4,18,0.7,94.068,M,28.000,M,1.0,0000*72
$GNGST,080701.60,0.012,0.015,0.011,32.1,0.011,0.013,0.021*77
$GNRMC,080701.60,A,2756.91814,S,02449.86097,E,3.50,0.0,120826,,,R*77
$GNGGA,080701.80,2756.91794,S,02449.86097,E,4,18,0.7,94.068,M,28.000,M,1.0,0000*7B
$GNGST,080701.80,0.012,0.015,0.011,32.1,0.011,0.013,0.021*79
$GNRMC,080701.80,A,2756.91794,S,02449.86097,E,3.50,0.0,120826,,,R*7E
$GNGGA,080702.00,2756.91775,S,02449.86097,E,4,18,0.7,94.069,M,28.000,M,1.0,0000*7E
$GNGST,080702.00,0.012,0.015,0.011,32.1,0.011,0.013,0.021*72
$GNRMC,080702.00,A,2756.91775,S,02449.86097,E,3.50,0.0,120826,,,R*7A
$GNGGA,080702.20,2756.91755,S,02449.86097,E,4,18,0.7,94.069,M,28.000,M,1.0,0000*7E
$GNGST,080702.20,0.012,0.015,0.011,32.1,0.011,0.013,0.021*70
$GNRMC,080702.20,A,2756.91755,S,02449.86097,E,3.50,0.0,120826,,,R*7A
$GNGGA,080702.40,2756.91736,S,02449.86097,E,4,18,0.7,94.070,M,28.000,M,1.0,0000*75
$GNGST,080702.40,0.012,0.015,0.011,32.1,0.011,0.013,0.021*76
$GNRMC,080702.40,A,2756.91736,S,02449.86097,E,3.50,0.0,120826,,,R*79
$GNGGA,080702.60,2756.91716,S,02449.86097,E,4,18,0.7,94.070,M,28.000,M,1.0,0000*75
$GNGST,080702.60,0.012,0.015,0.011,32.1,0.011,0.013,0.021*74
$GNRMC,080702.60,A,2756.91716,S,02449.86097,E,3.50,0.0,120826,,,R*79
$GNGGA,080702.80,2756.91697,S,02449.86097,E,4,18,0.7,94.071,M,28.000,M,1.0,0000*72
$GNGST,080702.80,0.012,0.015,0.011,32.1,0.011,0.013,0.021*7A
$GNRMC,080702.80,A,2756.91697,S,02449.86097,E,3.50,0.0,120826,,,R*7F
$GNGGA,080703.00,2756.91677,S,02449.86097,E,4,18,0.7,94.071,M,28.000,M,1.0,0000*75
$GNGST,080703.00,0.012,0.015,0.011,32.1,0.011,0.013,0.021*73
$GNRMC,080703.00,A,2756.91677,S,02449.86097,E,3.50,0.0,120826,,,R*78
$GNGGA,080703.20,2756.91658,S,02449.86097,E,4,18,0.7,94.072,M,28.000,M,1.0,0000*79
$GNGST,080703.20,0.012,0.015,0.011,32.1,0.011,0.013,0.021*71
$GNRMC,080703.20,A,2756.91658,S,02449.86097,E,3.50,0.0,120826,,,R*77
$GNGGA,080703.40,2756.91638,S,02449.86097,E,4,18,0.7,94.072,M,28.000,M,1.0,0000*79
$GNGST,080703.40,0.012,0.015,0.011,32.1,0.011,0.013,0.021*77
$GNRMC,080703.40,A,2756.91638,S,02449.86097,E,3.50,0.0,120826,,,R*77
$GNGGA,080703.60,2756.91619,S,02449.86097,E,4,18,0.7,94.073,M,28.000,M,1.0,0000*79
$GNGST,080703.60,0.012,0.015,0.011,32.1,0.011,0.013,0.021*75
$GNRMC,080703.60,A,2756.91619,S,02449.86097,E,3.50,0.0,120826,,,R*76
$GNGGA,080703.80,2756.91599,S,02449.86097,E,4,18,0.7,94.074,M,28.000,M,1.0,0000*7B
$GNGST,080703.80,0.012,0.015,0.011,32.1,0.011,0.013,0.021*7B
$GNRMC,080703.80,A,2756.91599,S,02449.86097,E,3.50,0.0,120826,,,R*73
$GNGGA,080704.00,2756.91580,S,02449.86097,E,4,18,0.7,94.074,M,28.000,M,1.0,0000*7C
$GNGST,080704.00,0.012,0.015,0.011,32.1,0.011,0.013,0.021*74
$GNRMC,080704.00,A,2756.91580,S,02449.86097,E,3.50,0.0,120826,,,R*74
$GNGGA,080704.20,2756.91560,S,02449.86097,E,4,18,0.7,94.075,M,28.000,M,1.0,0000*71
$GNGST,080704.20,0.012,0.015,0.011,32.1,0.011,0.013,0.021*76
$GNRMC,080704.20,A,2756.91560,S,02449.86097,E,3.50,0.0,120826,,,R*78
$GNGGA,080704.40,2756.91541,S,02449.86097,E,4,18,0.7,94.075,M,28.000,M,1.0,0000*74
$GNGST,080704.40,0.012,0.015,0.011,32.1,0.011,0.013,0.021*70
$GNRMC,080704.40,A,2756.91541,S,02449.86097,E,3.50,0.0,120826,,,R*7D
$GNGGA,080704.60,2756.91521,S,02449.86097,E,4,18,0.7,94.076,M,28.000,M,1.0,0000*73
$GNGST,080704.60,0.012,0.015,0.011,32.1,0.011,0.013,0.021*72
$GNRMC,080704.60,A,2756.91521,S,02449.86097,E,3.50,0.0,120826,,,R*79
$GNGGA,080704.80,2756.91502,S,02449.86097,E,4,18,0.7,94.077,M,28.000,M,1.0,0000*7D
$GNGST,080704.80,0.012,0.015,0.011,32.1,0.011,0.013,0.021*7C
$GNRMC,080704.80,A,2756.91502,S,02449.86097,E,3.50,0.0,120826,,,R*76
$GNGGA,080705.00,2756.91482,S,02449.86097,E,4,18,0.7,94.077,M,28.000,M,1.0,0000*7D
$GNGST,080705.00,0.012,0.015,0.011,32.1,0.011,0.013,0.021*75
$GNRMC,080705.00,A,2756.91482,S,02449.86097,E,3.50,0.0,120826,,,R*76
$GNGGA,080705.20,2756.91463,S,02449.86097,E,4,18,0.7,94.078,M,28.000,M,1.0,0000*7F
$GNGST,080705.20,0.012,0.015,0.011,32.1,0.011,0.013,0.021*77
$GNRMC,080705.20,A,2756.91463,S,02449.86097,E,3.50,0.0,120826,,,R*7B
$GNGGA,080705.40,2756.91443,S,02449.86097,E,4,18,0.7,94.079,M,28.000,M,1.0,0000*7A
$GNGST,080705.40,0.012,0.015,0.011,32.1,0.011,0.013,0.021*71
$GNRMC,080705.40,A,2756.91443,S,02449.86097,E,3.50,0.0,120826,,,R*7F
$GNGGA,080705.60,2756.91424,S,02449.86097,E,4,18,0.7,94.079,M,28.000,M,1.0,0000*79
$GNGST,080705.60,0.012,0.015,0.011,32.1,0.011,0.013,0.021*73
$GNRMC,080705.60,A,2756.91424,S,02449.86097,E,3.50,0.0,120826,,,R*7C
$GNGGA,080705.80,2756.91404,S,02449.86097,E,4,18,0.7,94.080,M,28.000,M,1.0,0000*73
$GNGST,080705.80,0.012,0.015,0.011,32.1,0.011,0.013,0.021*7D
$GNRMC,080705.80,A,2756.91404,S,02449.86097,E,3.50,0.0,120826,,,R*70
$GNGGA,080706.00,2756.91385,S,02449.86097,E,4,18,0.7,94.081,M,28.000,M,1.0,0000*77
$GNGST,080706.00,0.012,0.015,0.011,32.1,0.011,0.013,0.021*76
$GNRMC,080706.00,A,2756.91385,S,02449.86097,E,3.50,0.0,120826,,,R*75
$GNGGA,080706.20,2756.91365,S,02449.86097,E,4,18,0.7,94.081,M,28.000,M,1.0,0000*7B
$GNGST,080706.20,0.012,0.015,0.011,32.1,0.011,0.013,0.021*74
$GNRMC,080706.20,A,2756.91365,S,02449.86097,E,3.50,0.0,120826,,,R*79
$GNGGA,080706.40,2756.91346,S,02449.86097,E,4,18,0.7,94.082,M,28.000,M,1.0,0000*7F
$GNGST,080706.40,0.012,0.015,0.011,32.1,0.011,0.013,0.021*72
$GNRMC,080706.40,A,2756.91346,S,02449.86097,E,3.50,0.0,120826,,,R*7E
$GNGGA,080706.60,2756.91326,S,02449.86097,E,4,18,0.7,94.083,M,28.000,M,1.0,0000*7A
$GNGST,080706.60,0.012,0.015,0.011,32.1,0.011,0.013,0.021*70
$GNRMC,080706.60,A,2756.91326,S,02449.86097,E,3.50,0.0,120826,,,R*7A
$GNGGA,080706.80,2756.91307,S,02449.86097,E,4,18,0.7,94.084,M,28.000,M,1.0,0000*70
$GNGST,080706.80,0.012,0.015,0.011,32.1,0.011,0.013,0.021*7E
$GNRMC,080706.80,A,2756.91307,S,02449.86097,E,3.50,0.0,120826,,,R*77
$GNGGA,080707.00,2756.91287,S,02449.86097,E,4,18,0.7,94.084,M,28.000,M,1.0,0000*70
$GNGST,080707.00,0.012,0.015,0.011,32.1,0.011,0.013,0.021*77
$GNRMC,080707.00,A,2756.91287,S,02449.86097,E,3.50,0.0,120826,,,R*77
$GNGGA,080707.20,2756.91268,S,02449.86097,E,4,18,0.7,94.085,M,28.000,M,1.0,0000*72
$GNGST,080707.20,0.012,0.015,0.011,32.1,0.011,0.013,0.021*75
$GNRMC,080707.20,A,2756.91268,S,02449.86097,E,3.50,0.0,120826,,,R*74
$GNGGA,080707.40,2756.91248,S,02449.86097,E,4,18,0.7,94.086,M,28.000,M,1.0,0000*75
$GNGST,080707.40,0.012,0.015,0.011,32.1,0.011,0.013,0.021*73
$GNRMC,080707.40,A,2756.91248,S,02449.86097,E,3.50,0.0,120826,,,R*70
$GNGGA,080707.60,2756.91229,S,02449.86097,E,4,18,0.7,94.087,M,28.000,M,1.0,0000*71
$GNGST,080707.60,0.012,0.015,0.011,32.1,0.011,0.013,0.021*71
$GNRMC,080707.60,A,2756.91229,S,02449.86097,E,3.50,0.0,120826,,,R*75
$GNGGA,080707.80,2756.91209,S,02449.86097,E,4,18,0.7,94.087,M,28.000,M,1.0,0000*7D
$GNGST,080707.80,0.012,0.015,0.011,32.1,0.011,0.013,0.021*7F
$GNRMC,080707.80,A,2756.91209,S,02449.86097,E,3.50,0.0,120826,,,R*79
$GNGGA,080708.00,2756.91190,S,02449.86097,E,4,18,0.7,94.088,M,28.000,M,1.0,0000*76
$GNGST,080708.00,0.012,0.015,0.011,32.1,0.011,0.013,0.021*78
$GNRMC,080708.00,A,2756.91190,S,02449.86097,E,3.50,0.0,120826,,,R*7D
$GNGGA,080708.20,2756.91170,S,02449.86097,E,4,18,0.7,94.089,M,28.000,M,1.0,0000*7B
$GNGST,080708.20,0.012,0.015,0.011,32.1,0.011,0.013,0.021*7A
$GNRMC,080708.20,A,2756.91170,S,02449.86097,E,3.50,0.0,120826,,,R*71
$GNGGA,080708.40,2756.91151,S,02449.86097,E,4,18,0.7,94.090,M,28.000,M,1.0,0000*76
$GNGST,080708.40,0.012,0.015,0.011,32.1,0.011,0.013,0.021*7C
$GNRMC,080708.40,A,2756.91151,S,02449.86097,E,3.50,0.0,120826,,,R*74
$GNGGA,080708.60,2756.91131,S,02449.86097,E,4,18,0.7,94.091,M,28.000,M,1.0,0000*73
$GNGST,080708.60,0.012,0.015,0.011,32.1,0.011,0.013,0.021*7E
$GNRMC,080708.60,A,2756.91131,S,02449.86097,E,3.50,0.0,120826,,,R*70
$GNGGA,080708.80,2756.91112,S,02449.86097,E,4,18,0.7,94.091,M,28.000,M,1.0,0000*7C
$GNGST,080708.80,0.012,0.015,0.011,32.1,0.011,0.013,0.021*70
$GNRMC,080708.80,A,2756.91112,S,02449.86097,E,3.50,0.0,120826,,,R*7F
$GNGGA,080709.00,2756.91092,S,02449.86097,E,4,18,0.7,94.092,M,28.000,M,1.0,0000*7F
$GNGST,080709.00,0.012,0.015,0.011,32.1,0.011,0.013,0.021*79
$GNRMC,080709.00,A,2756.91092,S,02449.86097,E,3.50,0.0,120826,,,R*7F
$GNGGA,080709.20,2756.91073,S,02449.86097,E,4,18,0.7,94.093,M,28.000,M,1.0,0000*73
$GNGST,080709.20,0.012,0.015,0.011,32.1,0.011,0.013,0.021*7B
$GNRMC,080709.20,A,2756.91073,S,02449.86097,E,3.50,0.0,120826,,,R*72
$GNGGA,080709.40,2756.91053,S,02449.86097,E,4,18,0.7,94.094,M,28.000,M,1.0,0000*70
$GNGST,080709.40,0.012,0.015,0.011,32.1,0.011,0.013,0.021*7D
$GNRMC,080709.40,A,2756.91053,S,02449.86097,E,3.50,0.0,120826,,,R*76
$GNGGA,080709.60,2756.91034,S,02449.86097,E,4,18,0.7,94.095,M,28.000,M,1.0,0000*72
$GNGST,080709.60,0.012,0.015,0.011,32.1,0.011,0.013,0.021*7F
$GNRMC,080709.60,A,2756.91034,S,02449.86097,E,3.50,0.0,120826,,,R*75
$GNGGA,080709.80,2756.91015,S,02449.86097,E,4,18,0.7,94.096,M,28.000,M,1.0,0000*7C
$GNGST,080709.80,0.012,0.015,0.011,32.1,0.011,0.013,0.021*71
$GNRMC,080709.80,A,2756.91015,S,02449.86097,E,3.50,0.0,120826,,,R*78
$GNGGA,080710.00,2756.90995,S,02449.86097,E,4,18,0.7,94.097,M,28.000,M,1.0,0000*7D
$GNGST,080710.00,0.012,0.015,0.011,32.1,0.011,0.013,0.021*71
$GNRMC,080710.00,A,2756.90995,S,02449.86097,E,3.50,0.0,120826,,,R*78
$GNGGA,080710.20,2756.90976,S,02449.86097,E,4,18,0.7,94.098,M,28.000,M,1.0,0000*7D
$GNGST,080710.20,0.012,0.015,0.011,32.1,0.011,0.013,0.021*73
$GNRMC,080710.20,A,2756.90976,S,02449.86097,E,3.50,0.0,120826,,,R*77
$GNGGA,080710.40,2756.90956,S,02449.86097,E,4,18,0.7,94.098,M,28.000,M,1.0,0000*79
$GNGST,080710.40,0.012,0.015,0.011,32.1,0.011,0.013,0.021*75
$GNRMC,080710.40,A,2756.90956,S,02449.86097,E,3.50,0.0,120826,,,R*73
$GNGGA,080710.60,2756.90937,S,02449.86097,E,4,18,0.7,94.099,M,28.000,M,1.0,0000*7D
$GNGST,080710.60,0.012,0.015,0.011,32.1,0.011,0.013,0.021*77
$GNRMC,080710.60,A,2756.90937,S,02449.86097,E,3.50,0.0,120826,,,R*76
$GNGGA,080710.80,2756.90917,S,02449.86097,E,4,18,0.7,94.100,M,28.000,M,1.0,0000*70
$GNGST,080710.80,0.012,0.015,0.011,32.1,0.011,0.013,0.021*79
$GNRMC,080710.80,A,2756.90917,S,02449.86097,E,3.50,0.0,120826,,,R*7A
$GNGGA,080711.00,2756.90898,S,02449.86097,E,4,18,0.7,94.101,M,28.000,M,1.0,0000*7E
$GNGST,080711.00,0.012,0.015,0.011,32.1,0.011,0.013,0.021*70
$GNRMC,080711.00,A,2756.90898,S,02449.86097,E,3.50,0.0,120826,,,R*75
$GNGGA,080711.20,2756.90878,S,02449.86097,E,4,18,0.7,94.102,M,28.000,M,1.0,0000*71
$GNGST,080711.20,0.012,0.015,0.011,32.1,0.011,0.013,0.021*72
$GNRMC,080711.20,A,2756.90878,S,02449.86097,E,3.50,0.0,120826,,,R*79
$GNGGA,080711.40,2756.90859,S,02449.86097,E,4,18,0.7,94.103,M,28.000,M,1.0,0000*75
$GNGST,080711.40,0.012,0.015,0.011,32.1,0.011,0.013,0.021*74
$GNRMC,080711.40,A,2756.90859,S,02449.86097,E,3.50,0.0,120826,,,R*7C
$GNGGA,080711.60,2756.90839,S,02449.86097,E,4,18,0.7,94.104,M,28.000,M,1.0,0000*76
$GNGST,080711.60,0.012,0.015,0.011,32.1,0.011,0.013,0.021*76
$GNRMC,080711.60,A,2756.90839,S,02449.86097,E,3.50,0.0,120826,,,R*78
$GNGGA,080711.80,2756.90820,S,02449.86097,E,4,18,0.7,94.105,M,28.000,M,1.0,0000*71
$GNGST,080711.80,0.012,0.015,0.011,32.1,0.011,0.013,0.021*78
$GNRMC,080711.80,A,2756.90820,S,02449.86097,E,3.50,0.0,120826,,,R*7E
$GNGGA,080712.00,2756.90800,S,02449.86097,E,4,18,0.7,94.106,M,28.000,M,1.0,0000*7B
$GNGST,080712.00,0.012,0.015,0.011,32.1,0.011,0.013,0.021*73
$GNRMC,080712.00,A,2756.90800,S,02449.86097,E,3.50,0.0,120826,,,R*77
$GNGGA,080712.20,2756.90781,S,02449.86097,E,4,18,0.7,94.107,M,28.000,M,1.0,0000*7E
$GNGST,080712.20,0.012,0.015,0.011,32.1,0.011,0.013,0.021*71
$GNRMC,080712.20,A,2756.90781,S,02449.86097,E,3.50,0.0,120826,,,R*73
$GNGGA,080712.40,2756.90761,S,02449.86097,E,4,18,0.7,94.108,M,28.000,M,1.0,0000*79
$GNGST,080712.40,0.012,0.015,0.011,32.1,0.011,0.013,0.021*77
$GNRMC,080712.40,A,2756.90761,S,02449.86097,E,3.50,0.0,120826,,,R*7B
$GNGGA,080712.60,2756.90742,S,02449.86097,E,4,18,0.7,94.109,M,28.000,M,1.0,0000*7B
$GNGST,080712.60,0.012,0.015,0.011,32.1,0.011,0.013,0.021*75
$GNRMC,080712.60,A,2756.90742,S,02449.86097,E,3.50,0.0,120826,,,R*78
$GNGGA,080712.80,2756.90722,S,02449.86097,E,4,18,0.7,94.110,M,28.000,M,1.0,0000*7B
$GNGST,080712.80,0.012,0.015,0.011,32.1,0.011,0.013,0.021*7B
$GNRMC,080712.80,A,2756.90722,S,02449.86097,E,3.50,0.0,120826,,,R*70
$GNGGA,080713.00,2756.90703,S,02449.86097,E,4,18,0.7,94.111,M,28.000,M,1.0,0000*70
$GNGST,080713.00,0.012,0.015,0.011,32.1,0.011,0.013,0.021*72
$GNRMC,080713.00,A,2756.90703,S,02449.86097,E,3.50,0.0,120826,,,R*7A
$GNGGA,080713.20,2756.90683,S,02449.86097,E,4,18,0.7,94.112,M,28.000,M,1.0,0000*78
$GNGST,080713.20,0.012,0.015,0.011,32.1,0.011,0.013,0.021*70
$GNRMC,080713.20,A,2756.90683,S,02449.86097,E,3.50,0.0,120826,,,R*71
$GNGGA,080713.40,2756.90664,S,02449.86097,E,4,18,0.7,94.113,M,28.000,M,1.0,0000*76
$GNGST,080713.40,0.012,0.015,0.011,32.1,0.011,0.013,0.021*76
$GNRMC,080713.40,A,2756.90664,S,02449.86097,E,3.50,0.0,120826,,,R*7E
$GNGGA,080713.60,2756.90644,S,02449.86097,E,4,18,0.7,94.114,M,28.000,M,1.0,0000*71
$GNGST,080713.60,0.012,0.015,0.011,32.1,0.011,0.013,0.021*74
$GNRMC,080713.60,A,2756.90644,S,02449.86097,E,3.50,0.0,120826,,,R*7E
$GNGGA,080713.80,2756.90625,S,02449.86097,E,4,18,0.7,94.115,M,28.000,M,1.0,0000*79
$GNGST,080713.80,0.012,0.015,0.011,32.1,0.011,0.013,0.021*7A
$GNRMC,080713.80,A,2756.90625,S,02449.86097,E,3.50,0.0,120826,,,R*77
$GNGGA,080714.00,2756.90605,S,02449.86097,E,4,18,0.7,94.116,M,28.000,M,1.0,0000*77
$GNGST,080714.00,0.012,0.015,0.011,32.1,0.011,0.013,0.021*75
$GNRMC,080714.00,A,2756.90605,S,02449.86097,E,3.50,0.0,120826,,,R*7A
$GNGGA,080714.20,2756.90586,S,02449.86097,E,4,18,0.7,94.117,M,28.000,M,1.0,0000*7C
$GNGST,080714.20,0.012,0.015,0.011,32.1,0.011,0.013,0.021*77
$GNRMC,080714.20,A,2756.90586,S,02449.86097,E,3.50,0.0,120826,,,R*70
$GNGGA,080714.40,2756.90566,S,02449.86097,E,4,18,0.7,94.118,M,28.000,M,1.0,0000*7B
$GNGST,080714.40,0.012,0.015,0.011,32.1,0.011,0.013,0.021*71
$GNRMC,080714.40,A,2756.90566,S,02449.86097,E,3.50,0.0,120826,,,R*78
$GNGGA,080714.60,2756.90547,S,02449.86097,E,4,18,0.7,94.119,M,28.000,M,1.0,0000*7B
$GNGST,080714.60,0.012,0.015,0.011,32.1,0.011,0.013,0.021*73
$GNRMC,080714.60,A,2756.90547,S,02449.86097,E,3.50,0.0,120826,,,R*79
$GNGGA,080714.80,2756.90527,S,02449.86097,E,4,18,0.7,94.120,M,28.000,M,1.0,0000*79
$GNGST,080714.80,0.012,0.015,0.011,32.1,0.011,0.013,0.021*7D
$GNRMC,080714.80,A,2756.90527,S,02449.86097,E,3.50,0.0,120826,,,R*71
$GNGGA,080715.00,2756.90508,S,02449.86097,E,4,18,0.7,94.121,M,28.000,M,1.0,0000*7C
$GNGST,080715.00,0.012,0.015,0.011,32.1,0.011,0.013,0.021*74
$GNRMC,080715.00,A,2756.90508,S,02449.86097,E,3.50,0.0,120826,,,R*75
$GNGGA,080715.20,2756.90488,S,02449.86097,E,4,18,0.7,94.122,M,28.000,M,1.0,0000*74
$GNGST,080715.20,0.012,0.015,0.011,32.1,0.011,0.013,0.021*76
$GNRMC,080715.20,A,2756.90488,S,02449.86097,E,3.50,0.0,120826,,,R*7E
$GNGGA,080715.40,2756.90469,S,02449.86097,E,4,18,0.7,94.124,M,28.000,M,1.0,0000*7B
$GNGST,080715.40,0.012,0.015,0.011,32.1,0.011,0.013,0.021*70
$GNRMC,080715.40,A,2756.90469,S,02449.86097,E,3.50,0.0,120826,,,R*77
$GNGGA,080715.60,2756.90449,S,02449.86097,E,4,18,0.7,94.125,M,28.000,M,1.0,0000*7A
$GNGST,080715.60,0.012,0.015,0.011,32.1,0.011,0.013,0.021*72
$GNRMC,080715.60,A,2756.90449,S,02449.86097,E,3.50,0.0,120826,,,R*77
$GNGGA,080715.80,2756.90430,S,02449.86097,E,4,18,0.7,94.126,M,28.000,M,1.0,0000*79
$GNGST,080715.80,0.012,0.015,0.011,32.1,0.011,0.013,0.021*7C
$GNRMC,080715.80,A,2756.90430,S,02449.86097,E,3.50,0.0,120826,,,R*77
$GNGGA,080716.00,2756.90410,S,02449.86097,E,4,18,0.7,94.127,M,28.000,M,1.0,0000*71
$GNGST,080716.00,0.012,0.015,0.011,32.1,0.011,0.013,0.021*77
$GNRMC,080716.00,A,2756.90410,S,02449.86097,E,3.50,0.0,120826,,,R*7E
$GNGGA,080716.20,2756.90391,S,02449.86097,E,4,18,0.7,94.128,M,28.000,M,1.0,0000*72
$GNGST,080716.20,0.012,0.015,0.011,32.1,0.011,0.013,0.021*75
$GNRMC,080716.20,A,2756.90391,S,02449.86097,E,3.50,0.0,120826,,,R*72
$GNGGA,080716.40,2756.90371,S,02449.86097,E,4,18,0.7,94.129,M,28.000,M,1.0,0000*7B
$GNGST,080716.40,0.012,0.015,0.011,32.1,0.011,0.013,0.021*73
$GNRMC,080716.40,A,2756.90371,S,02449.86097,E,3.50,0.0,120826,,,R*7A
$GNGGA,080716.60,2756.90352,S,02449.86097,E,4,18,0.7,94.130,M,28.000,M,1.0,0000*70
$GNGST,080716.60,0.012,0.015,0.011,32.1,0.011,0.013,0.021*71
$GNRMC,080716.60,A,2756.90352,S,02449.86097,E,3.50,0.0,120826,,,R*79
$GNGGA,080716.80,2756.90363,S,02449.86116,E,4,18,0.7,94.130,M,28.000,M,1.0,0000*74
$GNGST,080716.80,0.012,0.015,0.011,32.1,0.011,0.013,0.021*7F
$GNRMC,080716.80,A,2756.90363,S,02449.86116,E,3.50,123.7,120826,,,R*7A
$GNGGA,080717.00,2756.90374,S,02449.86134,E,4,18,0.7,94.129,M,28.000,M,1.0,0000*73
$GNGST,080717.00,0.012,0.015,0.011,32.1,0.011,0.013,0.021*76
$GNRMC,080717.00,A,2756.90374,S,02449.86134,E,3.50,123.7,120826,,,R*75
$GNGGA,080717.20,2756.90385,S,02449.86153,E,4,18,0.7,94.129,M,28.000,M,1.0,0000*7E
$GNGST,080717.20,0.012,0.015,0.011,32.1,0.011,0.013,0.021*74
$GNRMC,080717.20,A,2756.90385,S,02449.86153,E,3.50,123.7,120826,,,R*78
$GNGGA,080717.40,2756.90396,S,02449.86171,E,4,18,0.7,94.128,M,28.000,M,1.0,0000*7B
$GNGST,080717.40,0.012,0.015,0.011,32.1,0.011,0.013,0.021*72
$GNRMC,080717.40,A,2756.90396,S,02449.86171,E,3.50,123.7,120826,,,R*7C
$GNGGA,080717.60,2756.90406,S,02449.86189,E,4,18,0.7,94.128,M,28.000,M,1.0,0000*70
$GNGST,080717.60,0.012,0.015,0.011,32.1,0.011,0.013,0.021*70
$GNRMC,080717.60,A,2756.90406,S,02449.86189,E,3.50,123.7,120826,,,R*77
$GNGGA,080717.80,2756.90417,S,02449.86208,E,4,18,0.7,94.128,M,28.000,M,1.0,0000*74
$GNGST,080717.80,0.012,0.015,0.011,32.1,0.011,0.013,0.021*7E
$GNRMC,080717.80,A,2756.90417,S,02449.86208,E,3.50,123.7,120826,,,R*73
$GNGGA,080718.00,2756.90428,S,02449.86226,E,4,18,0.7,94.127,M,28.000,M,1.0,0000*7C
$GNGST,080718.00,0.012,0.015,0.011,32.1,0.011,0.013,0.021*79
$GNRMC,080718.00,A,2756.90428,S,02449.86226,E,3.50,123.7,120826,,,R*74
$GNGGA,080718.20,2756.90439,S,02449.86245,E,4,18,0.7,94.127,M,28.000,M,1.0,0000*7B
$GNGST,080718.20,0.012,0.015,0.011,32.1,0.011,0.013,0.021*7B
$GNRMC,080718.20,A,2756.90439,S,02449.86245,E,3.50,123.7,120826,,,R*73
$GNGGA,080718.40,2756.90450,S,02449.86263,E,4,18,0.7,94.126,M,28.000,M,1.0,0000*77
$GNGST,080718.40,0.012,0.015,0.011,32.1,0.011,0.013,0.021*7D
$GNRMC,080718.40,A,2756.90450,S,02449.86263,E,3.50,123.7,120826,,,R*7E
$GNGGA,080718.60,2756.90461,S,02449.86282,E,4,18,0.7,94.126,M,28.000,M,1.0,0000*78
$GNGST,080718.60,0.012,0.015,0.011,32.1,0.011,0.013,0.021*7F
$GNRMC,080718.60,A,2756.90461,S,02449.86282,E,3.50,123.7,120826,,,R*71
$GNGGA,080718.80,2756.90472,S,02449.86300,E,4,18,0.7,94.125,M,28.000,M,1.0,0000*7C
$GNGST,080718.80,0.012,0.015,0.011,32.1,0.011,0.013,0.021*71
$GNRMC,080718.80,A,2756.90472,S,02449.86300,E,3.50,123.7,120826,,,R*76
$GNGGA,080719.00,2756.90483,S,02449.86319,E,4,18,0.7,94.125,M,28.000,M,1.0,0000*73
$GNGST,080719.00,0.012,0.015,0.011,32.1,0.011,0.013,0.021*78
$GNRMC,080719.00,A,2756.90483,S,02449.86319,E,3.50,123.7,120826,,,R*79
$GNGGA,080719.20,2756.90494,S,02449.86337,E,4,18,0.7,94.124,M,28.000,M,1.0,0000*7A
$GNGST,080719.20,0.012,0.015,0.011,32.1,0.011,0.013,0.021*7A
$GNRMC,080719.20,A,2756.90494,S,02449.86337,E,3.50,123.7,120826,,,R*71
$GNGGA,080719.40,2756.90505,S,02449.86356,E,4,18,0.7,94.124,M,28.000,M,1.0,0000*72
$GNGST,080719.40,0.012,0.015,0.011,32.1,0.011,0.013,0.021*7C
$GNRMC,080719.40,A,2756.90505,S,02449.86356,E,3.50,123.7,120826,,,R*79
$GNGGA,080719.60,2756.90516,S,02449.86374,E,4,18,0.7,94.124,M,28.000,M,1.0,0000*72
$GNGST,080719.60,0.012,0.015,0.011,32.1,0.011,0.013,0.021*7E
$GNRMC,080719.60,A,2756.90516,S,02449.86374,E,3.50,123.7,120826,,,R*79
$GNGGA,080719.80,2756.90527,S,02449.86393,E,4,18,0.7,94.123,M,28.000,M,1.0,0000*70
$GNGST,080719.80,0.012,0.015,0.011,32.1,0.011,0.013,0.021*70
$GNRMC,080719.80,A,2756.90527,S,02449.86393,E,3.50,123.7,120826,,,R*7C
$GNGGA,080720.00,2756.90538,S,02449.86411,E,4,18,0.7,94.123,M,28.000,M,1.0,0000*71
$GNGST,080720.00,0.012,0.015,0.011,32.1,0.011,0.013,0.021*72
$GNRMC,080720.00,A,2756.90538,S,02449.86411,E,3.50,123.7,120826,,,R*7D
$GNGGA,080720.20,2756.90548,S,02449.86430,E,4,18,0.7,94.122,M,28.000,M,1.0,0000*76
$GNGST,080720.20,0.012,0.015,0.011,32.1,0.011,0.013,0.021*70
$GNRMC,080720.20,A,2756.90548,S,02449.86430,E,3.50,123.7,120826,,,R*7B
$GNGGA,080720.40,2756.90559,S,02449.86448,E,4,18,0.7,94.122,M,28.000,M,1.0,0000*7F
$GNGST,080720.40,0.012,0.015,0.011,32.1,0.011,0.013,0.021*76
$GNRMC,080720.40,A,2756.90559,S,02449.86448,E,3.50,123.7,120826,,,R*72
$GNGGA,080720.60,2756.90570,S,02449.86467,E,4,18,0.7,94.121,M,28.000,M,1.0,0000*78
$GNGST,080720.60,0.012,0.015,0.011,32.1,0.011,0.013,0.021*74
$GNRMC,080720.60,A,2756.90570,S,02449.86467,E,3.50,123.7,120826,,,R*76
$GNGGA,080720.80,2756.90581,S,02449.86485,E,4,18,0.7,94.121,M,28.000,M,1.0,0000*74
$GNGST,080720.80,0.012,0.015,0.011,32.1,0.011,0.013,0.021*7A
$GNRMC,080720.80,A,2756.90581,S,02449.86485,E,3.50,123.7,120826,,,R*7A
$GNGGA,080721.00,2756.90592,S,02449.86504,E,4,18,0.7,94.120,M,28.000,M,1.0,0000*76
$GNGST,080721.00,0.012,0.015,0.011,32.1,0.011,0.013,0.021*73
$GNRMC,080721.00,A,2756.90592,S,02449.86504,E,3.50,123.7,120826,,,R*79
$GNGGA,080721.20,2756.90603,S,02449.86522,E,4,18,0.7,94.120,M,28.000,M,1.0,0000*7B
$GNGST,080721.20,0.012,0.015,0.011,32.1,0.011,0.013,0.021*71
$GNRMC,080721.20,A,2756.90603,S,02449.86522,E,3.50,123.7,120826,,,R*74
$GNGGA,080721.40,2756.90614,S,02449.86541,E,4,18,0.7,94.120,M,28.000,M,1.0,0000*7E
$GNGST,080721.40,0.012,0.015,0.011,32.1,0.011,0.013,0.021*77
$GNRMC,080721.40,A,2756.90614,S,02449.86541,E,3.50,123.7,120826,,,R*71
$GNGGA,080721.60,2756.90625,S,02449.86559,E,4,18,0.7,94.119,M,28.000,M,1.0,0000*7D
$GNGST,080721.60,0.012,0.015,0.011,32.1,0.011,0.013,0.021*75
$GNRMC,080721.60,A,2756.90625,S,02449.86559,E,3.50,123.7,120826,,,R*78
$GNGGA,080721.80,2756.90636,S,02449.86577,E,4,18,0.7,94.119,M,28.000,M,1.0,0000*7D
$GNGST,080721.80,0.012,0.015,0.011,32.1,0.011,0.013,0.021*7B
$GNRMC,080721.80,A,2756.90636,S,02449.86577,E,3.50,123.7,120826,,,R*78
$GNGGA,080722.00,2756.90647,S,02449.86596,E,4,18,0.7,94.118,M,28.000,M,1.0,0000*7E
$GNGST,080722.00,0.012,0.015,0.011,32.1,0.011,0.013,0.021*70
$GNRMC,080722.00,A,2756.90647,S,02449.86596,E,3.50,123.7,120826,,,R*7A
$GNGGA,080722.20,2756.90658,S,02449.86614,E,4,18,0.7,94.118,M,28.000,M,1.0,0000*7B
$GNGST,080722.20,0.012,0.015,0.011,32.1,0.011,0.013,0.021*72
$GNRMC,080722.20,A,2756.90658,S,02449.86614,E,3.50,123.7,120826,,,R*7F
$GNGGA,080722.40,2756.90669,S,02449.86633,E,4,18,0.7,94.117,M,28.000,M,1.0,0000*75
$GNGST,080722.40,0.012,0.015,0.011,32.1,0.011,0.013,0.021*74
$GNRMC,080722.40,A,2756.90669,S,02449.86633,E,3.50,123.7,120826,,,R*7E
$GNGGA,080722.60,2756.90680,S,02449.86651,E,4,18,0.7,94.117,M,28.000,M,1.0,0000*74
$GNGST,080722.60,0.012,0.015,0.011,32.1,0.011,0.013,0.021*76
$GNRMC,080722.60,A,2756.90680,S,02449.86651,E,3.50,123.7,120826,,,R*7F
$GNGGA,080722.80,2756.90691,S,02449.86670,E,4,18,0.7,94.116,M,28.000,M,1.0,0000*78
$GNGST,080722.80,0.012,0.015,0.011,32.1,0.011,0.013,0.021*78
$GNRMC,080722.80,A,2756.90691,S,02449.86670,E,3.50,123.7,120826,,,R*72
$GNGGA,080723.00,2756.90701,S,02449.86688,E,4,18,0.7,94.116,M,28.000,M,1.0,0000*7E
$GNGST,080723.00,0.012,0.015,0.011,32.1,0.011,0.013,0.021*71
$GNRMC,080723.00,A,2756.90701,S,02449.86688,E,3.50,123.7,120826,,,R*74
$GNGGA,080723.20,2756.90712,S,02449.86707,E,4,18,0.7,94.115,M,28.000,M,1.0,0000*7B
$GNGST,080723.20,0.012,0.015,0.011,32.1,0.011,0.013,0.021*73
$GNRMC,080723.20,A,2756.90712,S,02449.86707,E,3.50,123.7,120826,,,R*72
$GNGGA,080723.40,2756.90723,S,02449.86725,E,4,18,0.7,94.115,M,28.000,M,1.0,0000*7F
$GNGST,080723.40,0.012,0.015,0.011,32.1,0.011,0.013,0.021*75
$GNRMC,080723.40,A,2756.90723,S,02449.86725,E,3.50,123.7,120826,,,R*76
$GNGGA,080723.60,2756.90734,S,02449.86744,E,4,18,0.7,94.115,M,28.000,M,1.0,0000*7C
$GNGST,080723.60,0.012,0.015,0.011,32.1,0.011,0.013,0.021*77
$GNRMC,080723.60,A,2756.90734,S,02449.86744,E,3.50,123.7,120826,,,R*75
$GNGGA,080723.80,2756.90745,S,02449.86762,E,4,18,0.7,94.114,M,28.000,M,1.0,0000*71
$GNGST,080723.80,0.012,0.015,0.011,32.1,0.011,0.013,0.021*79
$GNRMC,080723.80,A,2756.90745,S,02449.86762,E,3.50,123.7,120826,,,R*79
$GNGGA,080724.00,2756.90756,S,02449.86781,E,4,18,0.7,94.114,M,28.000,M,1.0,0000*71
$GNGST,080724.00,0.012,0.015,0.011,32.1,0.011,0.013,0.021*76
$GNRMC,080724.00,A,2756.90756,S,02449.86781,E,3.50,123.7,120826,,,R*79
$GNGGA,080724.20,2756.90767,S,02449.86799,E,4,18,0.7,94.113,M,28.000,M,1.0,0000*7F
$GNGST,080724.20,0.012,0.015,0.011,32.1,0.011,0.013,0.021*74
$GNRMC,080724.20,A,2756.90767,S,02449.86799,E,3.50,123.7,120826,,,R*70
$GNGGA,080724.40,2756.90778,S,02449.86818,E,4,18,0.7,94.113,M,28.000,M,1.0,0000*71
$GNGST,080724.40,0.012,0.015,0.011,32.1,0.011,0.013,0.021*72
$GNRMC,080724.40,A,2756.90778,S,02449.86818,E,3.50,123.7,120826,,,R*7E
$GNGGA,080724.60,2756.90789,S,02449.86836,E,4,18,0.7,94.112,M,28.000,M,1.0,0000*70
$GNGST,080724.60,0.012,0.015,0.011,32.1,0.011,0.013,0.021*70
$GNRMC,080724.60,A,2756.90789,S,02449.86836,E,3.50,123.7,120826,,,R*7E
$GNGGA,080724.80,2756.90800,S,02449.86855,E,4,18,0.7,94.112,M,28.000,M,1.0,0000*75
$GNGST,080724.80,0.012,0.015,0.011,32.1,0.011,0.013,0.021*7E
$GNRMC,080724.80,A,2756.90800,S,02449.86855,E,3.50,123.7,120826,,,R*7B
$GNGGA,080725.00,2756.90811,S,02449.86873,E,4,18,0.7,94.111,M,28.000,M,1.0,0000*7B
$GNGST,080725.00,0.012,0.015,0.011,32.1,0.011,0.013,0.021*77
$GNRMC,080725.00,A,2756.90811,S,02449.86873,E,3.50,123.7,120826,,,R*76
$GNGGA,080725.20,2756.90822,S,02449.86892,E,4,18,0.7,94.111,M,28.000,M,1.0,0000*76
$GNGST,080725.20,0.012,0.015,0.011,32.1,0.011,0.013,0.021*75
$GNRMC,080725.20,A,2756.90822,S,02449.86892,E,3.50,123.7,120826,,,R*7B
$GNGGA,080725.40,2756.90833,S,02449.86910,E,4,18,0.7,94.111,M,28.000,M,1.0,0000*7B
$GNGST,080725.40,0.012,0.015,0.011,32.1,0.011,0.013,0.021*73
$GNRMC,080725.40,A,2756.90833,S,02449.86910,E,3.50,123.7,120826,,,R*76
$GNGGA,080725.60,2756.90844,S,02449.86929,E,4,18,0.7,94.110,M,28.000,M,1.0,0000*72
$GNGST,080725.60,0.012,0.015,0.011,32.1,0.011,0.013,0.021*71
$GNRMC,080725.60,A,2756.90844,S,02449.86929,E,3.50,123.7,120826,,,R*7E
$GNGGA,080725.80,2756.90854,S,02449.86947,E,4,18,0.7,94.110,M,28.000,M,1.0,0000*75
$GNGST,080725.80,0.012,0.015,0.011,32.1,0.011,0.013,0.021*7F
$GNRMC,080725.80,A,2756.90854,S,02449.86947,E,3.50,123.7,120826,,,R*79
$GNGGA,080726.00,2756.90865,S,02449.86965,E,4,18,0.7,94.109,M,28.000,M,1.0,0000*74
$GNGST,080726.00,0.012,0.015,0.011,32.1,0.011,0.013,0.021*74
$GNRMC,080726.00,A,2756.90865,S,02449.86965,E,3.50,123.7,120826,,,R*70
$GNGGA,080726.20,2756.90876,S,02449.86984,E,4,18,0.7,94.109,M,28.000,M,1.0,0000*7B
$GNGST,080726.20,0.012,0.015,0.011,32.1,0.011,0.013,0.021*76
$GNRMC,080726.20,A,2756.90876,S,02449.86984,E,3.50,123.7,120826,,,R*7F
$GNGGA,080726.40,2756.90887,S,02449.87002,E,4,18,0.7,94.108,M,28.000,M,1.0,0000*74
$GNGST,080726.40,0.012,0.015,0.011,32.1,0.011,0.013,0.021*70
$GNRMC,080726.40,A,2756.90887,S,02449.87002,E,3.50,123.7,120826,,,R*71
$GNGGA,080726.60,2756.90898,S,02449.87021,E,4,18,0.7,94.108,M,28.000,M,1.0,0000*79
$GNGST,080726.60,0.012,0.015,0.011,32.1,0.011,0.013,0.021*72
$GNRMC,080726.60,A,2756.90898,S,02449.87021,E,3.50,123.7,120826,,,R*7C
$GNGGA,080726.80,2756.90909,S,02449.87039,E,4,18,0.7,94.107,M,28.000,M,1.0,0000*78
$GNGST,080726.80,0.012,0.015,0.011,32.1,0.011,0.013,0.021*7C
$GNRMC,080726.80,A,2756.90909,S,02449.87039,E,3.50,123.7,120826,,,R*72
$GNGGA,080727.00,2756.90920,S,02449.87058,E,4,18,0.7,94.107,M,28.000,M,1.0,0000*7D
$GNGST,080727.00,0.012,0.015,0.011,32.1,0.011,0.013,0.021*75
$GNRMC,080727.00,A,2756.90920,S,02449.87058,E,3.50,123.7,120826,,,R*77
$GNGGA,080727.20,2756.90931,S,02449.87076,E,4,18,0.7,94.107,M,28.000,M,1.0,0000*73
$GNGST,080727.20,0.012,0.015,0.011,32.1,0.011,0.013,0.021*77
$GNRMC,080727.20,A,2756.90931,S,02449.87076,E,3.50,123.7,120826,,,R*79
$GNGGA,080727.40,2756.90942,S,02449.87095,E,4,18,0.7,94.106,M,28.000,M,1.0,0000*7D
$GNGST,080727.40,0.012,0.015,0.011,32.1,0.011,0.013,0.021*71
$GNRMC,080727.40,A,2756.90942,S,02449.87095,E,3.50,123.7,120826,,,R*76
$GNGGA,080727.60,2756.90953,S,02449.87113,E,4,18,0.7,94.106,M,28.000,M,1.0,0000*70
$GNGST,080727.60,0.012,0.015,0.011,32.1,0.011,0.013,0.021*73
$GNRMC,080727.60,A,2756.90953,S,02449.87113,E,3.50,123.7,120826,,,R*7B
$GNGGA,080727.80,2756.90964,S,02449.87132,E,4,18,0.7,94.105,M,28.000,M,1.0,0000*7A
$GNGST,080727.80,0.012,0.015,0.011,32.1,0.011,0.013,0.021*7D
$GNRMC,080727.80,A,2756.90964,S,02449.87132,E,3.50,123.7,120826,,,R*72
$GNGGA,080728.00,2756.90975,S,02449.87150,E,4,18,0.7,94.105,M,28.000,M,1.0,0000*79
$GNGST,080728.00,0.012,0.015,0.011,32.1,0.011,0.013,0.021*7A
$GNRMC,080728.00,A,2756.90975,S,02449.87150,E,3.50,123.7,120826,,,R*71
$GNGGA,080728.20,2756.90986,S,02449.87169,E,4,18,0.7,94.104,M,28.000,M,1.0,0000*7C
$GNGST,080728.20,0.012,0.015,0.011,32.1,0.011,0.013,0.021*78
$GNRMC,080728.20,A,2756.90986,S,02449.87169,E,3.50,123.7,120826,,,R*75
$GNGGA,080728.40,2756.90996,S,02449.87187,E,4,18,0.7,94.104,M,28.000,M,1.0,0000*7B
$GNGST,080728.40,0.012,0.015,0.011,32.1,0.011,0.013,0.021*7E
$GNRMC,080728.40,A,2756.90996,S,02449.87187,E,3.50,123.7,120826,,,R*72
$GNGGA,080728.60,2756.91007,S,02449.87206,E,4,18,0.7,94.103,M,28.000,M,1.0,0000*74
$GNGST,080728.60,0.012,0.015,0.011,32.1,0.011,0.013,0.021*7C
$GNRMC,080728.60,A,2756.91007,S,02449.87206,E,3.50,123.7,120826,,,R*7A
$GNGGA,080728.80,2756.91018,S,02449.87224,E,4,18,0.7,94.103,M,28.000,M,1.0,0000*74
$GNGST,080728.80,0.012,0.015,0.011,32.1,0.011,0.013,0.021*72
$GNRMC,080728.80,A,2756.91018,S,02449.87224,E,3.50,123.7,120826,,,R*7A
$GNGGA,080729.00,2756.91029,S,02449.87243,E,4,18,0.7,94.103,M,28.000,M,1.0,0000*7E
$GNGST,080729.00,0.012,0.015,0.011,32.1,0.011,0.013,0.021*7B
$GNRMC,080729.00,A,2756.91029,S,02449.87243,E,3.50,123.7,120826,,,R*70
$GNGGA,080729.20,2756.91040,S,02449.87261,E,4,18,0.7,94.102,M,28.000,M,1.0,0000*72
$GNGST,080729.20,0.012,0.015,0.011,32.1,0.011,0.013,0.021*79
$GNRMC,080729.20,A,2756.91040,S,02449.87261,E,3.50,123.7,120826,,,R*7D
$GNGGA,080729.40,2756.91051,S,02449.87280,E,4,18,0.7,94.102,M,28.000,M,1.0,0000*7B
$GNGST,080729.40,0.012,0.015,0.011,32.1,0.011,0.013,0.021*7F
$GNRMC,080729.40,A,2756.91051,S,02449.87280,E,3.50,123.7,120826,,,R*74
$GNGGA,080729.60,2756.91062,S,02449.87298,E,4,18,0.7,94.101,M,28.000,M,1.0,0000*73
$GNGST,080729.60,0.012,0.015,0.011,32.1,0.011,0.013,0.021*7D
$GNRMC,080729.60,A,2756.91062,S,02449.87298,E,3.50,123.7,120826,,,R*7F
$GNGGA,080729.80,2756.91073,S,02449.87317,E,4,18,0.7,94.101,M,28.000,M,1.0,0000*7B
$GNGST,080729.80,0.012,0.015,0.011,32.1,0.011,0.013,0.021*73
$GNRMC,080729.80,A,2756.91073,S,02449.87317,E,3.50,123.7,120826,,,R*77
$GNGGA,080730.00,2756.91092,S,02449.87317,E,4,18,0.7,94.100,M,28.000,M,1.0,0000*75
$GNGST,080730.00,0.012,0.015,0.011,32.1,0.011,0.013,0.021*73
$GNRMC,080730.00,A,2756.91092,S,02449.87317,E,3.50,180.0,120826,,,R*76
$GNGGA,080730.20,2756.91112,S,02449.87317,E,4,18,0.7,94.099,M,28.000,M,1.0,0000*7F
$GNGST,080730.20,0.012,0.015,0.011,32.1,0.011,0.013,0.021*71
$GNRMC,080730.20,A,2756.91112,S,02449.87317,E,3.50,180.0,120826,,,R*7D
$GNGGA,080730.40,2756.91131,S,02449.87317,E,4,18,0.7,94.098,M,28.000,M,1.0,0000*79
$GNGST,080730.40,0.012,0.015,0.011,32.1,0.011,0.013,0.021*77
$GNRMC,080730.40,A,2756.91131,S,02449.87317,E,3.50,180.0,120826,,,R*7A
$GNGGA,080730.60,2756.91151,S,02449.87317,E,4,18,0.7,94.097,M,28.000,M,1.0,0000*72
$GNGST,080730.60,0.012,0.015,0.011,32.1,0.011,0.013,0.021*75
$GNRMC,080730.60,A,2756.91151,S,02449.87317,E,3.50,180.0,120826,,,R*7E
$GNGGA,080730.80,2756.91170,S,02449.87317,E,4,18,0.7,94.096,M,28.000,M,1.0,0000*7E
$GNGST,080730.80,0.012,0.015,0.011,32.1,0.011,0.013,0.021*7B
$GNRMC,080730.80,A,2756.91170,S,02449.87317,E,3.50,180.0,120826,,,R*73
$GNGGA,080731.00,2756.91190,S,02449.87317,E,4,18,0.7,94.095,M,28.000,M,1.0,0000*7A
$GNGST,080731.00,0.012,0.015,0.011,32.1,0.011,0.013,0.021*72
$GNRMC,080731.00,A,2756.91190,S,02449.87317,E,3.50,180.0,120826,,,R*74
$GNGGA,080731.20,2756.91209,S,02449.87317,E,4,18,0.7,94.093,M,28.000,M,1.0,0000*7D
$GNGST,080731.20,0.012,0.015,0.011,32.1,0.011,0.013,0.021*70
$GNRMC,080731.20,A,2756.91209,S,02449.87317,E,3.50,180.0,120826,,,R*75
$GNGGA,080731.40,2756.91229,S,02449.87317,E,4,18,0.7,94.092,M,28.000,M,1.0,0000*78
$GNGST,080731.40,0.012,0.015,0.011,32.1,0.011,0.013,0.021*76
$GNRMC,080731.40,A,2756.91229,S,02449.87317,E,3.50,180.0,120826,,,R*71
$GNGGA,080731.60,2756.91248,S,02449.87317,E,4,18,0.7,94.091,M,28.000,M,1.0,0000*7E
$GNGST,080731.60,0.012,0.015,0.011,32.1,0.011,0.013,0.021*74
$GNRMC,080731.60,A,2756.91248,S,02449.87317,E,3.50,180.0,120826,,,R*74
$GNGGA,080731.80,2756.91268,S,02449.87317,E,4,18,0.7,94.090,M,28.000,M,1.0,0000*73
$GNGST,080731.80,0.012,0.015,0.011,32.1,0.011,0.013,0.021*7A
$GNRMC,080731.80,A,2756.91268,S,02449.87317,E,3.50,180.0,120826,,,R*78
$GNGGA,080732.00,2756.91287,S,02449.87317,E,4,18,0.7,94.089,M,28.000,M,1.0,0000*71
$GNGST,080732.00,0.012,0.015,0.011,32.1,0.011,0.013,0.021*71
$GNRMC,080732.00,A,2756.91287,S,02449.87317,E,3.50,180.0,120826,,,R*72
$GNGGA,080732.20,2756.91307,S,02449.87317,E,4,18,0.7,94.088,M,28.000,M,1.0,0000*7B
$GNGST,080732.20,0.012,0.015,0.011,32.1,0.011,0.013,0.021*73
$GNRMC,080732.20,A,2756.91307,S,02449.87317,E,3.50,180.0,120826,,,R*79
$GNGGA,080732.40,2756.91326,S,02449.87317,E,4,18,0.7,94.087,M,28.000,M,1.0,0000*71
$GNGST,080732.40,0.012,0.015,0.011,32.1,0.011,0.013,0.021*75
$GNRMC,080732.40,A,2756.91326,S,02449.87317,E,3.50,180.0,120826,,,R*7C
$GNGGA,080732.60,2756.91346,S,02449.87317,E,4,18,0.7,94.086,M,28.000,M,1.0,0000*74
$GNGST,080732.60,0.012,0.015,0.011,32.1,0.011,0.013,0.021*77
$GNRMC,080732.60,A,2756.91346,S,02449.87317,E,3.50,180.0,120826,,,R*78
$GNGGA,080732.80,2756.91365,S,02449.87317,E,4,18,0.7,94.085,M,28.000,M,1.0,0000*78
$GNGST,080732.80,0.012,0.015,0.011,32.1,0.011,0.013,0.021*79
$GNRMC,080732.80,A,2756.91365,S,02449.87317,E,3.50,180.0,120826,,,R*77
$GNGGA,080733.00,2756.91385,S,02449.87317,E,4,18,0.7,94.084,M,28.000,M,1.0,0000*7E
$GNGST,080733.00,0.012,0.015,0.011,32.1,0.011,0.013,0.021*70
$GNRMC,080733.00,A,2756.91385,S,02449.87317,E,3.50,180.0,120826,,,R*70
$GNGGA,080733.20,2756.91404,S,02449.87317,E,4,18,0.7,94.083,M,28.000,M,1.0,0000*75
$GNGST,080733.20,0.012,0.015,0.011,32.1,0.011,0.013,0.021*72
$GNRMC,080733.20,A,2756.91404,S,02449.87317,E,3.50,180.0,120826,,,R*7C
$GNGGA,080733.40,2756.91424,S,02449.87317,E,4,18,0.7,94.082,M,28.000,M,1.0,0000*70
$GNGST,080733.40,0.012,0.015,0.011,32.1,0.011,0.013,0.021*74
$GNRMC,080733.40,A,2756.91424,S,02449.87317,E,3.50,180.0,120826,,,R*78
$GNGGA,080733.60,2756.91443,S,02449.87317,E,4,18,0.7,94.081,M,28.000,M,1.0,0000*70
$GNGST,080733.60,0.012,0.015,0.011,32.1,0.011,0.013,0.021*76
$GNRMC,080733.60,A,2756.91443,S,02449.87317,E,3.50,180.0,120826,,,R*7B
$GNGGA,080733.80,2756.91463,S,02449.87317,E,4,18,0.7,94.080,M,28.000,M,1.0,0000*7D
$GNGST,080733.80,0.012,0.015,0.011,32.1,0.011,0.013,0.021*78
$GNRMC,080733.80,A,2756.91463,S,02449.87317,E,3.50,180.0,120826,,,R*77
$GNGGA,080734.00,2756.91482,S,02449.87317,E,4,18,0.7,94.079,M,28.000,M,1.0,0000*7B
$GNGST,080734.00,0.012,0.015,0.011,32.1,0.011,0.013,0.021*77
$GNRMC,080734.00,A,2756.91482,S,02449.87317,E,3.50,180.0,120826,,,R*77
$GNGGA,080734.20,2756.91502,S,02449.87317,E,4,18,0.7,94.078,M,28.000,M,1.0,0000*71
$GNGST,080734.20,0.012,0.015,0.011,32.1,0.011,0.013,0.021*75
$GNRMC,080734.20,A,2756.91502,S,02449.87317,E,3.50,180.0,120826,,,R*7C
$GNGGA,080734.40,2756.91521,S,02449.87317,E,4,18,0.7,94.077,M,28.000,M,1.0,0000*79
$GNGST,080734.40,0.012,0.015,0.011,32.1,0.011,0.013,0.021*73
$GNRMC,080734.40,A,2756.91521,S,02449.87317,E,3.50,180.0,120826,,,R*7B
$GNGGA,080734.60,2756.91541,S,02449.87317,E,4,18,0.7,94.076,M,28.000,M,1.0,0000*7C
$GNGST,080734.60,0.012,0.015,0.011,32.1,0.011,0.013,0.021*71
$GNRMC,080734.60,A,2756.91541,S,02449.87317,E,3.50,180.0,120826,,,R*7F
$GNGGA,080734.80,2756.91560,S,02449.87317,E,4,18,0.7,94.075,M,28.000,M,1.0,0000*72
$GNGST,080734.80,0.012,0.015,0.011,32.1,0.011,0.013,0.021*7F
$GNRMC,080734.80,A,2756.91560,S,02449.87317,E,3.50,180.0,120826,,,R*72
$GNGGA,080735.00,2756.91580,S,02449.87317,E,4,18,0.7,94.075,M,28.000,M,1.0,0000*75
$GNGST,080735.00,0.012,0.015,0.011,32.1,0.011,0.013,0.021*76
$GNRMC,080735.00,A,2756.91580,S,02449.87317,E,3.50,180.0,120826,,,R*75
$GNGGA,080735.20,2756.91599,S,02449.87317,E,4,18,0.7,94.074,M,28.000,M,1.0,0000*7E
$GNGST,080735.20,0.012,0.015,0.011,32.1,0.011,0.013,0.021*74
$GNRMC,080735.20,A,2756.91599,S,02449.87317,E,3.50,180.0,120826,,,R*7F
$GNGGA,080735.40,2756.91619,S,02449.87317,E,4,18,0.7,94.073,M,28.000,M,1.0,0000*74
$GNGST,080735.40,0.012,0.015,0.011,32.1,0.011,0.013,0.021*72
$GNRMC,080735.40,A,2756.91619,S,02449.87317,E,3.50,180.0,120826,,,R*72
$GNGGA,080735.60,2756.91638,S,02449.87317,E,4,18,0.7,94.072,M,28.000,M,1.0,0000*74
$GNGST,080735.60,0.012,0.015,0.011,32.1,0.011,0.013,0.021*70
$GNRMC,080735.60,A,2756.91638,S,02449.87317,E,3.50,180.0,120826,,,R*73
$GNGGA,080735.80,2756.91658,S,02449.87317,E,4,18,0.7,94.071,M,28.000,M,1.0,0000*7F
$GNGST,080735.80,0.012,0.015,0.011,32.1,0.011,0.013,0.021*7E
$GNRMC,080735.80,A,2756.91658,S,02449.87317,E,3.50,180.0,120826,,,R*7B
$GNGGA,080736.00,2756.91677,S,02449.87317,E,4,18,0.7,94.070,M,28.000,M,1.0,0000*78
$GNGST,080736.00,0.012,0.015,0.011,32.1,0.011,0.013,0.021*75
$GNRMC,080736.00,A,2756.91677,S,02449.87317,E,3.50,180.0,120826,,,R*7D
$GNGGA,080736.20,2756.91697,S,02449.87317,E,4,18,0.7,94.069,M,28.000,M,1.0,0000*7C
$GNGST,080736.20,0.012,0.015,0.011,32.1,0.011,0.013,0.021*77
$GNRMC,080736.20,A,2756.91697,S,02449.87317,E,3.50,180.0,120826,,,R*71
$GNGGA,080736.40,2756.91716,S,02449.87317,E,4,18,0.7,94.068,M,28.000,M,1.0,0000*73
$GNGST,080736.40,0.012,0.015,0.011,32.1,0.011,0.013,0.021*71
$GNRMC,080736.40,A,2756.91716,S,02449.87317,E,3.50,180.0,120826,,,R*7F
$GNGGA,080736.60,2756.91736,S,02449.87317,E,4,18,0.7,94.067,M,28.000,M,1.0,0000*7C
$GNGST,080736.60,0.012,0.015,0.011,32.1,0.011,0.013,0.021*73
$GNRMC,080736.60,A,2756.91736,S,02449.87317,E,3.50,180.0,120826,,,R*7F
$GNGGA,080736.80,2756.91755,S,02449.87317,E,4,18,0.7,94.066,M,28.000,M,1.0,0000*76
$GNGST,080736.80,0.012,0.015,0.011,32.1,0.011,0.013,0.021*7D
$GNRMC,080736.80,A,2756.91755,S,02449.87317,E,3.50,180.0,120826,,,R*74
$GNGGA,080737.00,2756.91775,S,02449.87317,E,4,18,0.7,94.065,M,28.000,M,1.0,0000*7E
$GNGST,080737.00,0.012,0.015,0.011,32.1,0.011,0.013,0.021*74
$GNRMC,080737.00,A,2756.91775,S,02449.87317,E,3.50,180.0,120826,,,R*7F
$GNGGA,080737.20,2756.91794,S,02449.87317,E,4,18,0.7,94.065,M,28.000,M,1.0,0000*73
$GNGST,080737.20,0.012,0.015,0.011,32.1,0.011,0.013,0.021*76
$GNRMC,080737.20,A,2756.91794,S,02449.87317,E,3.50,180.0,120826,,,R*72
$GNGGA,080737.40,2756.91814,S,02449.87317,E,4,18,0.7,94.064,M,28.000,M,1.0,0000*73
$GNGST,080737.40,0.012,0.015,0.011,32.1,0.011,0.013,0.021*70
$GNRMC,080737.40,A,2756.91814,S,02449.87317,E,3.50,180.0,120826,,,R*73
$GNGGA,080737.60,2756.91833,S,02449.87317,E,4,18,0.7,94.063,M,28.000,M,1.0,0000*73
$GNGST,080737.60,0.012,0.015,0.011,32.1,0.011,0.013,0.021*72
$GNRMC,080737.60,A,2756.91833,S,02449.87317,E,3.50,180.0,120826,,,R*74
$GNGGA,080737.80,2756.91853,S,02449.87317,E,4,18,0.7,94.062,M,28.000,M,1.0,0000*7A
$GNGST,080737.80,0.012,0.015,0.011,32.1,0.011,0.013,0.021*7C
$GNRMC,080737.80,A,2756.91853,S,02449.87317,E,3.50,180.0,120826,,,R*7C
$GNGGA,080738.00,2756.91872,S,02449.87317,E,4,18,0.7,94.061,M,28.000,M,1.0,0000*7D
$GNGST,080738.00,0.012,0.015,0.011,32.1,0.011,0.013,0.021*7B
$GNRMC,080738.00,A,2756.91872,S,02449.87317,E,3.50,180.0,120826,,,R*78
$GNGGA,080738.20,2756.91892,S,02449.87317,E,4,18,0.7,94.060,M,28.000,M,1.0,0000*70
$GNGST,080738.20,0.012,0.015,0.011,32.1,0.011,0.013,0.021*79
$GNRMC,080738.20,A,2756.91892,S,02449.87317,E,3.50,180.0,120826,,,R*74
$GNGGA,080738.40,2756.91911,S,02449.87317,E,4,18,0.7,94.060,M,28.000,M,1.0,0000*7C
$GNGST,080738.40,0.012,0.015,0.011,32.1,0.011,0.013,0.021*7F
$GNRMC,080738.40,A,2756.91911,S,02449.87317,E,3.50,180.0,120826,,,R*78
$GNGGA,080738.60,2756.91931,S,02449.87317,E,4,18,0.7,94.059,M,28.000,M,1.0,0000*76
$GNGST,080738.60,0.012,0.015,0.011,32.1,0.011,0.013,0.021*7D
$GNRMC,080738.60,A,2756.91931,S,02449.87317,E,3.50,180.0,120826,,,R*78
$GNGGA,080738.80,2756.91950,S,02449.87317,E,4,18,0.7,94.058,M,28.000,M,1.0,0000*7E
$GNGST,080738.80,0.012,0.015,0.011,32.1,0.011,0.013,0.021*73
$GNRMC,080738.80,A,2756.91950,S,02449.87317,E,3.50,180.0,120826,,,R*71
$GNGGA,080739.00,2756.91970,S,02449.87317,E,4,18,0.7,94.057,M,28.000,M,1.0,0000*7A
$GNGST,080739.00,0.012,0.015,0.011,32.1,0.011,0.013,0.021*7A
$GNRMC,080739.00,A,2756.91970,S,02449.87317,E,3.50,180.0,120826,,,R*7A
$GNGGA,080739.20,2756.91989,S,02449.87317,E,4,18,0.7,94.056,M,28.000,M,1.0,0000*7F
$GNGST,080739.20,0.012,0.015,0.011,32.1,0.011,0.013,0.021*78
$GNRMC,080739.20,A,2756.91989,S,02449.87317,E,3.50,180.0,120826,,,R*7E
$GNGGA,080739.40,2756.92009,S,02449.87317,E,4,18,0.7,94.056,M,28.000,M,1.0,0000*7B
$GNGST,080739.40,0.012,0.015,0.011,32.1,0.011,0.013,0.021*7E
$GNRMC,080739.40,A,2756.92009,S,02449.87317,E,3.50,180.0,120826,,,R*7A
$GNGGA,080739.60,2756.92028,S,02449.87317,E,4,18,0.7,94.055,M,28.000,M,1.0,0000*79
$GNGST,080739.60,0.012,0.015,0.011,32.1,0.011,0.013,0.021*7C
$GNRMC,080739.60,A,2756.92028,S,02449.87317,E,3.50,180.0,120826,,,R*7B
$GNGGA,080739.80,2756.92048,S,02449.87317,E,4,18,0.7,94.054,M,28.000,M,1.0,0000*70
$GNGST,080739.80,0.012,0.015,0.011,32.1,0.011,0.013,0.021*72
$GNRMC,080739.80,A,2756.92048,S,02449.87317,E,3.50,180.0,120826,,,R*73
$GNGGA,080740.00,2756.92067,S,02449.87317,E,4,18,0.7,94.053,M,28.000,M,1.0,0000*7C
$GNGST,080740.00,0.012,0.015,0.011,32.1,0.011,0.013,0.021*74
$GNRMC,080740.00,A,2756.92067,S,02449.87317,E,3.50,180.0,120826,,,R*78
$GNGGA,080740.20,2756.92087,S,02449.87317,E,4,18,0.7,94.053,M,28.000,M,1.0,0000*70
$GNGST,080740.20,0.012,0.015,0.011,32.1,0.011,0.013,0.021*76
$GNRMC,080740.20,A,2756.92087,S,02449.87317,E,3.50,180.0,120826,,,R*74
$GNGGA,080740.40,2756.92106,S,02449.87317,E,4,18,0.7,94.052,M,28.000,M,1.0,0000*7F
$GNGST,080740.40,0.012,0.015,0.011,32.1,0.011,0.013,0.021*70
$GNRMC,080740.40,A,2756.92106,S,02449.87317,E,3.50,180.0,120826,,,R*7A
$GNGGA,080740.60,2756.92126,S,02449.87317,E,4,18,0.7,94.051,M,28.000,M,1.0,0000*7C
$GNGST,080740.60,0.012,0.015,0.011,32.1,0.011,0.013,0.021*72
$GNRMC,080740.60,A,2756.92126,S,02449.87317,E,3.50,180.0,120826,,,R*7A
$GNGGA,080740.80,2756.92145,S,02449.87317,E,4,18,0.7,94.050,M,28.000,M,1.0,0000*76
$GNGST,080740.80,0.012,0.015,0.011,32.1,0.011,0.013,0.021*7C
$GNRMC,080740.80,A,2756.92145,S,02449.87317,E,3.50,180.0,120826,,,R*71
$GNGGA,080741.00,2756.92164,S,02449.87317,E,4,18,0.7,94.050,M,28.000,M,1.0,0000*7C
$GNGST,080741.00,0.012,0.015,0.011,32.1,0.011,0.013,0.021*75
$GNRMC,080741.00,A,2756.92164,S,02449.87317,E,3.50,180.0,120826,,,R*7B
$GNGGA,080741.20,2756.92184,S,02449.87317,E,4,18,0.7,94.049,M,28.000,M,1.0,0000*78
$GNGST,080741.20,0.012,0.015,0.011,32.1,0.011,0.013,0.021*77
$GNRMC,080741.20,A,2756.92184,S,02449.87317,E,3.50,180.0,120826,,,R*77
$GNGGA,080741.40,2756.92203,S,02449.87317,E,4,18,0.7,94.048,M,28.000,M,1.0,0000*73
$GNGST,080741.40,0.012,0.015,0.011,32.1,0.011,0.013,0.021*71
$GNRMC,080741.40,A,2756.92203,S,02449.87317,E,3.50,180.0,120826,,,R*7D
$GNGGA,080741.60,2756.92223,S,02449.87317,E,4,18,0.7,94.048,M,28.000,M,1.0,0000*73
$GNGST,080741.60,0.012,0.015,0.011,32.1,0.011,0.013,0.021*73
$GNRMC,080741.60,A,2756.92223,S,02449.87317,E,3.50,180.0,120826,,,R*7D
$GNGGA,080741.80,2756.92242,S,02449.87317,E,4,18,0.7,94.047,M,28.000,M,1.0,0000*75
$GNGST,080741.80,0.012,0.015,0.011,32.1,0.011,0.013,0.021*7D
$GNRMC,080741.80,A,2756.92242,S,02449.87317,E,3.50,180.0,120826,,,R*74
$GNGGA,080742.00,2756.92262,S,02449.87317,E,4,18,0.7,94.046,M,28.000,M,1.0,0000*7D
$GNGST,080742.00,0.012,0.015,0.011,32.1,0.011,0.013,0.021*76
$GNRMC,080742.00,A,2756.92262,S,02449.87317,E,3.50,180.0,120826,,,R*7D
$GNGGA,080742.20,2756.92281,S,02449.87317,E,4,18,0.7,94.046,M,28.000,M,1.0,0000*72
$GNGST,080742.20,0.012,0.015,0.011,32.1,0.011,0.013,0.021*74
$GNRMC,080742.20,A,2756.92281,S,02449.87317,E,3.50,180.0,120826,,,R*72
$GNGGA,080742.40,2756.92301,S,02449.87317,E,4,18,0.7,94.045,M,28.000,M,1.0,0000*7E
$GNGST,080742.40,0.012,0.015,0.011,32.1,0.011,0.013,0.021*72
$GNRMC,080742.40,A,2756.92301,S,02449.87317,E,3.50,180.0,120826,,,R*7D
$GNGGA,080742.60,2756.92320,S,02449.87317,E,4,18,0.7,94.044,M,28.000,M,1.0,0000*7E
$GNGST,080742.60,0.012,0.015,0.011,32.1,0.011,0.013,0.021*70
$GNRMC,080742.60,A,2756.92320,S,02449.87317,E,3.50,180.0,120826,,,R*7C
$GNGGA,080742.80,2756.92340,S,02449.87317,E,4,18,0.7,94.044,M,28.000,M,1.0,0000*76
$GNGST,080742.80,0.012,0.015,0.011,32.1,0.011,0.013,0.021*7E
$GNRMC,080742.80,A,2756.92340,S,02449.87317,E,3.50,180.0,120826,,,R*74
$GNGGA,080743.00,2756.92359,S,02449.87317,E,4,18,0.7,94.043,M,28.000,M,1.0,0000*70
$GNGST,080743.00,0.012,0.015,0.011,32.1,0.011,0.013,0.021*77
$GNRMC,080743.00,A,2756.92359,S,02449.87317,E,3.50,180.0,120826,,,R*75
$GNGGA,080743.20,2756.92379,S,02449.87317,E,4,18,0.7,94.042,M,28.000,M,1.0,0000*71
$GNGST,080743.20,0.012,0.015,0.011,32.1,0.011,0.013,0.021*75
$GNRMC,080743.20,A,2756.92379,S,02449.87317,E,3.50,180.0,120826,,,R*75
$GNGGA,080743.40,2756.92398,S,02449.87317,E,4,18,0.7,94.042,M,28.000,M,1.0,0000*78
$GNGST,080743.40,0.012,0.015,0.011,32.1,0.011,0.013,0.021*73
$GNRMC,080743.40,A,2756.92398,S,02449.87317,E,3.50,180.0,120826,,,R*7C
$GNGGA,080743.60,2756.92418,S,02449.87317,E,4,18,0.7,94.041,M,28.000,M,1.0,0000*76
$GNGST,080743.60,0.012,0.015,0.011,32.1,0.011,0.013,0.021*71
$GNRMC,080743.60,A,2756.92418,S,02449.87317,E,3.50,180.0,120826,,,R*71
$GNGGA,080743.80,2756.92437,S,02449.87317,E,4,18,0.7,94.041,M,28.000,M,1.0,0000*75
$GNGST,080743.80,0.012,0.015,0.011,32.1,0.011,0.013,0.021*7F
$GNRMC,080743.80,A,2756.92437,S,02449.87317,E,3.50,180.0,120826,,,R*72
$GNGGA,080744.00,2756.92457,S,02449.87317,E,4,18,0.7,94.040,M,28.000,M,1.0,0000*7D
$GNGST,080744.00,0.012,0.015,0.011,32.1,0.011,0.013,0.021*70
$GNRMC,080744.00,A,2756.92457,S,02449.87317,E,3.50,180.0,120826,,,R*7B
$GNGGA,080744.20,2756.92476,S,02449.87317,E,4,18,0.7,94.040,M,28.000,M,1.0,0000*7C
$GNGST,080744.20,0.012,0.015,0.011,32.1,0.011,0.013,0.021*72
$GNRMC,080744.20,A,2756.92476,S,02449.87317,E,3.50,180.0,120826,,,R*7A
$GNGGA,080744.40,2756.92496,S,02449.87317,E,4,18,0.7,94.039,M,28.000,M,1.0,0000*7A
$GNGST,080744.40,0.012,0.015,0.011,32.1,0.011,0.013,0.021*74
$GNRMC,080744.40,A,2756.92496,S,02449.87317,E,3.50,180.0,120826,,,R*72
$GNGGA,080744.60,2756.92515,S,02449.87317,E,4,18,0.7,94.038,M,28.000,M,1.0,0000*73
$GNGST,080744.60,0.012,0.015,0.011,32.1,0.011,0.013,0.021*76
$GNRMC,080744.60,A,2756.92515,S,02449.87317,E,3.50,180.0,120826,,,R*7A
$GNGGA,080744.80,2756.92535,S,02449.87317,E,4,18,0.7,94.038,M,28.000,M,1.0,0000*7F
$GNGST,080744.80,0.012,0.015,0.011,32.1,0.011,0.013,0.021*78
$GNRMC,080744.80,A,2756.92535,S,02449.87317,E,3.50,180.0,120826,,,R*76
$GNGGA,080745.00,2756.92554,S,02449.87317,E,4,18,0.7,94.037,M,28.000,M,1.0,0000*7E
$GNGST,080745.00,0.012,0.015,0.011,32.1,0.011,0.013,0.021*71
$GNRMC,080745.00,A,2756.92554,S,02449.87317,E,3.50,180.0,120826,,,R*78
$GNGGA,080745.20,2756.92574,S,02449.87317,E,4,18,0.7,94.037,M,28.000,M,1.0,0000*7E
$GNGST,080745.20,0.012,0.015,0.011,32.1,0.011,0.013,0.021*73
$GNRMC,080745.20,A,2756.92574,S,02449.87317,E,3.50,180.0,120826,,,R*78
$GNGGA,080745.40,2756.92593,S,02449.87317,E,4,18,0.7,94.036,M,28.000,M,1.0,0000*70
$GNGST,080745.40,0.012,0.015,0.011,32.1,0.011,0.013,0.021*75
$GNRMC,080745.40,A,2756.92593,S,02449.87317,E,3.50,180.0,120826,,,R*77
$GNGGA,080745.60,2756.92613,S,02449.87317,E,4,18,0.7,94.036,M,28.000,M,1.0,0000*79
$GNGST,080745.60,0.012,0.015,0.011,32.1,0.011,0.013,0.021*77
$GNRMC,080745.60,A,2756.92613,S,02449.87317,E,3.50,180.0,120826,,,R*7E
$GNGGA,080745.80,2756.92632,S,02449.87317,E,4,18,0.7,94.035,M,28.000,M,1.0,0000*77
$GNGST,080745.80,0.012,0.015,0.011,32.1,0.011,0.013,0.021*79
$GNRMC,080745.80,A,2756.92632,S,02449.87317,E,3.50,180.0,120826,,,R*73
$GNGGA,080746.00,2756.92652,S,02449.87317,E,4,18,0.7,94.035,M,28.000,M,1.0,0000*7A
$GNGST,080746.00,0.012,0.015,0.011,32.1,0.011,0.013,0.021*72
$GNRMC,080746.00,A,2756.92652,S,02449.87317,E,3.50,180.0,120826,,,R*7E
$GNGGA,080746.20,2756.92671,S,02449.87317,E,4,18,0.7,94.034,M,28.000,M,1.0,0000*78
$GNGST,080746.20,0.012,0.015,0.011,32.1,0.011,0.013,0.021*70
$GNRMC,080746.20,A,2756.92671,S,02449.87317,E,3.50,180.0,120826,,,R*7D
$GNGGA,080746.40,2756.92691,S,02449.87317,E,4,18,0.7,94.034,M,28.000,M,1.0,0000*70
$GNGST,080746.40,0.012,0.015,0.011,32.1,0.011,0.013,0.021*76
$GNRMC,080746.40,A,2756.92691,S,02449.87317,E,3.50,180.0,120826,,,R*75
$GNGGA,080746.60,2756.92710,S,02449.87317,E,4,18,0.7,94.034,M,28.000,M,1.0,0000*7A
$GNGST,080746.60,0.012,0.015,0.011,32.1,0.011,0.013,0.021*74
$GNRMC,080746.60,A,2756.92710,S,02449.87317,E,3.50,180.0,120826,,,R*7F
$GNGGA,080746.80,2756.92730,S,02449.87317,E,4,18,0.7,94.033,M,28.000,M,1.0,0000*71
$GNGST,080746.80,0.012,0.015,0.011,32.1,0.011,0.013,0.021*7A
$GNRMC,080746.80,A,2756.92730,S,02449.87317,E,3.50,180.0,120826,,,R*73
$GNGGA,080747.00,2756.92749,S,02449.87317,E,4,18,0.7,94.033,M,28.000,M,1.0,0000*76
$GNGST,080747.00,0.012,0.015,0.011,32.1,0.011,0.013,0.021*73
$GNRMC,080747.00,A,2756.92749,S,02449.87317,E,3.50,180.0,120826,,,R*74
$GNGGA,080747.20,2756.92769,S,02449.87317,E,4,18,0.7,94.032,M,28.000,M,1.0,0000*77
$GNGST,080747.20,0.012,0.015,0.011,32.1,0.011,0.013,0.021*71
$GNRMC,080747.20,A,2756.92769,S,02449.87317,E,3.50,180.0,120826,,,R*74
$GNGGA,080747.40,2756.92788,S,02449.87317,E,4,18,0.7,94.032,M,28.000,M,1.0,0000*7E
$GNGST,080747.40,0.012,0.015,0.011,32.1,0.011,0.013,0.021*77
$GNRMC,080747.40,A,2756.92788,S,02449.87317,E,3.50,180.0,120826,,,R*7D
$GNGGA,080747.60,2756.92808,S,02449.87317,E,4,18,0.7,94.031,M,28.000,M,1.0,0000*78
$GNGST,080747.60,0.012,0.015,0.011,32.1,0.011,0.013,0.021*75
$GNRMC,080747.60,A,2756.92808,S,02449.87317,E,3.50,180.0,120826,,,R*78
$GNGGA,080747.80,2756.92827,S,02449.87317,E,4,18,0.7,94.031,M,28.000,M,1.0,0000*7B
$GNGST,080747.80,0.012,0.015,0.011,32.1,0.011,0.013,0.021*7B
$GNRMC,080747.80,A,2756.92827,S,02449.87317,E,3.50,180.0,120826,,,R*7B
$GNGGA,080748.00,2756.92847,S,02449.87317,E,4,18,0.7,94.031,M,28.000,M,1.0,0000*7A
$GNGST,080748.00,0.012,0.015,0.011,32.1,0.011,0.013,0.021*7C
$GNRMC,080748.00,A,2756.92847,S,02449.87317,E,3.50,180.0,120826,,,R*7A
$GNGGA,080748.20,2756.92866,S,02449.87317,E,4,18,0.7,94.030,M,28.000,M,1.0,0000*7A
$GNGST,080748.20,0.012,0.015,0.011,32.1,0.011,0.013,0.021*7E
$GNRMC,080748.20,A,2756.92866,S,02449.87317,E,3.50,180.0,120826,,,R*7B
$GNGGA,080748.40,2756.92886,S,02449.87317,E,4,18,0.7,94.030,M,28.000,M,1.0,0000*72
$GNGST,080748.40,0.012,0.015,0.011,32.1,0.011,0.013,0.021*78
$GNRMC,080748.40,A,2756.92886,S,02449.87317,E,3.50,180.0,120826,,,R*73
$GNGGA,080748.60,2756.92905,S,02449.87317,E,4,18,0.7,94.030,M,28.000,M,1.0,0000*7A
$GNGST,080748.60,0.012,0.015,0.011,32.1,0.011,0.013,0.021*7A
$GNRMC,080748.60,A,2756.92905,S,02449.87317,E,3.50,180.0,120826,,,R*7B
$GNGGA,080748.80,2756.92925,S,02449.87317,E,4,18,0.7,94.029,M,28.000,M,1.0,0000*7E
$GNGST,080748.80,0.012,0.015,0.011,32.1,0.011,0.013,0.021*74
$GNRMC,080748.80,A,2756.92925,S,02449.87317,E,3.50,180.0,120826,,,R*77
$GNGGA,080749.00,2756.92944,S,02449.87317,E,4,18,0.7,94.029,M,28.000,M,1.0,0000*70
$GNGST,080749.00,0.012,0.015,0.011,32.1,0.011,0.013,0.021*7D
$GNRMC,080749.00,A,2756.92944,S,02449.87317,E,3.50,180.0,120826,,,R*79
$GNGGA,080749.20,2756.92964,S,02449.87317,E,4,18,0.7,94.029,M,28.000,M,1.0,0000*70
$GNGST,080749.20,0.012,0.015,0.011,32.1,0.011,0.013,0.021*7F
$GNRMC,080749.20,A,2756.92964,S,02449.87317,E,3.50,180.0,120826,,,R*79
$GNGGA,080749.40,2756.92983,S,02449.87317,E,4,18,0.7,94.028,M,28.000,M,1.0,0000*7E
$GNGST,080749.40,0.012,0.015,0.011,32.1,0.011,0.013,0.021*79
$GNRMC,080749.40,A,2756.92983,S,02449.87317,E,3.50,180.0,120826,,,R*76
$GNGGA,080749.60,2756.93003,S,02449.87317,E,4,18,0.7,94.028,M,28.000,M,1.0,0000*7C
$GNGST,080749.60,0.012,0.015,0.011,32.1,0.011,0.013,0.021*7B
$GNRMC,080749.60,A,2756.93003,S,02449.87317,E,3.50,180.0,120826,,,R*74
$GNGGA,080749.80,2756.93022,S,02449.87317,E,4,18,0.7,94.028,M,28.000,M,1.0,0000*71
$GNGST,080749.80,0.012,0.015,0.011,32.1,0.011,0.013,0.021*75
$GNRMC,080749.80,A,2756.93022,S,02449.87317,E,3.50,180.0,120826,,,R*79
$GNGGA,080750.00,2756.93042,S,02449.87317,E,4,18,0.7,94.027,M,28.000,M,1.0,0000*78
$GNGST,080750.00,0.012,0.015,0.011,32.1,0.011,0.013,0.021*75
$GNRMC,080750.00,A,2756.93042,S,02449.87317,E,3.50,180.0,120826,,,R*7F
$GNGGA,080750.20,2756.93061,S,02449.87317,E,4,18,0.7,94.027,M,28.000,M,1.0,0000*7B
$GNGST,080750.20,0.012,0.015,0.011,32.1,0.011,0.013,0.021*77
$GNRMC,080750.20,A,2756.93061,S,02449.87317,E,3.50,180.0,120826,,,R*7C
$GNGGA,080750.40,2756.93081,S,02449.87317,E,4,18,0.7,94.027,M,28.000,M,1.0,0000*73
$GNGST,080750.40,0.012,0.015,0.011,32.1,0.011,0.013,0.021*71
$GNRMC,080750.40,A,2756.93081,S,02449.87317,E,3.50,180.0,120826,,,R*74
$GNGGA,080750.60,2756.93100,S,02449.87317,E,4,18,0.7,94.027,M,28.000,M,1.0,0000*79
$GNGST,080750.60,0.012,0.015,0.011,32.1,0.011,0.013,0.021*73
$GNRMC,080750.60,A,2756.93100,S,02449.87317,E,3.50,180.0,120826,,,R*7E
$GNGGA,080750.80,2756.93120,S,02449.87317,E,4,18,0.7,94.026,M,28.000,M,1.0,0000*74
$GNGST,080750.80,0.012,0.015,0.011,32.1,0.011,0.013,0.021*7D
$GNRMC,080750.80,A,2756.93120,S,02449.87317,E,3.50,180.0,120826,,,R*72
$GNGGA,080751.00,2756.93139,S,02449.87317,E,4,18,0.7,94.026,M,28.000,M,1.0,0000*75
$GNGST,080751.00,0.012,0.015,0.011,32.1,0.011,0.013,0.021*74
$GNRMC,080751.00,A,2756.93139,S,02449.87317,E,3.50,180.0,120826,,,R*73
$GNGGA,080751.20,2756.93159,S,02449.87317,E,4,18,0.7,94.026,M,28.000,M,1.0,0000*71
$GNGST,080751.20,0.012,0.015,0.011,32.1,0.011,0.013,0.021*76
$GNRMC,080751.20,A,2756.93159,S,02449.87317,E,3.50,180.0,120826,,,R*77
$GNGGA,080751.40,2756.93178,S,02449.87317,E,4,18,0.7,94.026,M,28.000,M,1.0,0000*74
$GNGST,080751.40,0.012,0.015,0.011,32.1,0.011,0.013,0.021*70
$GNRMC,080751.40,A,2756.93178,S,02449.87317,E,3.50,180.0,120826,,,R*72
$GNGGA,080751.60,2756.93198,S,02449.87317,E,4,18,0.7,94.026,M,28.000,M,1.0,0000*78
$GNGST,080751.60,0.012,0.015,0.011,32.1,0.011,0.013,0.021*72
$GNRMC,080751.60,A,2756.93198,S,02449.87317,E,3.50,180.0,120826,,,R*7E
$GNGGA,080751.80,2756.93217,S,02449.87317,E,4,18,0.7,94.025,M,28.000,M,1.0,0000*71
$GNGST,080751.80,0.012,0.015,0.011,32.1,0.011,0.013,0.021*7C
$GNRMC,080751.80,A,2756.93217,S,02449.87317,E,3.50,180.0,120826,,,R*74
$GNGGA,080752.00,2756.93237,S,02449.87317,E,4,18,0.7,94.025,M,28.000,M,1.0,0000*78
$GNGST,080752.00,0.012,0.015,0.011,32.1,0.011,0.013,0.021*77
$GNRMC,080752.00,A,2756.93237,S,02449.87317,E,3.50,180.0,120826,,,R*7D
$GNGGA,080752.20,2756.93256,S,02449.87317,E,4,18,0.7,94.025,M,28.000,M,1.0,0000*7D
$GNGST,080752.20,0.012,0.015,0.011,32.1,0.011,0.013,0.021*75
$GNRMC,080752.20,A,2756.93256,S,02449.87317,E,3.50,180.0,120826,,,R*78
$GNGGA,080752.40,2756.93275,S,02449.87317,E,4,18,0.7,94.025,M,28.000,M,1.0,0000*7A
$GNGST,080752.40,0.012,0.015,0.011,32.1,0.011,0.013,0.021*73
$GNRMC,080752.40,A,2756.93275,S,02449.87317,E,3.50,180.0,120826,,,R*7F
$GNGGA,080752.60,2756.93295,S,02449.87317,E,4,18,0.7,94.025,M,28.000,M,1.0,0000*76
$GNGST,080752.60,0.012,0.015,0.011,32.1,0.011,0.013,0.021*71
$GNRMC,080752.60,A,2756.93295,S,02449.87317,E,3.50,180.0,120826,,,R*73
$GNGGA,080752.80,2756.93314,S,02449.87317,E,4,18,0.7,94.024,M,28.000,M,1.0,0000*71
$GNGST,080752.80,0.012,0.015,0.011,32.1,0.011,0.013,0.021*7F
$GNRMC,080752.80,A,2756.93314,S,02449.87317,E,3.50,180.0,120826,,,R*75
$GNGGA,080753.00,2756.93334,S,02449.87317,E,4,18,0.7,94.024,M,28.000,M,1.0,0000*7A
$GNGST,080753.00,0.012,0.015,0.011,32.1,0.011,0.013,0.021*76
$GNRMC,080753.00,A,2756.93334,S,02449.87317,E,3.50,180.0,120826,,,R*7E
$GNGGA,080753.20,2756.93353,S,02449.87317,E,4,18,0.7,94.024,M,28.000,M,1.0,0000*79
$GNGST,080753.20,0.012,0.015,0.011,32.1,0.011,0.013,0.021*74
$GNRMC,080753.20,A,2756.93353,S,02449.87317,E,3.50,180.0,120826,,,R*7D
$GNGGA,080753.40,2756.93373,S,02449.87317,E,4,18,0.7,94.024,M,28.000,M,1.0,0000*7D
$GNGST,080753.40,0.012,0.015,0.011,32.1,0.011,0.013,0.021*72
$GNRMC,080753.40,A,2756.93373,S,02449.87317,E,3.50,180.0,120826,,,R*79
$GNGGA,080753.60,2756.93392,S,02449.87317,E,4,18,0.7,94.024,M,28.000,M,1.0,0000*70
$GNGST,080753.60,0.012,0.015,0.011,32.1,0.011,0.013,0.021*70
$GNRMC,080753.60,A,2756.93392,S,02449.87317,E,3.50,180.0,120826,,,R*74
$GNGGA,080753.80,2756.93412,S,02449.87317,E,4,18,0.7,94.024,M,28.000,M,1.0,0000*71
$GNGST,080753.80,0.012,0.015,0.011,32.1,0.011,0.013,0.021*7E
$GNRMC,080753.80,A,2756.93412,S,02449.87317,E,3.50,180.0,120826,,,R*75
$GNGGA,080754.00,2756.93431,S,02449.87317,E,4,18,0.7,94.024,M,28.000,M,1.0,0000*7F
$GNGST,080754.00,0.012,0.015,0.011,32.1,0.011,0.013,0.021*71
$GNRMC,080754.00,A,2756.93431,S,02449.87317,E,3.50,180.0,120826,,,R*7B
$GNGGA,080754.20,2756.93451,S,02449.87317,E,4,18,0.7,94.024,M,28.000,M,1.0,0000*7B
$GNGST,080754.20,0.012,0.015,0.011,32.1,0.011,0.013,0.021*73
$GNRMC,080754.20,A,2756.93451,S,02449.87317,E,3.50,180.0,120826,,,R*7F
$GNGGA,080754.40,2756.93470,S,02449.87317,E,4,18,0.7,94.023,M,28.000,M,1.0,0000*79
$GNGST,080754.40,0.012,0.015,0.011,32.1,0.011,0.013,0.021*75
$GNRMC,080754.40,A,2756.93470,S,02449.87317,E,3.50,180.0,120826,,,R*7A
$GNGGA,080754.60,2756.93490,S,02449.87317,E,4,18,0.7,94.023,M,28.000,M,1.0,0000*75
$GNGST,080754.60,0.012,0.015,0.011,32.1,0.011,0.013,0.021*77
$GNRMC,080754.60,A,2756.93490,S,02449.87317,E,3.50,180.0,120826,,,R*76
$GNGGA,080754.80,2756.93509,S,02449.87317,E,4,18,0.7,94.023,M,28.000,M,1.0,0000*7A
$GNGST,080754.80,0.012,0.015,0.011,32.1,0.011,0.013,0.021*79
$GNRMC,080754.80,A,2756.93509,S,02449.87317,E,3.50,180.0,120826,,,R*79
$GNGGA,080755.00,2756.93529,S,02449.87317,E,4,18,0.7,94.023,M,28.000,M,1.0,0000*71
$GNGST,080755.00,0.012,0.015,0.011,32.1,0.011,0.013,0.021*70
$GNRMC,080755.00,A,2756.93529,S,02449.87317,E,3.50,180.0,120826,,,R*72
$GNGGA,080755.20,2756.93548,S,02449.87317,E,4,18,0.7,94.023,M,28.000,M,1.0,0000*74
$GNGST,080755.20,0.012,0.015,0.011,32.1,0.011,0.013,0.021*72
$GNRMC,080755.20,A,2756.93548,S,02449.87317,E,3.50,180.0,120826,,,R*77
$GNGGA,080755.40,2756.93568,S,02449.87317,E,4,18,0.7,94.023,M,28.000,M,1.0,0000*70
$GNGST,080755.40,0.012,0.015,0.011,32.1,0.011,0.013,0.021*74
$GNRMC,080755.40,A,2756.93568,S,02449.87317,E,3.50,180.0,120826,,,R*73
$GNGGA,080755.60,2756.93587,S,02449.87317,E,4,18,0.7,94.023,M,28.000,M,1.0,0000*73
$GNGST,080755.60,0.012,0.015,0.011,32.1,0.011,0.013,0.021*76
$GNRMC,080755.60,A,2756.93587,S,02449.87317,E,3.50,180.0,120826,,,R*70
$GNGGA,080755.80,2756.93607,S,02449.87317,E,4,18,0.7,94.023,M,28.000,M,1.0,0000*76
$GNGST,080755.80,0.012,0.015,0.011,32.1,0.011,0.013,0.021*78
$GNRMC,080755.80,A,2756.93607,S,02449.87317,E,3.50,180.0,120826,,,R*75
$GNGGA,080756.00,2756.93626,S,02449.87317,E,4,18,0.7,94.023,M,28.000,M,1.0,0000*7E
$GNGST,080756.00,0.012,0.015,0.011,32.1,0.011,0.013,0.021*73
$GNRMC,080756.00,A,2756.93626,S,02449.87317,E,3.50,180.0,120826,,,R*7D
$GNGGA,080756.20,2756.93646,S,02449.87317,E,4,18,0.7,94.023,M,28.000,M,1.0,0000*7A
$GNGST,080756.20,0.012,0.015,0.011,32.1,0.011,0.013,0.021*71
$GNRMC,080756.20,A,2756.93646,S,02449.87317,E,3.50,180.0,120826,,,R*79
$GNGGA,080756.40,2756.93665,S,02449.87317,E,4,18,0.7,94.023,M,28.000,M,1.0,0000*7D
$GNGST,080756.40,0.012,0.015,0.011,32.1,0.011,0.013,0.021*77
$GNRMC,080756.40,A,2756.93665,S,02449.87317,E,3.50,180.0,120826,,,R*7E
$GNGGA,080756.60,2756.93685,S,02449.87317,E,4,18,0.7,94.023,M,28.000,M,1.0,0000*71
$GNGST,080756.60,0.012,0.015,0.011,32.1,0.011,0.013,0.021*75
$GNRMC,080756.60,A,2756.93685,S,02449.87317,E,3.50,180.0,120826,,,R*72
$GNGGA,080756.80,2756.93704,S,02449.87317,E,4,18,0.7,94.023,M,28.000,M,1.0,0000*77
$GNGST,080756.80,0.012,0.015,0.011,32.1,0.011,0.013,0.021*7B
$GNRMC,080756.80,A,2756.93704,S,02449.87317,E,3.50,180.0,120826,,,R*74
$GNGGA,080757.00,2756.93724,S,02449.87317,E,4,18,0.7,94.023,M,28.000,M,1.0,0000*7C
$GNGST,080757.00,0.012,0.015,0.011,32.1,0.011,0.013,0.021*72
$GNRMC,080757.00,A,2756.93724,S,02449.87317,E,3.50,180.0,120826,,,R*7F
$GNGGA,080757.20,2756.93743,S,02449.87317,E,4,18,0.7,94.023,M,28.000,M,1.0,0000*7F
$GNGST,080757.20,0.012,0.015,0.011,32.1,0.011,0.013,0.021*70
$GNRMC,080757.20,A,2756.93743,S,02449.87317,E,3.50,180.0,120826,,,R*7C
$GNGGA,080757.40,2756.93763,S,02449.87317,E,4,18,0.7,94.023,M,28.000,M,1.0,0000*7B
$GNGST,080757.40,0.012,0.015,0.011,32.1,0.011,0.013,0.021*76
$GNRMC,080757.40,A,2756.93763,S,02449.87317,E,3.50,180.0,120826,,,R*78
$GNGGA,080757.60,2756.93782,S,02449.87317,E,4,18,0.7,94.023,M,28.000,M,1.0,0000*76
$GNGST,080757.60,0.012,0.015,0.011,32.1,0.011,0.013,0.021*74
$GNRMC,080757.60,A,2756.93782,S,02449.87317,E,3.50,180.0,120826,,,R*75
$GNGGA,080757.80,2756.93802,S,02449.87317,E,4,18,0.7,94.023,M,28.000,M,1.0,0000*7F
$GNGST,080757.80,0.012,0.015,0.011,32.1,0.011,0.013,0.021*7A
$GNRMC,080757.80,A,2756.93802,S,02449.87317,E,3.50,180.0,120826,,,R*7C
$GNGGA,080758.00,2756.93821,S,02449.87317,E,4,18,0.7,94.023,M,28.000,M,1.0,0000*79
$GNGST,080758.00,0.012,0.015,0.011,32.1,0.011,0.013,0.021*7D
$GNRMC,080758.00,A,2756.93821,S,02449.87317,E,3.50,180.0,120826,,,R*7A
$GNGGA,080758.20,2756.93841,S,02449.87317,E,4,18,0.7,94.023,M,28.000,M,1.0,0000*7D
$GNGST,080758.20,0.012,0.015,0.011,32.1,0.011,0.013,0.021*7F
$GNRMC,080758.20,A,2756.93841,S,02449.87317,E,3.50,180.0,120826,,,R*7E
$GNGGA,080758.40,2756.93860,S,02449.87317,E,4,18,0.7,94.023,M,28.000,M,1.0,0000*78
$GNGST,080758.40,0.012,0.015,0.011,32.1,0.011,0.013,0.021*79
$GNRMC,080758.40,A,2756.93860,S,02449.87317,E,3.50,180.0,120826,,,R*7B
$GNGGA,080758.60,2756.93880,S,02449.87317,E,4,18,0.7,94.023,M,28.000,M,1.0,0000*74
$GNGST,080758.60,0.012,0.015,0.011,32.1,0.011,0.013,0.021*7B
$GNRMC,080758.60,A,2756.93880,S,02449.87317,E,3.50,180.0,120826,,,R*77
$GNGGA,080758.80,2756.93899,S,02449.87317,E,4,18,0.7,94.023,M,28.000,M,1.0,0000*72
$GNGST,080758.80,0.012,0.015,0.011,32.1,0.011,0.013,0.021*75
$GNRMC,080758.80,A,2756.93899,S,02449.87317,E,3.50,180.0,120826,,,R*71
$GNGGA,080759.00,2756.93919,S,02449.87317,E,4,18,0.7,94.024,M,28.000,M,1.0,0000*75
$GNGST,080759.00,0.012,0.015,0.011,32.1,0.011,0.013,0.021*7C
$GNRMC,080759.00,A,2756.93919,S,02449.87317,E,3.50,180.0,120826,,,R*71
$GNGGA,080759.20,2756.93938,S,02449.87317,E,4,18,0.7,94.024,M,28.000,M,1.0,0000*74
$GNGST,080759.20,0.012,0.015,0.011,32.1,0.011,0.013,0.021*7E
$GNRMC,080759.20,A,2756.93938,S,02449.87317,E,3.50,180.0,120826,,,R*70
$GNGGA,080759.40,2756.93958,S,02449.87317,E,4,18,0.7,94.024,M,28.000,M,1.0,0000*74
$GNGST,080759.40,0.012,0.015,0.011,32.1,0.011,0.013,0.021*78
$GNRMC,080759.40,A,2756.93958,S,02449.87317,E,3.50,180.0,120826,,,R*70
$GNGGA,080759.60,2756.93977,S,02449.87317,E,4,18,0.7,94.024,M,28.000,M,1.0,0000*7B
$GNGST,080759.60,0.012,0.015,0.011,32.1,0.011,0.013,0.021*7A
$GNRMC,080759.60,A,2756.93977,S,02449.87317,E,3.50,180.0,120826,,,R*7F
$GNGGA,080759.80,2756.93997,S,02449.87317,E,4,18,0.7,94.024,M,28.000,M,1.0,0000*7B
$GNGST,080759.80,0.012,0.015,0.011,32.1,0.011,0.013,0.021*74
$GNRMC,080759.80,A,2756.93997,S,02449.87317,E,3.50,180.0,120826,,,R*7F
$GNGGA,080800.00,2756.94016,S,02449.87317,E,4,18,0.7,94.024,M,28.000,M,1.0,0000*77
$GNGST,080800.00,0.012,0.015,0.011,32.1,0.011,0.013,0.021*7F
$GNRMC,080800.00,A,2756.94016,S,02449.87317,E,3.50,180.0,120826,,,R*73
$GNGGA,080800.20,2756.94036,S,02449.87317,E,4,18,0.7,94.024,M,28.000,M,1.0,0000*77
$GNGST,080800.20,0.012,0.015,0.011,32.1,0.011,0.013,0.021*7D
$GNRMC,080800.20,A,2756.94036,S,02449.87317,E,3.50,180.0,120826,,,R*73
$GNGGA,080800.40,2756.94055,S,02449.87317,E,4,18,0.7,94.024,M,28.000,M,1.0,0000*74
$GNGST,080800.40,0.012,0.015,0.011,32.1,0.011,0.013,0.021*7B
$GNRMC,080800.40,A,2756.94055,S,02449.87317,E,3.50,180.0,120826,,,R*70
$GNGGA,080800.60,2756.94075,S,02449.87317,E,4,18,0.7,94.024,M,28.000,M,1.0,0000*74
$GNGST,080800.60,0.012,0.015,0.011,32.1,0.011,0.013,0.021*79
$GNRMC,080800.60,A,2756.94075,S,02449.87317,E,3.50,180.0,120826,,,R*70
$GNGGA,080800.80,2756.94094,S,02449.87317,E,4,18,0.7,94.024,M,28.000,M,1.0,0000*75
$GNGST,080800.80,0.012,0.015,0.011,32.1,0.011,0.013,0.021*77
$GNRMC,080800.80,A,2756.94094,S,02449.87317,E,3.50,180.0,120826,,,R*71
$GNGGA,080801.00,2756.94114,S,02449.87317,E,4,18,0.7,94.025,M,28.000,M,1.0,0000*74
$GNGST,080801.00,0.012,0.015,0.011,32.1,0.011,0.013,0.021*7E
$GNRMC,080801.00,A,2756.94114,S,02449.87317,E,3.50,180.0,120826,,,R*71
$GNGGA,080801.20,2756.94133,S,02449.87317,E,4,18,0.7,94.025,M,28.000,M,1.0,0000*73
$GNGST,080801.20,0.012,0.015,0.011,32.1,0.011,0.013,0.021*7C
$GNRMC,080801.20,A,2756.94133,S,02449.87317,E,3.50,180.0,120826,,,R*76
$GNGGA,080801.40,2756.94153,S,02449.87317,E,4,18,0.7,94.025,M,28.000,M,1.0,0000*73
$GNGST,080801.40,0.012,0.015,0.011,32.1,0.011,0.013,0.021*7A
$GNRMC,080801.40,A,2756.94153,S,02449.87317,E,3.50,180.0,120826,,,R*76
$GNGGA,080801.60,2756.94172,S,02449.87317,E,4,18,0.7,94.025,M,28.000,M,1.0,0000*72
$GNGST,080801.60,0.012,0.015,0.011,32.1,0.011,0.013,0.021*78
$GNRMC,080801.60,A,2756.94172,S,02449.87317,E,3.50,180.0,120826,,,R*77
$GNGGA,080801.80,2756.94192,S,02449.87317,E,4,18,0.7,94.025,M,28.000,M,1.0,0000*72
$GNGST,080801.80,0.012,0.015,0.011,32.1,0.011,0.013,0.021*76
$GNRMC,080801.80,A,2756.94192,S,02449.87317,E,3.50,180.0,120826,,,R*77
$GNGGA,080802.00,2756.94211,S,02449.87317,E,4,18,0.7,94.025,M,28.000,M,1.0,0000*71
$GNGST,080802.00,0.012,0.015,0.011,32.1,0.011,0.013,0.021*7D
$GNRMC,080802.00,A,2756.94211,S,02449.87317,E,3.50,180.0,120826,,,R*74
$GNGGA,080802.20,2756.94231,S,02449.87317,E,4,18,0.7,94.026,M,28.000,M,1.0,0000*72
$GNGST,080802.20,0.012,0.015,0.011,32.1,0.011,0.013,0.021*7F
$GNRMC,080802.20,A,2756.94231,S,02449.87317,E,3.50,180.0,120826,,,R*74
$GNGGA,080802.40,2756.94250,S,02449.87317,E,4,18,0.7,94.026,M,28.000,M,1.0,0000*73
$GNGST,080802.40,0.012,0.015,0.011,32.1,0.011,0.013,0.021*79
$GNRMC,080802.40,A,2756.94250,S,02449.87317,E,3.50,180.0,120826,,,R*75
$GNGGA,080802.60,2756.94270,S,02449.87317,E,4,18,0.7,94.026,M,28.000,M,1.0,0000*73
$GNGST,080802.60,0.012,0.015,0.011,32.1,0.011,0.013,0.021*7B
$GNRMC,080802.60,A,2756.94270,S,02449.87317,E,3.50,180.0,120826,,,R*75
$GNGGA,080802.80,2756.94289,S,02449.87317,E,4,18,0.7,94.026,M,28.000,M,1.0,0000*7B
$GNGST,080802.80,0.012,0.015,0.011,32.1,0.011,0.013,0.021*75
$GNRMC,080802.80,A,2756.94289,S,02449.87317,E,3.50,180.0,120826,,,R*7D
$GNGGA,080803.00,2756.94309,S,02449.87317,E,4,18,0.7,94.026,M,28.000,M,1.0,0000*7B
$GNGST,080803.00,0.012,0.015,0.011,32.1,0.011,0.013,0.021*7C
$GNRMC,080803.00,A,2756.94309,S,02449.87317,E,3.50,180.0,120826,,,R*7D
$GNGGA,080803.20,2756.94328,S,02449.87317,E,4,18,0.7,94.026,M,28.000,M,1.0,0000*7A
$GNGST,080803.20,0.012,0.015,0.011,32.1,0.011,0.013,0.021*7E
$GNRMC,080803.20,A,2756.94328,S,02449.87317,E,3.50,180.0,120826,,,R*7C
$GNGGA,080803.40,2756.94348,S,02449.87317,E,4,18,0.7,94.027,M,28.000,M,1.0,0000*7B
$GNGST,080803.40,0.012,0.015,0.011,32.1,0.011,0.013,0.021*78
$GNRMC,080803.40,A,2756.94348,S,02449.87317,E,3.50,180.0,120826,,,R*7C
$GNGGA,080803.60,2756.94367,S,02449.87317,E,4,18,0.7,94.027,M,28.000,M,1.0,0000*74
$GNGST,080803.60,0.012,0.015,0.011,32.1,0.011,0.013,0.021*7A
$GNRMC,080803.60,A,2756.94367,S,02449.87317,E,3.50,180.0,120826,,,R*73
$GNGGA,080803.80,2756.94387,S,02449.87317,E,4,18,0.7,94.027,M,28.000,M,1.0,0000*74
$GNGST,080803.80,0.012,0.015,0.011,32.1,0.011,0.013,0.021*74
$GNRMC,080803.80,A,2756.94387,S,02449.87317,E,3.50,180.0,120826,,,R*73
$GNGGA,080804.00,2756.94406,S,02449.87317,E,4,18,0.7,94.027,M,28.000,M,1.0,0000*75
$GNGST,080804.00,0.012,0.015,0.011,32.1,0.011,0.013,0.021*7B
$GNRMC,080804.00,A,2756.94406,S,02449.87317,E,3.50,180.0,120826,,,R*72
$GNGGA,080804.20,2756.94425,S,02449.87317,E,4,18,0.7,94.027,M,28.000,M,1.0,0000*76
$GNGST,080804.20,0.012,0.015,0.011,32.1,0.011,0.013,0.021*79
$GNRMC,080804.20,A,2756.94425,S,02449.87317,E,3.50,180.0,120826,,,R*71
$GNGGA,080804.40,2756.94445,S,02449.87317,E,4,18,0.7,94.028,M,28.000,M,1.0,0000*79
$GNGST,080804.40,0.012,0.015,0.011,32.1,0.011,0.013,0.021*7F
$GNRMC,080804.40,A,2756.94445,S,02449.87317,E,3.50,180.0,120826,,,R*71
$GNGGA,080804.60,2756.94464,S,02449.87317,E,4,18,0.7,94.028,M,28.000,M,1.0,0000*78
$GNGST,080804.60,0.012,0.015,0.011,32.1,0.011,0.013,0.021*7D
$GNRMC,080804.60,A,2756.94464,S,02449.87317,E,3.50,180.0,120826,,,R*70
$GNGGA,080804.80,2756.94484,S,02449.87317,E,4,18,0.7,94.028,M,28.000,M,1.0,0000*78
$GNGST,080804.80,0.012,0.015,0.011,32.1,0.011,0.013,0.021*73
$GNRMC,080804.80,A,2756.94484,S,02449.87317,E,3.50,180.0,120826,,,R*70
$GNGGA,080805.00,2756.94503,S,02449.87317,E,4,18,0.7,94.028,M,28.000,M,1.0,0000*7F
$GNGST,080805.00,0.012,0.015,0.011,32.1,0.011,0.013,0.021*7A
$GNRMC,080805.00,A,2756.94503,S,02449.87317,E,3.50,180.0,120826,,,R*77
$GNGGA,080805.20,2756.94523,S,02449.87317,E,4,18,0.7,94.028,M,28.000,M,1.0,0000*7F
$GNGST,080805.20,0.012,0.015,0.011,32.1,0.011,0.013,0.021*78
$GNRMC,080805.20,A,2756.94523,S,02449.87317,E,3.50,180.0,120826,,,R*77
$GNGGA,080805.40,2756.94542,S,02449.87317,E,4,18,0.7,94.029,M,28.000,M,1.0,0000*7F
$GNGST,080805.40,0.012,0.015,0.011,32.1,0.011,0.013,0.021*7E
$GNRMC,080805.40,A,2756.94542,S,02449.87317,E,3.50,180.0,120826,,,R*76
$GNGGA,080805.60,2756.94562,S,02449.87317,E,4,18,0.7,94.029,M,28.000,M,1.0,0000*7F
$GNGST,080805.60,0.012,0.015,0.011,32.1,0.011,0.013,0.021*7C
$GNRMC,080805.60,A,2756.94562,S,02449.87317,E,3.50,180.0,120826,,,R*76
$GNGGA,080805.80,2756.94581,S,02449.87317,E,4,18,0.7,94.029,M,28.000,M,1.0,0000*7C
$GNGST,080805.80,0.012,0.015,0.011,32.1,0.011,0.013,0.021*72
$GNRMC,080805.80,A,2756.94581,S,02449.87317,E,3.50,180.0,120826,,,R*75
$GNGGA,080806.00,2756.94601,S,02449.87317,E,4,18,0.7,94.029,M,28.000,M,1.0,0000*7C
$GNGST,080806.00,0.012,0.015,0.011,32.1,0.011,0.013,0.021*79
$GNRMC,080806.00,A,2756.94601,S,02449.87317,E,3.50,180.0,120826,,,R*75
$GNGGA,080806.20,2756.94620,S,02449.87317,E,4,18,0.7,94.030,M,28.000,M,1.0,0000*75
$GNGST,080806.20,0.012,0.015,0.011,32.1,0.011,0.013,0.021*7B
$GNRMC,080806.20,A,2756.94620,S,02449.87317,E,3.50,180.0,120826,,,R*74
$GNGGA,080806.40,2756.94640,S,02449.87317,E,4,18,0.7,94.030,M,28.000,M,1.0,0000*75
$GNGST,080806.40,0.012,0.015,0.011,32.1,0.011,0.013,0.021*7D
$GNRMC,080806.40,A,2756.94640,S,02449.87317,E,3.50,180.0,120826,,,R*74
$GNGGA,080806.60,2756.94659,S,02449.87317,E,4,18,0.7,94.030,M,28.000,M,1.0,0000*7F
$GNGST,080806.60,0.012,0.015,0.011,32.1,0.011,0.013,0.021*7F
$GNRMC,080806.60,A,2756.94659,S,02449.87317,E,3.50,180.0,120826,,,R*7E
$GNGGA,080806.80,2756.94679,S,02449.87317,E,4,18,0.7,94.030,M,28.000,M,1.0,0000*73
$GNGST,080806.80,0.012,0.015,0.011,32.1,0.011,0.013,0.021*71
$GNRMC,080806.80,A,2756.94679,S,02449.87317,E,3.50,180.0,120826,,,R*72
$GNGGA,080807.00,2756.94698,S,02449.87317,E,4,18,0.7,94.030,M,28.000,M,1.0,0000*75
$GNGST,080807.00,0.012,0.015,0.011,32.1,0.011,0.013,0.021*78
$GNRMC,080807.00,A,2756.94698,S,02449.87317,E,3.50,180.0,120826,,,R*74
$GNGGA,080807.20,2756.94718,S,02449.87317,E,4,18,0.7,94.031,M,28.000,M,1.0,0000*7F
$GNGST,080807.20,0.012,0.015,0.011,32.1,0.011,0.013,0.021*7A
$GNRMC,080807.20,A,2756.94718,S,02449.87317,E,3.50,180.0,120826,,,R*7F
$GNGGA,080807.40,2756.94737,S,02449.87317,E,4,18,0.7,94.031,M,28.000,M,1.0,0000*74
$GNGST,080807.40,0.012,0.015,0.011,32.1,0.011,0.013,0.021*7C
$GNRMC,080807.40,A,2756.94737,S,02449.87317,E,3.50,180.0,120826,,,R*74
$GNGGA,080807.60,2756.94757,S,02449.87317,E,4,18,0.7,94.031,M,28.000,M,1.0,0000*70
$GNGST,080807.60,0.012,0.015,0.011,32.1,0.011,0.013,0.021*7E
$GNRMC,080807.60,A,2756.94757,S,02449.87317,E,3.50,180.0,120826,,,R*70
$GNGGA,080807.80,2756.94776,S,02449.87317,E,4,18,0.7,94.031,M,28.000,M,1.0,0000*7D
$GNGST,080807.80,0.012,0.015,0.011,32.1,0.011,0.013,0.021*70
$GNRMC,080807.80,A,2756.94776,S,02449.87317,E,3.50,180.0,120826,,,R*7D
$GNGGA,080808.00,2756.94796,S,02449.87317,E,4,18,0.7,94.032,M,28.000,M,1.0,0000*77
$GNGST,080808.00,0.012,0.015,0.011,32.1,0.011,0.013,0.021*77
$GNRMC,080808.00,A,2756.94796,S,02449.87317,E,3.50,180.0,120826,,,R*74
$GNGGA,080808.20,2756.94815,S,02449.87317,E,4,18,0.7,94.032,M,28.000,M,1.0,0000*71
$GNGST,080808.20,0.012,0.015,0.011,32.1,0.011,0.013,0.021*75
$GNRMC,080808.20,A,2756.94815,S,02449.87317,E,3.50,180.0,120826,,,R*72
$GNGGA,080808.40,2756.94835,S,02449.87317,E,4,18,0.7,94.032,M,28.000,M,1.0,0000*75
$GNGST,080808.40,0.012,0.015,0.011,32.1,0.011,0.013,0.021*73
$GNRMC,080808.40,A,2756.94835,S,02449.87317,E,3.50,180.0,120826,,,R*76
$GNGGA,080808.60,2756.94854,S,02449.87317,E,4,18,0.7,94.032,M,28.000,M,1.0,0000*70
$GNGST,080808.60,0.012,0.015,0.011,32.1,0.011,0.013,0.021*71
$GNRMC,080808.60,A,2756.94854,S,02449.87317,E,3.50,180.0,120826,,,R*73
$GNGGA,080808.80,2756.94874,S,02449.87317,E,4,18,0.7,94.033,M,28.000,M,1.0,0000*7D
$GNGST,080808.80,0.012,0.015,0.011,32.1,0.011,0.013,0.021*7F
$GNRMC,080808.80,A,2756.94874,S,02449.87317,E,3.50,180.0,120826,,,R*7F
$GNGGA,080809.00,2756.94893,S,02449.87317,E,4,18,0.7,94.033,M,28.000,M,1.0,0000*7D
$GNGST,080809.00,0.012,0.015,0.011,32.1,0.011,0.013,0.021*76
$GNRMC,080809.00,A,2756.94893,S,02449.87317,E,3.50,180.0,120826,,,R*7F
$GNGGA,080809.20,2756.94913,S,02449.87317,E,4,18,0.7,94.033,M,28.000,M,1.0,0000*76
$GNGST,080809.20,0.012,0.015,0.011,32.1,0.011,0.013,0.021*74
$GNRMC,080809.20,A,2756.94913,S,02449.87317,E,3.50,180.0,120826,,,R*74
$GNGGA,080809.40,2756.94932,S,02449.87317,E,4,18,0.7,94.033,M,28.000,M,1.0,0000*73
$GNGST,080809.40,0.012,0.015,0.011,32.1,0.011,0.013,0.021*72
$GNRMC,080809.40,A,2756.94932,S,02449.87317,E,3.50,180.0,120826,,,R*71
$GNGGA,080809.60,2756.94952,S,02449.87317,E,4,18,0.7,94.034,M,28.000,M,1.0,0000*70
$GNGST,080809.60,0.012,0.015,0.011,32.1,0.011,0.013,0.021*70
$GNRMC,080809.60,A,2756.94952,S,02449.87317,E,3.50,180.0,120826,,,R*75
$GNGGA,080809.80,2756.94971,S,02449.87317,E,4,18,0.7,94.034,M,28.000,M,1.0,0000*7F
$GNGST,080809.80,0.012,0.015,0.011,32.1,0.011,0.013,0.021*7E
$GNRMC,080809.80,A,2756.94971,S,02449.87317,E,3.50,180.0,120826,,,R*7A
$GNGGA,080810.00,2756.94991,S,02449.87317,E,4,18,0.7,94.034,M,28.000,M,1.0,0000*71
$GNGST,080810.00,0.012,0.015,0.011,32.1,0.011,0.013,0.021*7E
$GNRMC,080810.00,A,2756.94991,S,02449.87317,E,3.50,180.0,120826,,,R*74
$GNGGA,080810.20,2756.95010,S,02449.87317,E,4,18,0.7,94.034,M,28.000,M,1.0,0000*72
$GNGST,080810.20,0.012,0.015,0.011,32.1,0.011,0.013,0.021*7C
$GNRMC,080810.20,A,2756.95010,S,02449.87317,E,3.50,180.0,120826,,,R*77
$GNGGA,080810.40,2756.95030,S,02449.87317,E,4,18,0.7,94.034,M,28.000,M,1.0,0000*76
$GNGST,080810.40,0.012,0.015,0.011,32.1,0.011,0.013,0.021*7A
$GNRMC,080810.40,A,2756.95030,S,02449.87317,E,3.50,180.0,120826,,,R*73
$GNGGA,080810.60,2756.95049,S,02449.87317,E,4,18,0.7,94.035,M,28.000,M,1.0,0000*7B
$GNGST,080810.60,0.012,0.015,0.011,32.1,0.011,0.013,0.021*78
$GNRMC,080810.60,A,2756.95049,S,02449.87317,E,3.50,180.0,120826,,,R*7F
$GNGGA,080810.80,2756.95069,S,02449.87317,E,4,18,0.7,94.035,M,28.000,M,1.0,0000*77
$GNGST,080810.80,0.012,0.015,0.011,32.1,0.011,0.013,0.021*76
$GNRMC,080810.80,A,2756.95069,S,02449.87317,E,3.50,180.0,120826,,,R*73
$GNGGA,080811.00,2756.95088,S,02449.87317,E,4,18,0.7,94.035,M,28.000,M,1.0,0000*71
$GNGST,080811.00,0.012,0.015,0.011,32.1,0.011,0.013,0.021*7F
$GNRMC,080811.00,A,2756.95088,S,02449.87317,E,3.50,180.0,120826,,,R*75
$GNGGA,080811.20,2756.95108,S,02449.87317,E,4,18,0.7,94.035,M,28.000,M,1.0,0000*7A
$GNGST,080811.20,0.012,0.015,0.011,32.1,0.011,0.013,0.021*7D
$GNRMC,080811.20,A,2756.95108,S,02449.87317,E,3.50,180.0,120826,,,R*7E
$GNGGA,080811.40,2756.95127,S,02449.87317,E,4,18,0.7,94.036,M,28.000,M,1.0,0000*72
$GNGST,080811.40,0.012,0.015,0.011,32.1,0.011,0.013,0.021*7B
$GNRMC,080811.40,A,2756.95127,S,02449.87317,E,3.50,180.0,120826,,,R*75
$GNGGA,080811.60,2756.95147,S,02449.87317,E,4,18,0.7,94.036,M,28.000,M,1.0,0000*76
$GNGST,080811.60,0.012,0.015,0.011,32.1,0.011,0.013,0.021*79
$GNRMC,080811.60,A,2756.95147,S,02449.87317,E,3.50,180.0,120826,,,R*71
$GNGGA,080811.80,2756.95166,S,02449.87317,E,4,18,0.7,94.036,M,28.000,M,1.0,0000*7B
$GNGST,080811.80,0.012,0.015,0.011,32.1,0.011,0.013,0.021*77
$GNRMC,080811.80,A,2756.95166,S,02449.87317,E,3.50,180.0,120826,,,R*7C
$GNGGA,080812.00,2756.95186,S,02449.87317,E,4,18,0.7,94.036,M,28.000,M,1.0,0000*7E
$GNGST,080812.00,0.012,0.015,0.011,32.1,0.011,0.013,0.021*7C
$GNRMC,080812.00,A,2756.95186,S,02449.87317,E,3.50,180.0,120826,,,R*79
$GNGGA,080812.20,2756.95205,S,02449.87317,E,4,18,0.7,94.037,M,28.000,M,1.0,0000*75
$GNGST,080812.20,0.012,0.015,0.011,32.1,0.011,0.013,0.021*7E
$GNRMC,080812.20,A,2756.95205,S,02449.87317,E,3.50,180.0,120826,,,R*73
$GNGGA,080812.40,2756.95225,S,02449.87317,E,4,18,0.7,94.037,M,28.000,M,1.0,0000*71
$GNGST,080812.40,0.012,0.015,0.011,32.1,0.011,0.013,0.021*78
$GNRMC,080812.40,A,2756.95225,S,02449.87317,E,3.50,180.0,120826,,,R*77
$GNGGA,080812.60,2756.95244,S,02449.87317,E,4,18,0.7,94.037,M,28.000,M,1.0,0000*74
$GNGST,080812.60,0.012,0.015,0.011,32.1,0.011,0.013,0.021*7A
$GNRMC,080812.60,A,2756.95244,S,02449.87317,E,3.50,180.0,120826,,,R*72
$GNGGA,080812.80,2756.95264,S,02449.87317,E,4,18,0.7,94.037,M,28.000,M,1.0,0000*78
$GNGST,080812.80,0.012,0.015,0.011,32.1,0.011,0.013,0.021*74
$GNRMC,080812.80,A,2756.95264,S,02449.87317,E,3.50,180.0,120826,,,R*7E
$GNGGA,080813.00,2756.95283,S,02449.87317,E,4,18,0.7,94.037,M,28.000,M,1.0,0000*78
$GNGST,080813.00,0.012,0.015,0.011,32.1,0.011,0.013,0.021*7D
$GNRMC,080813.00,A,2756.95283,S,02449.87317,E,3.50,180.0,120826,,,R*7E
$GNGGA,080813.20,2756.95303,S,02449.87317,E,4,18,0.7,94.038,M,28.000,M,1.0,0000*7C
$GNGST,080813.20,0.012,0.015,0.011,32.1,0.011,0.013,0.021*7F
$GNRMC,080813.20,A,2756.95303,S,02449.87317,E,3.50,180.0,120826,,,R*75
$GNGGA,080813.40,2756.95322,S,02449.87317,E,4,18,0.7,94.038,M,28.000,M,1.0,0000*79
$GNGST,080813.40,0.012,0.015,0.011,32.1,0.011,0.013,0.021*79
$GNRMC,080813.40,A,2756.95322,S,02449.87317,E,3.50,180.0,120826,,,R*70
$GNGGA,080813.60,2756.95342,S,02449.87317,E,4,18,0.7,94.038,M,28.000,M,1.0,0000*7D
$GNGST,080813.60,0.012,0.015,0.011,32.1,0.011,0.013,0.021*7B
$GNRMC,080813.60,A,2756.95342,S,02449.87317,E,3.50,180.0,120826,,,R*74
$GNGGA,080813.80,2756.95361,S,02449.87317,E,4,18,0.7,94.038,M,28.000,M,1.0,0000*72
$GNGST,080813.80,0.012,0.015,0.011,32.1,0.011,0.013,0.021*75
$GNRMC,080813.80,A,2756.95361,S,02449.87317,E,3.50,180.0,120826,,,R*7B
$GNGGA,080814.00,2756.95381,S,02449.87317,E,4,18,0.7,94.038,M,28.000,M,1.0,0000*73
$GNGST,080814.00,0.012,0.015,0.011,32.1,0.011,0.013,0.021*7A
$GNRMC,080814.00,A,2756.95381,S,02449.87317,E,3.50,180.0,120826,,,R*7A
$GNGGA,080814.20,2756.95400,S,02449.87317,E,4,18,0.7,94.039,M,28.000,M,1.0,0000*7E
$GNGST,080814.20,0.012,0.015,0.011,32.1,0.011,0.013,0.021*78
$GNRMC,080814.20,A,2756.95400,S,02449.87317,E,3.50,180.0,120826,,,R*76
$GNGGA,080814.40,2756.95420,S,02449.87317,E,4,18,0.7,94.039,M,28.000,M,1.0,0000*7A
$GNGST,080814.40,0.012,0.015,0.011,32.1,0.011,0.013,0.021*7E
$GNRMC,080814.40,A,2756.95420,S,02449.87317,E,3.50,180.0,120826,,,R*72
$GNGGA,080814.60,2756.95439,S,02449.87317,E,4,18,0.7,94.039,M,28.000,M,1.0,0000*70
$GNGST,080814.60,0.012,0.015,0.011,32.1,0.011,0.013,0.021*7C
$GNRMC,080814.60,A,2756.95439,S,02449.87317,E,3.50,180.0,120826,,,R*78
$GNGGA,080814.80,2756.95459,S,02449.87317,E,4,18,0.7,94.039,M,28.000,M,1.0,0000*78
$GNGST,080814.80,0.012,0.015,0.011,32.1,0.011,0.013,0.021*72
$GNRMC,080814.80,A,2756.95459,S,02449.87317,E,3.50,180.0,120826,,,R*70
$GNGGA,080815.00,2756.95478,S,02449.87317,E,4,18,0.7,94.039,M,28.000,M,1.0,0000*72
$GNGST,080815.00,0.012,0.015,0.011,32.1,0.011,0.013,0.021*7B
$GNRMC,080815.00,A,2756.95478,S,02449.87317,E,3.50,180.0,120826,,,R*7A
$GNGGA,080815.20,2756.95498,S,02449.87317,E,4,18,0.7,94.040,M,28.000,M,1.0,0000*70
$GNGST,080815.20,0.012,0.015,0.011,32.1,0.011,0.013,0.021*79
$GNRMC,080815.20,A,2756.95498,S,02449.87317,E,3.50,180.0,120826,,,R*76
$GNGGA,080815.40,2756.95517,S,02449.87317,E,4,18,0.7,94.040,M,28.000,M,1.0,0000*70
$GNGST,080815.40,0.012,0.015,0.011,32.1,0.011,0.013,0.021*7F
$GNRMC,080815.40,A,2756.95517,S,02449.87317,E,3.50,180.0,120826,,,R*76
$GNGGA,080815.60,2756.95536,S,02449.87317,E,4,18,0.7,94.040,M,28.000,M,1.0,0000*71
$GNGST,080815.60,0.012,0.015,0.011,32.1,0.011,0.013,0.021*7D
$GNRMC,080815.60,A,2756.95536,S,02449.87317,E,3.50,180.0,120826,,,R*77
$GNGGA,080815.80,2756.95556,S,02449.87317,E,4,18,0.7,94.040,M,28.000,M,1.0,0000*79
$GNGST,080815.80,0.012,0.015,0.011,32.1,0.011,0.013,0.021*73
$GNRMC,080815.80,A,2756.95556,S,02449.87317,E,3.50,180.0,120826,,,R*7F
$GNGGA,080816.00,2756.95575,S,02449.87317,E,4,18,0.7,94.040,M,28.000,M,1.0,0000*73
$GNGST,080816.00,0.012,0.015,0.011,32.1,0.011,0.013,0.021*78
$GNRMC,080816.00,A,2756.95575,S,02449.87317,E,3.50,180.0,120826,,,R*75
$GNGGA,080816.20,2756.95595,S,02449.87317,E,4,18,0.7,94.040,M,28.000,M,1.0,0000*7F
$GNGST,080816.20,0.012,0.015,0.011,32.1,0.011,0.013,0.021*7A
$GNRMC,080816.20,A,2756.95595,S,02449.87317,E,3.50,180.0,120826,,,R*79
$GNGGA,080816.40,2756.95614,S,02449.87317,E,4,18,0.7,94.041,M,28.000,M,1.0,0000*72
$GNGST,080816.40,0.012,0.015,0.011,32.1,0.011,0.013,0.021*7C
$GNRMC,080816.40,A,2756.95614,S,02449.87317,E,3.50,180.0,120826,,,R*75
$GNGGA,080816.60,2756.95634,S,02449.87317,E,4,18,0.7,94.041,M,28.000,M,1.0,0000*72
$GNGST,080816.60,0.012,0.015,0.011,32.1,0.011,0.013,0.021*7E
$GNRMC,080816.60,A,2756.95634,S,02449.87317,E,3.50,180.0,120826,,,R*75
$GNGGA,080816.80,2756.95653,S,02449.87317,E,4,18,0.7,94.041,M,28.000,M,1.0,0000*7D
$GNGST,080816.80,0.012,0.015,0.011,32.1,0.011,0.013,0.021*70
$GNRMC,080816.80,A,2756.95653,S,02449.87317,E,3.50,180.0,120826,,,R*7A
$GNGGA,080817.00,2756.95673,S,02449.87317,E,4,18,0.7,94.041,M,28.000,M,1.0,0000*76
$GNGST,080817.00,0.012,0.015,0.011,32.1,0.011,0.013,0.021*79
$GNRMC,080817.00,A,2756.95673,S,02449.87317,E,3.50,180.0,120826,,,R*71
$GNGGA,080817.20,2756.95692,S,02449.87317,E,4,18,0.7,94.041,M,28.000,M,1.0,0000*7B
$GNGST,080817.20,0.012,0.015,0.011,32.1,0.011,0.013,0.021*7B
$GNRMC,080817.20,A,2756.95692,S,02449.87317,E,3.50,180.0,120826,,,R*7C
$GNGGA,080817.40,2756.95712,S,02449.87317,E,4,18,0.7,94.041,M,28.000,M,1.0,0000*74
$GNGST,080817.40,0.012,0.015,0.011,32.1,0.011,0.013,0.021*7D
$GNRMC,080817.40,A,2756.95712,S,02449.87317,E,3.50,180.0,120826,,,R*73
$GNGGA,080817.60,2756.95731,S,02449.87317,E,4,18,0.7,94.041,M,28.000,M,1.0,0000*77
$GNGST,080817.60,0.012,0.015,0.011,32.1,0.011,0.013,0.021*7F
$GNRMC,080817.60,A,2756.95731,S,02449.87317,E,3.50,180.0,120826,,,R*70
$GNGGA,080817.80,2756.95751,S,02449.87317,E,4,18,0.7,94.041,M,28.000,M,1.0,0000*7F
$GNGST,080817.80,0.012,0.015,0.011,32.1,0.011,0.013,0.021*71
$GNRMC,080817.80,A,2756.95751,S,02449.87317,E,3.50,180.0,120826,,,R*78
$GNGGA,080818.00,2756.95770,S,02449.87317,E,4,18,0.7,94.042,M,28.000,M,1.0,0000*78
$GNGST,080818.00,0.012,0.015,0.011,32.1,0.011,0.013,0.021*76
$GNRMC,080818.00,A,2756.95770,S,02449.87317,E,3.50,180.0,120826,,,R*7C
$GNGGA,080818.20,2756.95790,S,02449.87317,E,4,18,0.7,94.042,M,28.000,M,1.0,0000*74
$GNGST,080818.20,0.012,0.015,0.011,32.1,0.011,0.013,0.021*74
$GNRMC,080818.20,A,2756.95790,S,02449.87317,E,3.50,180.0,120826,,,R*70
$GNGGA,080818.40,2756.95809,S,02449.87317,E,4,18,0.7,94.042,M,28.000,M,1.0,0000*7D
$GNGST,080818.40,0.012,0.015,0.011,32.1,0.011,0.013,0.021*72
$GNRMC,080818.40,A,2756.95809,S,02449.87317,E,3.50,180.0,120826,,,R*79
$GNGGA,080818.60,2756.95829,S,02449.87317,E,4,18,0.7,94.042,M,28.000,M,1.0,0000*7D
$GNGST,080818.60,0.012,0.015,0.011,32.1,0.011,0.013,0.021*70
$GNRMC,080818.60,A,2756.95829,S,02449.87317,E,3.50,180.0,120826,,,R*79
$GNGGA,080818.80,2756.95848,S,02449.87317,E,4,18,0.7,94.042,M,28.000,M,1.0,0000*74
$GNGST,080818.80,0.012,0.015,0.011,32.1,0.011,0.013,0.021*7E
$GNRMC,080818.80,A,2756.95848,S,02449.87317,E,3.50,180.0,120826,,,R*70
$GNGGA,080819.00,2756.95868,S,02449.87317,E,4,18,0.7,94.042,M,28.000,M,1.0,0000*7F
$GNGST,080819.00,0.012,0.015,0.011,32.1,0.011,0.013,0.021*77
$GNRMC,080819.00,A,2756.95868,S,02449.87317,E,3.50,180.0,120826,,,R*7B
$GNGGA,080819.20,2756.95887,S,02449.87317,E,4,18,0.7,94.042,M,28.000,M,1.0,0000*7C
$GNGST,080819.20,0.012,0.015,0.011,32.1,0.011,0.013,0.021*75
$GNRMC,080819.20,A,2756.95887,S,02449.87317,E,3.50,180.0,120826,,,R*78
$GNGGA,080819.40,2756.95907,S,02449.87317,E,4,18,0.7,94.042,M,28.000,M,1.0,0000*73
$GNGST,080819.40,0.012,0.015,0.011,32.1,0.011,0.013,0.021*73
$GNRMC,080819.40,A,2756.95907,S,02449.87317,E,3.50,180.0,120826,,,R*77
$GNGGA,080819.60,2756.95926,S,02449.87317,E,4,18,0.7,94.042,M,28.000,M,1.0,0000*72
$GNGST,080819.60,0.012,0.015,0.011,32.1,0.011,0.013,0.021*71
$GNRMC,080819.60,A,2756.95926,S,02449.87317,E,3.50,180.0,120826,,,R*76
$GNGGA,080819.80,2756.95946,S,02449.87317,E,4,18,0.7,94.042,M,28.000,M,1.0,0000*7A
$GNGST,080819.80,0.012,0.015,0.011,32.1,0.011,0.013,0.021*7F
$GNRMC,080819.80,A,2756.95946,S,02449.87317,E,3.50,180.0,120826,,,R*7E
$GNGGA,080820.00,2756.95965,S,02449.87317,E,4,18,0.7,94.042,M,28.000,M,1.0,0000*79
$GNGST,080820.00,0.012,0.015,0.011,32.1,0.011,0.013,0.021*7D
$GNRMC,080820.00,A,2756.95965,S,02449.87317,E,3.50,180.0,120826,,,R*7D
$GNGGA,080820.20,2756.95985,S,02449.87317,E,4,18,0.7,94.042,M,28.000,M,1.0,0000*75
$GNGST,080820.20,0.012,0.015,0.011,32.1,0.011,0.013,0.021*7F
$GNRMC,080820.20,A,2756.95985,S,02449.87317,E,3.50,180.0,120826,,,R*71
$GNGGA,080820.40,2756.96004,S,02449.87317,E,4,18,0.7,94.042,M,28.000,M,1.0,0000*70
$GNGST,080820.40,0.012,0.015,0.011,32.1,0.011,0.013,0.021*79
$GNRMC,080820.40,A,2756.96004,S,02449.87317,E,3.50,180.0,120826,,,R*74
$GNGGA,080820.60,2756.96024,S,02449.87317,E,4,18,0.7,94.043,M,28.000,M,1.0,0000*71
$GNGST,080820.60,0.012,0.015,0.011,32.1,0.011,0.013,0.021*7B
$GNRMC,080820.60,A,2756.96024,S,02449.87317,E,3.50,180.0,120826,,,R*74
$GNGGA,080820.80,2756.96043,S,02449.87317,E,4,18,0.7,94.043,M,28.000,M,1.0,0000*7E
$GNGST,080820.80,0.012,0.015,0.011,32.1,0.011,0.013,0.021*75
$GNRMC,080820.80,A,2756.96043,S,02449.87317,E,3.50,180.0,120826,,,R*7B
$GNGGA,080821.00,2756.96063,S,02449.87317,E,4,18,0.7,94.043,M,28.000,M,1.0,0000*75
$GNGST,080821.00,0.012,0.015,0.011,32.1,0.011,0.013,0.021*7C
$GNRMC,080821.00,A,2756.96063,S,02449.87317,E,3.50,180.0,120826,,,R*70
$GNGGA,080821.20,2756.96082,S,02449.87317,E,4,18,0.7,94.043,M,28.000,M,1.0,0000*78
$GNGST,080821.20,0.012,0.015,0.011,32.1,0.011,0.013,0.021*7E
$GNRMC,080821.20,A,2756.96082,S,02449.87317,E,3.50,180.0,120826,,,R*7D
$GNGGA,080821.40,2756.96102,S,02449.87317,E,4,18,0.7,94.043,M,28.000,M,1.0,0000*77
$GNGST,080821.40,0.012,0.015,0.011,32.1,0.011,0.013,0.021*78
$GNRMC,080821.40,A,2756.96102,S,02449.87317,E,3.50,180.0,120826,,,R*72
$GNGGA,080821.60,2756.96121,S,02449.87317,E,4,18,0.7,94.043,M,28.000,M,1.0,0000*74
$GNGST,080821.60,0.012,0.015,0.011,32.1,0.011,0.013,0.021*7A
$GNRMC,080821.60,A,2756.96121,S,02449.87317,E,3.50,180.0,120826,,,R*71
$GNGGA,080821.80,2756.96141,S,02449.87317,E,4,18,0.7,94.043,M,28.000,M,1.0,0000*7C
$GNGST,080821.80,0.012,0.015,0.011,32.1,0.011,0.013,0.021*74
$GNRMC,080821.80,A,2756.96141,S,02449.87317,E,3.50,180.0,120826,,,R*79
$GNGGA,080822.00,2756.96160,S,02449.87317,E,4,18,0.7,94.043,M,28.000,M,1.0,0000*74
$GNGST,080822.00,0.012,0.015,0.011,32.1,0.011,0.013,0.021*7F
$GNRMC,080822.00,A,2756.96160,S,02449.87317,E,3.50,180.0,120826,,,R*71
$GNGGA,080822.20,2756.96180,S,02449.87317,E,4,18,0.7,94.043,M,28.000,M,1.0,0000*78
$GNGST,080822.20,0.012,0.015,0.011,32.1,0.011,0.013,0.021*7D
$GNRMC,080822.20,A,2756.96180,S,02449.87317,E,3.50,180.0,120826,,,R*7D
$GNGGA,080822.40,2756.96199,S,02449.87317,E,4,18,0.7,94.043,M,28.000,M,1.0,0000*76
$GNGST,080822.40,0.012,0.015,0.011,32.1,0.011,0.013,0.021*7B
$GNRMC,080822.40,A,2756.96199,S,02449.87317,E,3.50,180.0,120826,,,R*73
$GNGGA,080822.60,2756.96219,S,02449.87317,E,4,18,0.7,94.042,M,28.000,M,1.0,0000*7E
$GNGST,080822.60,0.012,0.015,0.011,32.1,0.011,0.013,0.021*79
$GNRMC,080822.60,A,2756.96219,S,02449.87317,E,3.50,180.0,120826,,,R*7A
$GNGGA,080822.80,2756.96238,S,02449.87317,E,4,18,0.7,94.042,M,28.000,M,1.0,0000*73
$GNGST,080822.80,0.012,0.015,0.011,32.1,0.011,0.013,0.021*77
$GNRMC,080822.80,A,2756.96238,S,02449.87317,E,3.50,180.0,120826,,,R*77
$GNGGA,080823.00,2756.96258,S,02449.87317,E,4,18,0.7,94.042,M,28.000,M,1.0,0000*7C
$GNGST,080823.00,0.012,0.015,0.011,32.1,0.011,0.013,0.021*7E
$GNRMC,080823.00,A,2756.96258,S,02449.87317,E,3.50,180.0,120826,,,R*78
$GNGGA,080823.20,2756.96277,S,02449.87317,E,4,18,0.7,94.042,M,28.000,M,1.0,0000*73
$GNGST,080823.20,0.012,0.015,0.011,32.1,0.011,0.013,0.021*7C
$GNRMC,080823.20,A,2756.96277,S,02449.87317,E,3.50,180.0,120826,,,R*77
$GNGGA,080823.40,2756.96297,S,02449.87317,E,4,18,0.7,94.042,M,28.000,M,1.0,0000*7B
$GNGST,080823.40,0.012,0.015,0.011,32.1,0.011,0.013,0.021*7A
$GNRMC,080823.40,A,2756.96297,S,02449.87317,E,3.50,180.0,120826,,,R*7F
$GNGGA,080823.60,2756.96316,S,02449.87317,E,4,18,0.7,94.042,M,28.000,M,1.0,0000*71
$GNGST,080823.60,0.012,0.015,0.011,32.1,0.011,0.013,0.021*78
$GNRMC,080823.60,A,2756.96316,S,02449.87317,E,3.50,180.0,120826,,,R*75
$GNGGA,080823.80,2756.96336,S,02449.87317,E,4,18,0.7,94.042,M,28.000,M,1.0,0000*7D
$GNGST,080823.80,0.012,0.015,0.011,32.1,0.011,0.013,0.021*76
$GNRMC,080823.80,A,2756.96336,S,02449.87317,E,3.50,180.0,120826,,,R*79
$GNGGA,080824.00,2756.96355,S,02449.87317,E,4,18,0.7,94.042,M,28.000,M,1.0,0000*77
$GNGST,080824.00,0.012,0.015,0.011,32.1,0.011,0.013,0.021*79
$GNRMC,080824.00,A,2756.96355,S,02449.87317,E,3.50,180.0,120826,,,R*73
$GNGGA,080824.20,2756.96375,S,02449.87317,E,4,18,0.7,94.042,M,28.000,M,1.0,0000*77
$GNGST,080824.20,0.012,0.015,0.011,32.1,0.011,0.013,0.021*7B
$GNRMC,080824.20,A,2756.96375,S,02449.87317,E,3.50,180.0,120826,,,R*73
$GNGGA,080824.40,2756.96394,S,02449.87317,E,4,18,0.7,94.042,M,28.000,M,1.0,0000*7E
$GNGST,080824.40,0.012,0.015,0.011,32.1,0.011,0.013,0.021*7D
$GNRMC,080824.40,A,2756.96394,S,02449.87317,E,3.50,180.0,120826,,,R*7A
$GNGGA,080824.60,2756.96414,S,02449.87317,E,4,18,0.7,94.042,M,28.000,M,1.0,0000*73
$GNGST,080824.60,0.012,0.015,0.011,32.1,0.011,0.013,0.021*7F
$GNRMC,080824.60,A,2756.96414,S,02449.87317,E,3.50,180.0,120826,,,R*77
$GNGGA,080824.80,2756.96433,S,02449.87317,E,4,18,0.7,94.042,M,28.000,M,1.0,0000*78
$GNGST,080824.80,0.012,0.015,0.011,32.1,0.011,0.013,0.021*71
$GNRMC,080824.80,A,2756.96433,S,02449.87317,E,3.50,180.0,120826,,,R*7C
$GNGGA,080825.00,2756.96453,S,02449.87317,E,4,18,0.7,94.041,M,28.000,M,1.0,0000*74
$GNGST,080825.00,0.012,0.015,0.011,32.1,0.011,0.013,0.021*78
$GNRMC,080825.00,A,2756.96453,S,02449.87317,E,3.50,180.0,120826,,,R*73
$GNGGA,080825.20,2756.96472,S,02449.87317,E,4,18,0.7,94.041,M,28.000,M,1.0,0000*75
$GNGST,080825.20,0.012,0.015,0.011,32.1,0.011,0.013,0.021*7A
$GNRMC,080825.20,A,2756.96472,S,02449.87317,E,3.50,180.0,120826,,,R*72
$GNGGA,080825.40,2756.96492,S,02449.87317,E,4,18,0.7,94.041,M,28.000,M,1.0,0000*7D
$GNGST,080825.40,0.012,0.015,0.011,32.1,0.011,0.013,0.021*7C
$GNRMC,080825.40,A,2756.96492,S,02449.87317,E,3.50,180.0,120826,,,R*7A
$GNGGA,080825.60,2756.96511,S,02449.87317,E,4,18,0.7,94.041,M,28.000,M,1.0,0000*75
$GNGST,080825.60,0.012,0.015,0.011,32.1,0.011,0.013,0.021*7E
$GNRMC,080825.60,A,2756.96511,S,02449.87317,E,3.50,180.0,120826,,,R*72
$GNGGA,080825.80,2756.96531,S,02449.87317,E,4,18,0.7,94.041,M,28.000,M,1.0,0000*79
$GNGST,080825.80,0.012,0.015,0.011,32.1,0.011,0.013,0.021*70
$GNRMC,080825.80,A,2756.96531,S,02449.87317,E,3.50,180.0,120826,,,R*7E
$GNGGA,080826.00,2756.96550,S,02449.87317,E,4,18,0.7,94.041,M,28.000,M,1.0,0000*75
$GNGST,080826.00,0.012,0.015,0.011,32.1,0.011,0.013,0.021*7B
$GNRMC,080826.00,A,2756.96550,S,02449.87317,E,3.50,180.0,120826,,,R*72
$GNGGA,080826.20,2756.96570,S,02449.87317,E,4,18,0.7,94.041,M,28.000,M,1.0,0000*75
$GNGST,080826.20,0.012,0.015,0.011,32.1,0.011,0.013,0.021*79
$GNRMC,080826.20,A,2756.96570,S,02449.87317,E,3.50,180.0,120826,,,R*72
$GNGGA,080826.40,2756.96589,S,02449.87317,E,4,18,0.7,94.040,M,28.000,M,1.0,0000*74
$GNGST,080826.40,0.012,0.015,0.011,32.1,0.011,0.013,0.021*7F
$GNRMC,080826.40,A,2756.96589,S,02449.87317,E,3.50,180.0,120826,,,R*72
$GNGGA,080826.60,2756.96609,S,02449.87317,E,4,18,0.7,94.040,M,28.000,M,1.0,0000*7D
$GNGST,080826.60,0.012,0.015,0.011,32.1,0.011,0.013,0.021*7D
$GNRMC,080826.60,A,2756.96609,S,02449.87317,E,3.50,180.0,120826,,,R*7B
$GNGGA,080826.80,2756.96628,S,02449.87317,E,4,18,0.7,94.040,M,28.000,M,1.0,0000*70
$GNGST,080826.80,0.012,0.015,0.011,32.1,0.011,0.013,0.021*73
$GNRMC,080826.80,A,2756.96628,S,02449.87317,E,3.50,180.0,120826,,,R*76
$GNGGA,080827.00,2756.96647,S,02449.87317,E,4,18,0.7,94.040,M,28.000,M,1.0,0000*70
$GNGST,080827.00,0.012,0.015,0.011,32.1,0.011,0.013,0.021*7A
$GNRMC,080827.00,A,2756.96647,S,02449.87317,E,3.50,180.0,120826,,,R*76
$GNGGA,080827.20,2756.96667,S,02449.87317,E,4,18,0.7,94.040,M,28.000,M,1.0,0000*70
$GNGST,080827.20,0.012,0.015,0.011,32.1,0.011,0.013,0.021*78
$GNRMC,080827.20,A,2756.96667,S,02449.87317,E,3.50,180.0,120826,,,R*76
$GNGGA,080827.40,2756.96686,S,02449.87317,E,4,18,0.7,94.039,M,28.000,M,1.0,0000*77
$GNGST,080827.40,0.012,0.015,0.011,32.1,0.011,0.013,0.021*7E
$GNRMC,080827.40,A,2756.96686,S,02449.87317,E,3.50,180.0,120826,,,R*7F
$GNGGA,080827.60,2756.96706,S,02449.87317,E,4,18,0.7,94.039,M,28.000,M,1.0,0000*7C
$GNGST,080827.60,0.012,0.015,0.011,32.1,0.011,0.013,0.021*7C
$GNRMC,080827.60,A,2756.96706,S,02449.87317,E,3.50,180.0,120826,,,R*74
$GNGGA,080827.80,2756.96725,S,02449.87317,E,4,18,0.7,94.039,M,28.000,M,1.0,0000*73
$GNGST,080827.80,0.012,0.015,0.011,32.1,0.011,0.013,0.021*72
$GNRMC,080827.80,A,2756.96725,S,02449.87317,E,3.50,180.0,120826,,,R*7B
$GNGGA,080828.00,2756.96745,S,02449.87317,E,4,18,0.7,94.039,M,28.000,M,1.0,0000*72
$GNGST,080828.00,0.012,0.015,0.011,32.1,0.011,0.013,0.021*75
$GNRMC,080828.00,A,2756.96745,S,02449.87317,E,3.50,180.0,120826,,,R*7A
$GNGGA,080828.20,2756.96764,S,02449.87317,E,4,18,0.7,94.038,M,28.000,M,1.0,0000*72
$GNGST,080828.20,0.012,0.015,0.011,32.1,0.011,0.013,0.021*77
$GNRMC,080828.20,A,2756.96764,S,02449.87317,E,3.50,180.0,120826,,,R*7B
$GNGGA,080828.40,2756.96784,S,02449.87317,E,4,18,0.7,94.038,M,28.000,M,1.0,0000*7A
$GNGST,080828.40,0.012,0.015,0.011,32.1,0.011,0.013,0.021*71
$GNRMC,080828.40,A,2756.96784,S,02449.87317,E,3.50,180.0,120826,,,R*73
$GNGGA,080828.60,2756.96803,S,02449.87317,E,4,18,0.7,94.038,M,28.000,M,1.0,0000*78
$GNGST,080828.60,0.012,0.015,0.011,32.1,0.011,0.013,0.021*73
$GNRMC,080828.60,A,2756.96803,S,02449.87317,E,3.50,180.0,120826,,,R*71
$GNGGA,080828.80,2756.96823,S,02449.87317,E,4,18,0.7,94.038,M,28.000,M,1.0,0000*74
$GNGST,080828.80,0.012,0.015,0.011,32.1,0.011,0.013,0.021*7D
$GNRMC,080828.80,A,2756.96823,S,02449.87317,E,3.50,180.0,120826,,,R*7D
$GNGGA,080829.00,2756.96842,S,02449.87317,E,4,18,0.7,94.037,M,28.000,M,1.0,0000*75
$GNGST,080829.00,0.012,0.015,0.011,32.1,0.011,0.013,0.021*74
$GNRMC,080829.00,A,2756.96842,S,02449.87317,E,3.50,180.0,120826,,,R*73
$GNGGA,080829.20,2756.96862,S,02449.87317,E,4,18,0.7,94.037,M,28.000,M,1.0,0000*75
$GNGST,080829.20,0.012,0.015,0.011,32.1,0.011,0.013,0.021*76
$GNRMC,080829.20,A,2756.96862,S,02449.87317,E,3.50,180.0,120826,,,R*73
$GNGGA,080829.40,2756.96881,S,02449.87317,E,4,18,0.7,94.037,M,28.000,M,1.0,0000*7E
$GNGST,080829.40,0.012,0.015,0.011,32.1,0.011,0.013,0.021*70
$GNRMC,080829.40,A,2756.96881,S,02449.87317,E,3.50,180.0,120826,,,R*78
$GNGGA,080829.60,2756.96901,S,02449.87317,E,4,18,0.7,94.036,M,28.000,M,1.0,0000*74
$GNGST,080829.60,0.012,0.015,0.011,32.1,0.011,0.013,0.021*72
$GNRMC,080829.60,A,2756.96901,S,02449.87317,E,3.50,180.0,120826,,,R*73
$GNGGA,080829.80,2756.96920,S,02449.87317,E,4,18,0.7,94.036,M,28.000,M,1.0,0000*79
$GNGST,080829.80,0.012,0.015,0.011,32.1,0.011,0.013,0.021*7C
$GNRMC,080829.80,A,2756.96920,S,02449.87317,E,3.50,180.0,120826,,,R*7E
$GNGGA,080830.00,2756.96940,S,02449.87317,E,4,18,0.7,94.036,M,28.000,M,1.0,0000*7F
$GNGST,080830.00,0.012,0.015,0.011,32.1,0.011,0.013,0.021*7C
$GNRMC,080830.00,A,2756.96940,S,02449.87317,E,3.50,180.0,120826,,,R*78
$GNGGA,080830.20,2756.96959,S,02449.87317,E,4,18,0.7,94.035,M,28.000,M,1.0,0000*76
$GNGST,080830.20,0.012,0.015,0.011,32.1,0.011,0.013,0.021*7E
$GNRMC,080830.20,A,2756.96959,S,02449.87317,E,3.50,180.0,120826,,,R*72
$GNGGA,080830.40,2756.96979,S,02449.87317,E,4,18,0.7,94.035,M,28.000,M,1.0,0000*72
$GNGST,080830.40,0.012,0.015,0.011,32.1,0.011,0.013,0.021*78
$GNRMC,080830.40,A,2756.96979,S,02449.87317,E,3.50,180.0,120826,,,R*76
$GNGGA,080830.60,2756.96998,S,02449.87317,E,4,18,0.7,94.035,M,28.000,M,1.0,0000*7F
$GNGST,080830.60,0.012,0.015,0.011,32.1,0.011,0.013,0.021*7A
$GNRMC,080830.60,A,2756.96998,S,02449.87317,E,3.50,180.0,120826,,,R*7B
$GNGGA,080830.80,2756.97018,S,02449.87317,E,4,18,0.7,94.034,M,28.000,M,1.0,0000*70
$GNGST,080830.80,0.012,0.015,0.011,32.1,0.011,0.013,0.021*74
$GNRMC,080830.80,A,2756.97018,S,02449.87317,E,3.50,180.0,120826,,,R*75
$GNGGA,080831.00,2756.97037,S,02449.87317,E,4,18,0.7,94.034,M,28.000,M,1.0,0000*74
$GNGST,080831.00,0.012,0.015,0.011,32.1,0.011,0.013,0.021*7D
$GNRMC,080831.00,A,2756.97037,S,02449.87317,E,3.50,180.0,120826,,,R*71
$GNGGA,080831.20,2756.97057,S,02449.87317,E,4,18,0.7,94.034,M,28.000,M,1.0,0000*70
$GNGST,080831.20,0.012,0.015,0.011,32.1,0.011,0.013,0.021*7F
$GNRMC,080831.20,A,2756.97057,S,02449.87317,E,3.50,180.0,120826,,,R*75
$GNGGA,080831.40,2756.97076,S,02449.87317,E,4,18,0.7,94.033,M,28.000,M,1.0,0000*72
$GNGST,080831.40,0.012,0.015,0.011,32.1,0.011,0.013,0.021*79
$GNRMC,080831.40,A,2756.97076,S,02449.87317,E,3.50,180.0,120826,,,R*70
$GNGGA,080831.60,2756.97096,S,02449.87317,E,4,18,0.7,94.033,M,28.000,M,1.0,0000*7E
$GNGST,080831.60,0.012,0.015,0.011,32.1,0.011,0.013,0.021*7B
$GNRMC,080831.60,A,2756.97096,S,02449.87317,E,3.50,180.0,120826,,,R*7C
$GNGGA,080831.80,2756.97115,S,02449.87317,E,4,18,0.7,94.032,M,28.000,M,1.0,0000*7B
$GNGST,080831.80,0.012,0.015,0.011,32.1,0.011,0.013,0.021*75
$GNRMC,080831.80,A,2756.97115,S,02449.87317,E,3.50,180.0,120826,,,R*78
$GNGGA,080832.00,2756.97135,S,02449.87317,E,4,18,0.7,94.032,M,28.000,M,1.0,0000*72
$GNGST,080832.00,0.012,0.015,0.011,32.1,0.011,0.013,0.021*7E
$GNRMC,080832.00,A,2756.97135,S,02449.87317,E,3.50,180.0,120826,,,R*71
$GNGGA,080832.20,2756.97154,S,02449.87317,E,4,18,0.7,94.031,M,28.000,M,1.0,0000*74
$GNGST,080832.20,0.012,0.015,0.011,32.1,0.011,0.013,0.021*7C
$GNRMC,080832.20,A,2756.97154,S,02449.87317,E,3.50,180.0,120826,,,R*74
$GNGGA,080832.40,2756.97174,S,02449.87317,E,4,18,0.7,94.031,M,28.000,M,1.0,0000*70
$GNGST,080832.40,0.012,0.015,0.011,32.1,0.011,0.013,0.021*7A
$GNRMC,080832.40,A,2756.97174,S,02449.87317,E,3.50,180.0,120826,,,R*70
$GNGGA,080832.60,2756.97193,S,02449.87317,E,4,18,0.7,94.031,M,28.000,M,1.0,0000*7B
$GNGST,080832.60,0.012,0.015,0.011,32.1,0.011,0.013,0.021*78
$GNRMC,080832.60,A,2756.97193,S,02449.87317,E,3.50,180.0,120826,,,R*7B
$GNGGA,080832.80,2756.97213,S,02449.87317,E,4,18,0.7,94.030,M,28.000,M,1.0,0000*7F
$GNGST,080832.80,0.012,0.015,0.011,32.1,0.011,0.013,0.021*76
$GNRMC,080832.80,A,2756.97213,S,02449.87317,E,3.50,180.0,120826,,,R*7E
$GNGGA,080833.00,2756.97232,S,02449.87317,E,4,18,0.7,94.030,M,28.000,M,1.0,0000*75
$GNGST,080833.00,0.012,0.015,0.011,32.1,0.011,0.013,0.021*7F
$GNRMC,080833.00,A,2756.97232,S,02449.87317,E,3.50,180.0,120826,,,R*74
$GNGGA,080833.20,2756.97252,S,02449.87317,E,4,18,0.7,94.029,M,28.000,M,1.0,0000*79
$GNGST,080833.20,0.012,0.015,0.011,32.1,0.011,0.013,0.021*7D
$GNRMC,080833.20,A,2756.97252,S,02449.87317,E,3.50,180.0,120826,,,R*70
$GNGGA,080833.40,2756.97271,S,02449.87317,E,4,18,0.7,94.029,M,28.000,M,1.0,0000*7E
$GNGST,080833.40,0.012,0.015,0.011,32.1,0.011,0.013,0.021*7B
$GNRMC,080833.40,A,2756.97271,S,02449.87317,E,3.50,180.0,120826,,,R*77
$GNGGA,080833.60,2756.97291,S,02449.87317,E,4,18,0.7,94.028,M,28.000,M,1.0,0000*73
$GNGST,080833.60,0.012,0.015,0.011,32.1,0.011,0.013,0.021*79
$GNRMC,080833.60,A,2756.97291,S,02449.87317,E,3.50,180.0,120826,,,R*7B
$GNGGA,080833.80,2756.97310,S,02449.87317,E,4,18,0.7,94.028,M,28.000,M,1.0,0000*75
$GNGST,080833.80,0.012,0.015,0.011,32.1,0.011,0.013,0.021*77
$GNRMC,080833.80,A,2756.97310,S,02449.87317,E,3.50,180.0,120826,,,R*7D
$GNGGA,080834.00,2756.97330,S,02449.87317,E,4,18,0.7,94.027,M,28.000,M,1.0,0000*77
$GNGST,080834.00,0.012,0.015,0.011,32.1,0.011,0.013,0.021*78
$GNRMC,080834.00,A,2756.97330,S,02449.87317,E,3.50,180.0,120826,,,R*70
$GNGGA,080834.20,2756.97349,S,02449.87317,E,4,18,0.7,94.027,M,28.000,M,1.0,0000*7B
$GNGST,080834.20,0.012,0.015,0.011,32.1,0.011,0.013,0.021*7A
$GNRMC,080834.20,A,2756.97349,S,02449.87317,E,3.50,180.0,120826,,,R*7C
$GNGGA,080834.40,2756.97369,S,02449.87317,E,4,18,0.7,94.026,M,28.000,M,1.0,0000*7E
$GNGST,080834.40,0.012,0.015,0.011,32.1,0.011,0.013,0.021*7C
$GNRMC,080834.40,A,2756.97369,S,02449.87317,E,3.50,180.0,120826,,,R*78
$GNGGA,080834.60,2756.97388,S,02449.87317,E,4,18,0.7,94.026,M,28.000,M,1.0,0000*73
$GNGST,080834.60,0.012,0.015,0.011,32.1,0.011,0.013,0.021*7E
$GNRMC,080834.60,A,2756.97388,S,02449.87317,E,3.50,180.0,120826,,,R*75
$GNGGA,080834.80,2756.97408,S,02449.87317,E,4,18,0.7,94.025,M,28.000,M,1.0,0000*71
$GNGST,080834.80,0.012,0.015,0.011,32.1,0.011,0.013,0.021*70
$GNRMC,080834.80,A,2756.97408,S,02449.87317,E,3.50,180.0,120826,,,R*74
$GNGGA,080835.00,2756.97427,S,02449.87317,E,4,18,0.7,94.025,M,28.000,M,1.0,0000*75
$GNGST,080835.00,0.012,0.015,0.011,32.1,0.011,0.013,0.021*79
$GNRMC,080835.00,A,2756.97427,S,02449.87317,E,3.50,180.0,120826,,,R*70
$GNGGA,080835.20,2756.97447,S,02449.87317,E,4,18,0.7,94.024,M,28.000,M,1.0,0000*70
$GNGST,080835.20,0.012,0.015,0.011,32.1,0.011,0.013,0.021*7B
$GNRMC,080835.20,A,2756.97447,S,02449.87317,E,3.50,180.0,120826,,,R*74
$GNGGA,080835.40,2756.97466,S,02449.87317,E,4,18,0.7,94.024,M,28.000,M,1.0,0000*75
$GNGST,080835.40,0.012,0.015,0.011,32.1,0.011,0.013,0.021*7D
$GNRMC,080835.40,A,2756.97466,S,02449.87317,E,3.50,180.0,120826,,,R*71
$GNGGA,080835.60,2756.97486,S,02449.87317,E,4,18,0.7,94.023,M,28.000,M,1.0,0000*7E
$GNGST,080835.60,0.012,0.015,0.011,32.1,0.011,0.013,0.021*7F
$GNRMC,080835.60,A,2756.97486,S,02449.87317,E,3.50,180.0,120826,,,R*7D
$GNGGA,080835.80,2756.97505,S,02449.87317,E,4,18,0.7,94.022,M,28.000,M,1.0,0000*7B
$GNGST,080835.80,0.012,0.015,0.011,32.1,0.011,0.013,0.021*71
$GNRMC,080835.80,A,2756.97505,S,02449.87317,E,3.50,180.0,120826,,,R*79
$GNGGA,080836.00,2756.97525,S,02449.87317,E,4,18,0.7,94.022,M,28.000,M,1.0,0000*72
$GNGST,080836.00,0.012,0.015,0.011,32.1,0.011,0.013,0.021*7A
$GNRMC,080836.00,A,2756.97525,S,02449.87317,E,3.50,180.0,120826,,,R*70
$GNGGA,080836.20,2756.97544,S,02449.87317,E,4,18,0.7,94.021,M,28.000,M,1.0,0000*74
$GNGST,080836.20,0.012,0.015,0.011,32.1,0.011,0.013,0.021*78
$GNRMC,080836.20,A,2756.97544,S,02449.87317,E,3.50,180.0,120826,,,R*75
$GNGGA,080836.40,2756.97564,S,02449.87317,E,4,18,0.7,94.021,M,28.000,M,1.0,0000*70
$GNGST,080836.40,0.012,0.015,0.011,32.1,0.011,0.013,0.021*7E
$GNRMC,080836.40,A,2756.97564,S,02449.87317,E,3.50,180.0,120826,,,R*71
$GNGGA,080836.60,2756.97583,S,02449.87317,E,4,18,0.7,94.020,M,28.000,M,1.0,0000*7A
$GNGST,080836.60,0.012,0.015,0.011,32.1,0.011,0.013,0.021*7C
$GNRMC,080836.60,A,2756.97583,S,02449.87317,E,3.50,180.0,120826,,,R*7A
$GNGGA,080836.80,2756.97603,S,02449.87317,E,4,18,0.7,94.020,M,28.000,M,1.0,0000*7F
$GNGST,080836.80,0.012,0.015,0.011,32.1,0.011,0.013,0.021*72
$GNRMC,080836.80,A,2756.97603,S,02449.87317,E,3.50,180.0,120826,,,R*7F
$GNGGA,080837.00,2756.97622,S,02449.87317,E,4,18,0.7,94.019,M,28.000,M,1.0,0000*7F
$GNGST,080837.00,0.012,0.015,0.011,32.1,0.011,0.013,0.021*7B
$GNRMC,080837.00,A,2756.97622,S,02449.87317,E,3.50,180.0,120826,,,R*75
$GNGGA,080837.20,2756.97642,S,02449.87317,E,4,18,0.7,94.018,M,28.000,M,1.0,0000*7A
$GNGST,080837.20,0.012,0.015,0.011,32.1,0.011,0.013,0.021*79
$GNRMC,080837.20,A,2756.97642,S,02449.87317,E,3.50,180.0,120826,,,R*71
$GNGGA,080837.40,2756.97661,S,02449.87317,E,4,18,0.7,94.018,M,28.000,M,1.0,0000*7D
$GNGST,080837.40,0.012,0.015,0.011,32.1,0.011,0.013,0.021*7F
$GNRMC,080837.40,A,2756.97661,S,02449.87317,E,3.50,180.0,120826,,,R*76
$GNGGA,080837.60,2756.97681,S,02449.87317,E,4,18,0.7,94.017,M,28.000,M,1.0,0000*7E
$GNGST,080837.60,0.012,0.015,0.011,32.1,0.011,0.013,0.021*7D
$GNRMC,080837.60,A,2756.97681,S,02449.87317,E,3.50,180.0,120826,,,R*7A
$GNGGA,080837.80,2756.97700,S,02449.87317,E,4,18,0.7,94.016,M,28.000,M,1.0,0000*79
$GNGST,080837.80,0.012,0.015,0.011,32.1,0.011,0.013,0.021*73
$GNRMC,080837.80,A,2756.97700,S,02449.87317,E,3.50,180.0,120826,,,R*7C
$GNGGA,080838.00,2756.97720,S,02449.87317,E,4,18,0.7,94.016,M,28.000,M,1.0,0000*7C
$GNGST,080838.00,0.012,0.015,0.011,32.1,0.011,0.013,0.021*74
$GNRMC,080838.00,A,2756.97720,S,02449.87317,E,3.50,180.0,120826,,,R*79
$GNGGA,080838.20,2756.97739,S,02449.87317,E,4,18,0.7,94.015,M,28.000,M,1.0,0000*75
$GNGST,080838.20,0.012,0.015,0.011,32.1,0.011,0.013,0.021*76
$GNRMC,080838.20,A,2756.97739,S,02449.87317,E,3.50,180.0,120826,,,R*73
$GNGGA,080838.40,2756.97758,S,02449.87317,E,4,18,0.7,94.014,M,28.000,M,1.0,0000*75
$GNGST,080838.40,0.012,0.015,0.011,32.1,0.011,0.013,0.021*70
$GNRMC,080838.40,A,2756.97758,S,02449.87317,E,3.50,180.0,120826,,,R*72
$GNGGA,080838.60,2756.97778,S,02449.87317,E,4,18,0.7,94.014,M,28.000,M,1.0,0000*75
$GNGST,080838.60,0.012,0.015,0.011,32.1,0.011,0.013,0.021*72
$GNRMC,080838.60,A,2756.97778,S,02449.87317,E,3.50,180.0,120826,,,R*72
$GNGGA,080838.80,2756.97797,S,02449.87317,E,4,18,0.7,94.013,M,28.000,M,1.0,0000*7D
$GNGST,080838.80,0.012,0.015,0.011,32.1,0.011,0.013,0.021*7C
$GNRMC,080838.80,A,2756.97797,S,02449.87317,E,3.50,180.0,120826,,,R*7D
$GNGGA,080839.00,2756.97817,S,02449.87317,E,4,18,0.7,94.012,M,28.000,M,1.0,0000*72
$GNGST,080839.00,0.012,0.015,0.011,32.1,0.011,0.013,0.021*75
$GNRMC,080839.00,A,2756.97817,S,02449.87317,E,3.50,180.0,120826,,,R*73
$GNGGA,080839.20,2756.97836,S,02449.87317,E,4,18,0.7,94.012,M,28.000,M,1.0,0000*73
$GNGST,080839.20,0.012,0.015,0.011,32.1,0.011,0.013,0.021*77
$GNRMC,080839.20,A,2756.97836,S,02449.87317,E,3.50,180.0,120826,,,R*72
$GNGGA,080839.40,2756.97856,S,02449.87317,E,4,18,0.7,94.011,M,28.000,M,1.0,0000*70
$GNGST,080839.40,0.012,0.015,0.011,32.1,0.011,0.013,0.021*71
$GNRMC,080839.40,A,2756.97856,S,02449.87317,E,3.50,180.0,120826,,,R*72
$GNGGA,080839.60,2756.97875,S,02449.87317,E,4,18,0.7,94.010,M,28.000,M,1.0,0000*72
$GNGST,080839.60,0.012,0.015,0.011,32.1,0.011,0.013,0.021*73
$GNRMC,080839.60,A,2756.97875,S,02449.87317,E,3.50,180.0,120826,,,R*71
$GNGGA,080839.80,2756.97895,S,02449.87317,E,4,18,0.7,94.010,M,28.000,M,1.0,0000*72
$GNGST,080839.80,0.012,0.015,0.011,32.1,0.011,0.013,0.021*7D
$GNRMC,080839.80,A,2756.97895,S,02449.87317,E,3.50,180.0,120826,,,R*71
$GNGGA,080840.00,2756.97914,S,02449.87317,E,4,18,0.7,94.009,M,28.000,M,1.0,0000*74
$GNGST,080840.00,0.012,0.015,0.011,32.1,0.011,0.013,0.021*7B
$GNRMC,080840.00,A,2756.97914,S,02449.87317,E,3.50,180.0,120826,,,R*7F
$GNGGA,080840.20,2756.97934,S,02449.87317,E,4,18,0.7,94.008,M,28.000,M,1.0,0000*75
$GNGST,080840.20,0.012,0.015,0.011,32.1,0.011,0.013,0.021*79
$GNRMC,080840.20,A,2756.97934,S,02449.87317,E,3.50,180.0,120826,,,R*7F
$GNGGA,080840.40,2756.97953,S,02449.87317,E,4,18,0.7,94.007,M,28.000,M,1.0,0000*7D
$GNGST,080840.40,0.012,0.015,0.011,32.1,0.011,0.013,0.021*7F
$GNRMC,080840.40,A,2756.97953,S,02449.87317,E,3.50,180.0,120826,,,R*78
$GNGGA,080840.60,2756.97973,S,02449.87317,E,4,18,0.7,94.007,M,28.000,M,1.0,0000*7D
$GNGST,080840.60,0.012,0.015,0.011,32.1,0.011,0.013,0.021*7D
$GNRMC,080840.60,A,2756.97973,S,02449.87317,E,3.50,180.0,120826,,,R*78
$GNGGA,080840.80,2756.97992,S,02449.87317,E,4,18,0.7,94.006,M,28.000,M,1.0,0000*7D
$GNGST,080840.80,0.012,0.015,0.011,32.1,0.011,0.013,0.021*73
$GNRMC,080840.80,A,2756.97992,S,02449.87317,E,3.50,180.0,120826,,,R*79
$GNGGA,080841.00,2756.98012,S,02449.87317,E,4,18,0.7,94.005,M,28.000,M,1.0,0000*79
$GNGST,080841.00,0.012,0.015,0.011,32.1,0.011,0.013,0.021*7A
$GNRMC,080841.00,A,2756.98012,S,02449.87317,E,3.50,180.0,120826,,,R*7E
$GNGGA,080841.20,2756.98031,S,02449.87317,E,4,18,0.7,94.004,M,28.000,M,1.0,0000*7B
$GNGST,080841.20,0.012,0.015,0.011,32.1,0.011,0.013,0.021*78
$GNRMC,080841.20,A,2756.98031,S,02449.87317,E,3.50,180.0,120826,,,R*7D
$GNGGA,080841.40,2756.98051,S,02449.87317,E,4,18,0.7,94.004,M,28.000,M,1.0,0000*7B
$GNGST,080841.40,0.012,0.015,0.011,32.1,0.011,0.013,0.021*7E
$GNRMC,080841.40,A,2756.98051,S,02449.87317,E,3.50,180.0,120826,,,R*7D
$GNGGA,080841.60,2756.98070,S,02449.87317,E,4,18,0.7,94.003,M,28.000,M,1.0,0000*7D
$GNGST,080841.60,0.012,0.015,0.011,32.1,0.011,0.013,0.021*7C
$GNRMC,080841.60,A,2756.98070,S,02449.87317,E,3.50,180.0,120826,,,R*7C
$GNGGA,080841.80,2756.98090,S,02449.87317,E,4,18,0.7,94.002,M,28.000,M,1.0,0000*7C
$GNGST,080841.80,0.012,0.015,0.011,32.1,0.011,0.013,0.021*72
$GNRMC,080841.80,A,2756.98090,S,02449.87317,E,3.50,180.0,120826,,,R*7C
$GNGGA,080842.00,2756.98109,S,02449.87317,E,4,18,0.7,94.001,M,28.000,M,1.0,0000*75
$GNGST,080842.00,0.012,0.015,0.011,32.1,0.011,0.013,0.021*79
$GNRMC,080842.00,A,2756.98109,S,02449.87317,E,3.50,180.0,120826,,,R*76
$GNGGA,080842.20,2756.98129,S,02449.87317,E,4,18,0.7,94.001,M,28.000,M,1.0,0000*75
$GNGST,080842.20,0.012,0.015,0.011,32.1,0.011,0.013,0.021*7B
$GNRMC,080842.20,A,2756.98129,S,02449.87317,E,3.50,180.0,120826,,,R*76
$GNGGA,080842.40,2756.98148,S,02449.87317,E,4,18,0.7,94.000,M,28.000,M,1.0,0000*75
$GNGST,080842.40,0.012,0.015,0.011,32.1,0.011,0.013,0.021*7D
$GNRMC,080842.40,A,2756.98148,S,02449.87317,E,3.50,180.0,120826,,,R*77
$GNGGA,080842.60,2756.98168,S,02449.87317,E,4,18,0.7,93.999,M,28.000,M,1.0,0000*7B
$GNGST,080842.60,0.012,0.015,0.011,32.1,0.011,0.013,0.021*7F
$GNRMC,080842.60,A,2756.98168,S,02449.87317,E,3.50,180.0,120826,,,R*77
$GNGGA,080842.80,2756.98187,S,02449.87317,E,4,18,0.7,93.998,M,28.000,M,1.0,0000*75
$GNGST,080842.80,0.012,0.015,0.011,32.1,0.011,0.013,0.021*71
$GNRMC,080842.80,A,2756.98187,S,02449.87317,E,3.50,180.0,120826,,,R*78
$GNGGA,080843.00,2756.98207,S,02449.87317,E,4,18,0.7,93.998,M,28.000,M,1.0,0000*77
$GNGST,080843.00,0.012,0.015,0.011,32.1,0.011,0.013,0.021*78
$GNRMC,080843.00,A,2756.98207,S,02449.87317,E,3.50,180.0,120826,,,R*7A
$GNGGA,080843.20,2756.98226,S,02449.87317,E,4,18,0.7,93.997,M,28.000,M,1.0,0000*79
$GNGST,080843.20,0.012,0.015,0.011,32.1,0.011,0.013,0.021*7A
$GNRMC,080843.20,A,2756.98226,S,02449.87317,E,3.50,180.0,120826,,,R*7B
$GNGGA,080843.40,2756.98246,S,02449.87317,E,4,18,0.7,93.996,M,28.000,M,1.0,0000*78
$GNGST,080843.40,0.012,0.015,0.011,32.1,0.011,0.013,0.021*7C
$GNRMC,080843.40,A,2756.98246,S,02449.87317,E,3.50,180.0,120826,,,R*7B
$GNGGA,080843.60,2756.98265,S,02449.87317,E,4,18,0.7,93.995,M,28.000,M,1.0,0000*78
$GNGST,080843.60,0.012,0.015,0.011,32.1,0.011,0.013,0.021*7E
$GNRMC,080843.60,A,2756.98265,S,02449.87317,E,3.50,180.0,120826,,,R*78
$GNGGA,080843.80,2756.98285,S,02449.87317,E,4,18,0.7,93.994,M,28.000,M,1.0,0000*79
$GNGST,080843.80,0.012,0.015,0.011,32.1,0.011,0.013,0.021*70
$GNRMC,080843.80,A,2756.98285,S,02449.87317,E,3.50,180.0,120826,,,R*78
$GNGGA,080844.00,2756.98304,S,02449.87317,E,4,18,0.7,93.993,M,28.000,M,1.0,0000*79
$GNGST,080844.00,0.012,0.015,0.011,32.1,0.011,0.013,0.021*7F
$GNRMC,080844.00,A,2756.98304,S,02449.87317,E,3.50,180.0,120826,,,R*7F
$GNGGA,080844.20,2756.98324,S,02449.87317,E,4,18,0.7,93.993,M,28.000,M,1.0,0000*79
$GNGST,080844.20,0.012,0.015,0.011,32.1,0.011,0.013,0.021*7D
$GNRMC,080844.20,A,2756.98324,S,02449.87317,E,3.50,180.0,120826,,,R*7F
$GNGGA,080844.40,2756.98343,S,02449.87317,E,4,18,0.7,93.992,M,28.000,M,1.0,0000*7F
$GNGST,080844.40,0.012,0.015,0.011,32.1,0.011,0.013,0.021*7B
$GNRMC,080844.40,A,2756.98343,S,02449.87317,E,3.50,180.0,120826,,,R*78
$GNGGA,080844.60,2756.98363,S,02449.87317,E,4,18,0.7,93.991,M,28.000,M,1.0,0000*7C
$GNGST,080844.60,0.012,0.015,0.011,32.1,0.011,0.013,0.021*79
$GNRMC,080844.60,A,2756.98363,S,02449.87317,E,3.50,180.0,120826,,,R*78
$GNGGA,080844.80,2756.98382,S,02449.87317,E,4,18,0.7,93.990,M,28.000,M,1.0,0000*7C
$GNGST,080844.80,0.012,0.015,0.011,32.1,0.011,0.013,0.021*77
$GNRMC,080844.80,A,2756.98382,S,02449.87317,E,3.50,180.0,120826,,,R*79
$GNGGA,080845.00,2756.98402,S,02449.87317,E,4,18,0.7,93.989,M,28.000,M,1.0,0000*72
$GNGST,080845.00,0.012,0.015,0.011,32.1,0.011,0.013,0.021*7E
$GNRMC,080845.00,A,2756.98402,S,02449.87317,E,3.50,180.0,120826,,,R*7F
$GNGGA,080845.20,2756.98421,S,02449.87317,E,4,18,0.7,93.988,M,28.000,M,1.0,0000*70
$GNGST,080845.20,0.012,0.015,0.011,32.1,0.011,0.013,0.021*7C
$GNRMC,080845.20,A,2756.98421,S,02449.87317,E,3.50,180.0,120826,,,R*7C
$GNGGA,080845.40,2756.98441,S,02449.87317,E,4,18,0.7,93.988,M,28.000,M,1.0,0000*70
$GNGST,080845.40,0.012,0.015,0.011,32.1,0.011,0.013,0.021*7A
$GNRMC,080845.40,A,2756.98441,S,02449.87317,E,3.50,180.0,120826,,,R*7C
$GNGGA,080845.60,2756.98460,S,02449.87317,E,4,18,0.7,93.987,M,28.000,M,1.0,0000*7E
$GNGST,080845.60,0.012,0.015,0.011,32.1,0.011,0.013,0.021*78
$GNRMC,080845.60,A,2756.98460,S,02449.87317,E,3.50,180.0,120826,,,R*7D
$GNGGA,080845.80,2756.98480,S,02449.87317,E,4,18,0.7,93.986,M,28.000,M,1.0,0000*7F
$GNGST,080845.80,0.012,0.015,0.011,32.1,0.011,0.013,0.021*76
$GNRMC,080845.80,A,2756.98480,S,02449.87317,E,3.50,180.0,120826,,,R*7D
$GNGGA,080846.00,2756.98499,S,02449.87317,E,4,18,0.7,93.985,M,28.000,M,1.0,0000*7F
$GNGST,080846.00,0.012,0.015,0.011,32.1,0.011,0.013,0.021*7D
$GNRMC,080846.00,A,2756.98499,S,02449.87317,E,3.50,180.0,120826,,,R*7E
$GNGGA,080846.20,2756.98519,S,02449.87317,E,4,18,0.7,93.984,M,28.000,M,1.0,0000*75
$GNGST,080846.20,0.012,0.015,0.011,32.1,0.011,0.013,0.021*7F
$GNRMC,080846.20,A,2756.98519,S,02449.87317,E,3.50,180.0,120826,,,R*75
$GNGGA,080846.40,2756.98538,S,02449.87317,E,4,18,0.7,93.983,M,28.000,M,1.0,0000*77
$GNGST,080846.40,0.012,0.015,0.011,32.1,0.011,0.013,0.021*79
$GNRMC,080846.40,A,2756.98538,S,02449.87317,E,3.50,180.0,120826,,,R*70
$GNGGA,080846.60,2756.98558,S,02449.87317,E,4,18,0.7,93.983,M,28.000,M,1.0,0000*73
$GNGST,080846.60,0.012,0.015,0.011,32.1,0.011,0.013,0.021*7B
$GNRMC,080846.60,A,2756.98558,S,02449.87317,E,3.50,180.0,120826,,,R*74
$GNGGA,080846.80,2756.98577,S,02449.87317,E,4,18,0.7,93.982,M,28.000,M,1.0,0000*71
$GNGST,080846.80,0.012,0.015,0.011,32.1,0.011,0.013,0.021*75
$GNRMC,080846.80,A,2756.98577,S,02449.87317,E,3.50,180.0,120826,,,R*77
$GNGGA,080847.00,2756.98597,S,02449.87317,E,4,18,0.7,93.981,M,28.000,M,1.0,0000*75
$GNGST,080847.00,0.012,0.015,0.011,32.1,0.011,0.013,0.021*7C
$GNRMC,080847.00,A,2756.98597,S,02449.87317,E,3.50,180.0,120826,,,R*70
$GNGGA,080847.20,2756.98616,S,02449.87317,E,4,18,0.7,93.980,M,28.000,M,1.0,0000*7C
$GNGST,080847.20,0.012,0.015,0.011,32.1,0.011,0.013,0.021*7E
$GNRMC,080847.20,A,2756.98616,S,02449.87317,E,3.50,180.0,120826,,,R*78
$GNGGA,080847.40,2756.98636,S,02449.87317,E,4,18,0.7,93.979,M,28.000,M,1.0,0000*7E
$GNGST,080847.40,0.012,0.015,0.011,32.1,0.011,0.013,0.021*78
$GNRMC,080847.40,A,2756.98636,S,02449.87317,E,3.50,180.0,120826,,,R*7C
$GNGGA,080847.60,2756.98655,S,02449.87317,E,4,18,0.7,93.978,M,28.000,M,1.0,0000*78
$GNGST,080847.60,0.012,0.015,0.011,32.1,0.011,0.013,0.021*7A
$GNRMC,080847.60,A,2756.98655,S,02449.87317,E,3.50,180.0,120826,,,R*7B
$GNGGA,080847.80,2756.98675,S,02449.87317,E,4,18,0.7,93.977,M,28.000,M,1.0,0000*7B
$GNGST,080847.80,0.012,0.015,0.011,32.1,0.011,0.013,0.021*74
$GNRMC,080847.80,A,2756.98675,S,02449.87317,E,3.50,180.0,120826,,,R*77
$GNGGA,080848.00,2756.98694,S,02449.87317,E,4,18,0.7,93.976,M,28.000,M,1.0,0000*72
$GNGST,080848.00,0.012,0.015,0.011,32.1,0.011,0.013,0.021*73
$GNRMC,080848.00,A,2756.98694,S,02449.87317,E,3.50,180.0,120826,,,R*7F
$GNGGA,080848.20,2756.98714,S,02449.87317,E,4,18,0.7,93.975,M,28.000,M,1.0,0000*7A
$GNGST,080848.20,0.012,0.015,0.011,32.1,0.011,0.013,0.021*71
$GNRMC,080848.20,A,2756.98714,S,02449.87317,E,3.50,180.0,120826,,,R*74
$GNGGA,080848.40,2756.98733,S,02449.87317,E,4,18,0.7,93.975,M,28.000,M,1.0,0000*79
$GNGST,080848.40,0.012,0.015,0.011,32.1,0.011,0.013,0.021*77
$GNRMC,080848.40,A,2756.98733,S,02449.87317,E,3.50,180.0,120826,,,R*77
$GNGGA,080848.60,2756.98753,S,02449.87317,E,4,18,0.7,93.974,M,28.000,M,1.0,0000*7C
$GNGST,080848.60,0.012,0.015,0.011,32.1,0.011,0.013,0.021*75
$GNRMC,080848.60,A,2756.98753,S,02449.87317,E,3.50,180.0,120826,,,R*73
$GNGGA,080848.80,2756.98772,S,02449.87317,E,4,18,0.7,93.973,M,28.000,M,1.0,0000*76
$GNGST,080848.80,0.012,0.015,0.011,32.1,0.011,0.013,0.021*7B
$GNRMC,080848.80,A,2756.98772,S,02449.87317,E,3.50,180.0,120826,,,R*7E
$GNGGA,080849.00,2756.98792,S,02449.87317,E,4,18,0.7,93.972,M,28.000,M,1.0,0000*70
$GNGST,080849.00,0.012,0.015,0.011,32.1,0.011,0.013,0.021*72
$GNRMC,080849.00,A,2756.98792,S,02449.87317,E,3.50,180.0,120826,,,R*79
$GNGGA,080849.20,2756.98811,S,02449.87317,E,4,18,0.7,93.971,M,28.000,M,1.0,0000*75
$GNGST,080849.20,0.012,0.015,0.011,32.1,0.011,0.013,0.021*70
$GNRMC,080849.20,A,2756.98811,S,02449.87317,E,3.50,180.0,120826,,,R*7F
$GNGGA,080849.40,2756.98831,S,02449.87317,E,4,18,0.7,93.970,M,28.000,M,1.0,0000*70
$GNGST,080849.40,0.012,0.015,0.011,32.1,0.011,0.013,0.021*76
$GNRMC,080849.40,A,2756.98831,S,02449.87317,E,3.50,180.0,120826,,,R*7B
$GNGGA,080849.60,2756.98850,S,02449.87317,E,4,18,0.7,93.969,M,28.000,M,1.0,0000*7D
$GNGST,080849.60,0.012,0.015,0.011,32.1,0.011,0.013,0.021*74
$GNRMC,080849.60,A,2756.98850,S,02449.87317,E,3.50,180.0,120826,,,R*7E
$GNGGA,080849.80,2756.98870,S,02449.87317,E,4,18,0.7,93.968,M,28.000,M,1.0,0000*70
$GNGST,080849.80,0.012,0.015,0.011,32.1,0.011,0.013,0.021*7A
$GNRMC,080849.80,A,2756.98870,S,02449.87317,E,3.50,180.0,120826,,,R*72
$GNGGA,080850.00,2756.98889,S,02449.87317,E,4,18,0.7,93.967,M,28.000,M,1.0,0000*79
$GNGST,080850.00,0.012,0.015,0.011,32.1,0.011,0.013,0.021*7A
$GNRMC,080850.00,A,2756.98889,S,02449.87317,E,3.50,180.0,120826,,,R*74
$GNGGA,080850.20,2756.98908,S,02449.87317,E,4,18,0.7,93.967,M,28.000,M,1.0,0000*73
$GNGST,080850.20,0.012,0.015,0.011,32.1,0.011,0.013,0.021*78
$GNRMC,080850.20,A,2756.98908,S,02449.87317,E,3.50,180.0,120826,,,R*7E
$GNGGA,080850.40,2756.98928,S,02449.87317,E,4,18,0.7,93.966,M,28.000,M,1.0,0000*76
$GNGST,080850.40,0.012,0.015,0.011,32.1,0.011,0.013,0.021*7E
$GNRMC,080850.40,A,2756.98928,S,02449.87317,E,3.50,180.0,120826,,,R*7A
$GNGGA,080850.60,2756.98947,S,02449.87317,E,4,18,0.7,93.965,M,28.000,M,1.0,0000*7E
$GNGST,080850.60,0.012,0.015,0.011,32.1,0.011,0.013,0.021*7C
$GNRMC,080850.60,A,2756.98947,S,02449.87317,E,3.50,180.0,120826,,,R*71
$GNGGA,080850.80,2756.98967,S,02449.87317,E,4,18,0.7,93.964,M,28.000,M,1.0,0000*73
$GNGST,080850.80,0.012,0.015,0.011,32.1,0.011,0.013,0.021*72
$GNRMC,080850.80,A,2756.98967,S,02449.87317,E,3.50,180.0,120826,,,R*7D
$GNGGA,080851.00,2756.98986,S,02449.87317,E,4,18,0.7,93.963,M,28.000,M,1.0,0000*72
$GNGST,080851.00,0.012,0.015,0.011,32.1,0.011,0.013,0.021*7B
$GNRMC,080851.00,A,2756.98986,S,02449.87317,E,3.50,180.0,120826,,,R*7B
$GNGGA,080851.20,2756.99006,S,02449.87317,E,4,18,0.7,93.962,M,28.000,M,1.0,0000*71
$GNGST,080851.20,0.012,0.015,0.011,32.1,0.011,0.013,0.021*79
$GNRMC,080851.20,A,2756.99006,S,02449.87317,E,3.50,180.0,120826,,,R*79
$GNGGA,080851.40,2756.99025,S,02449.87317,E,4,18,0.7,93.961,M,28.000,M,1.0,0000*75
$GNGST,080851.40,0.012,0.015,0.011,32.1,0.011,0.013,0.021*7F
$GNRMC,080851.40,A,2756.99025,S,02449.87317,E,3.50,180.0,120826,,,R*7E
$GNGGA,080851.60,2756.99045,S,02449.87317,E,4,18,0.7,93.960,M,28.000,M,1.0,0000*70
$GNGST,080851.60,0.012,0.015,0.011,32.1,0.011,0.013,0.021*7D
$GNRMC,080851.60,A,2756.99045,S,02449.87317,E,3.50,180.0,120826,,,R*7A
$GNGGA,080851.80,2756.99064,S,02449.87317,E,4,18,0.7,93.959,M,28.000,M,1.0,0000*77
$GNGST,080851.80,0.012,0.015,0.011,32.1,0.011,0.013,0.021*73
$GNRMC,080851.80,A,2756.99064,S,02449.87317,E,3.50,180.0,120826,,,R*77
$GNGGA,080852.00,2756.99084,S,02449.87317,E,4,18,0.7,93.958,M,28.000,M,1.0,0000*73
$GNGST,080852.00,0.012,0.015,0.011,32.1,0.011,0.013,0.021*78
$GNRMC,080852.00,A,2756.99084,S,02449.87317,E,3.50,180.0,120826,,,R*72
$GNGGA,080852.20,2756.99103,S,02449.87317,E,4,18,0.7,93.957,M,28.000,M,1.0,0000*70
$GNGST,080852.20,0.012,0.015,0.011,32.1,0.011,0.013,0.021*7A
$GNRMC,080852.20,A,2756.99103,S,02449.87317,E,3.50,180.0,120826,,,R*7E
$GNGGA,080852.40,2756.99123,S,02449.87317,E,4,18,0.7,93.957,M,28.000,M,1.0,0000*74
$GNGST,080852.40,0.012,0.015,0.011,32.1,0.011,0.013,0.021*7C
$GNRMC,080852.40,A,2756.99123,S,02449.87317,E,3.50,180.0,120826,,,R*7A
$GNGGA,080852.60,2756.99142,S,02449.87317,E,4,18,0.7,93.956,M,28.000,M,1.0,0000*70
$GNGST,080852.60,0.012,0.015,0.011,32.1,0.011,0.013,0.021*7E
$GNRMC,080852.60,A,2756.99142,S,02449.87317,E,3.50,180.0,120826,,,R*7F
$GNGGA,080852.80,2756.99162,S,02449.87317,E,4,18,0.7,93.955,M,28.000,M,1.0,0000*7F
$GNGST,080852.80,0.012,0.015,0.011,32.1,0.011,0.013,0.021*70
$GNRMC,080852.80,A,2756.99162,S,02449.87317,E,3.50,180.0,120826,,,R*73
$GNGGA,080853.00,2756.99181,S,02449.87317,E,4,18,0.7,93.954,M,28.000,M,1.0,0000*7A
$GNGST,080853.00,0.012,0.015,0.011,32.1,0.011,0.013,0.021*79
$GNRMC,080853.00,A,2756.99181,S,02449.87317,E,3.50,180.0,120826,,,R*77
$GNGGA,080853.20,2756.99201,S,02449.87317,E,4,18,0.7,93.953,M,28.000,M,1.0,0000*74
$GNGST,080853.20,0.012,0.015,0.011,32.1,0.011,0.013,0.021*7B
$GNRMC,080853.20,A,2756.99201,S,02449.87317,E,3.50,180.0,120826,,,R*7E
$GNGGA,080853.40,2756.99220,S,02449.87317,E,4,18,0.7,93.952,M,28.000,M,1.0,0000*70
$GNGST,080853.40,0.012,0.015,0.011,32.1,0.011,0.013,0.021*7D
$GNRMC,080853.40,A,2756.99220,S,02449.87317,E,3.50,180.0,120826,,,R*7B
$GNGGA,080853.60,2756.99240,S,02449.87317,E,4,18,0.7,93.951,M,28.000,M,1.0,0000*77
$GNGST,080853.60,0.012,0.015,0.011,32.1,0.011,0.013,0.021*7F
$GNRMC,080853.60,A,2756.99240,S,02449.87317,E,3.50,180.0,120826,,,R*7F
$GNGGA,080853.80,2756.99259,S,02449.87317,E,4,18,0.7,93.950,M,28.000,M,1.0,0000*70
$GNGST,080853.80,0.012,0.015,0.011,32.1,0.011,0.013,0.021*71
$GNRMC,080853.80,A,2756.99259,S,02449.87317,E,3.50,180.0,120826,,,R*79
$GNGGA,080854.00,2756.99279,S,02449.87317,E,4,18,0.7,93.949,M,28.000,M,1.0,0000*75
$GNGST,080854.00,0.012,0.015,0.011,32.1,0.011,0.013,0.021*7E
$GNRMC,080854.00,A,2756.99279,S,02449.87317,E,3.50,180.0,120826,,,R*74
$GNGGA,080854.20,2756.99298,S,02449.87317,E,4,18,0.7,93.948,M,28.000,M,1.0,0000*79
$GNGST,080854.20,0.012,0.015,0.011,32.1,0.011,0.013,0.021*7C
$GNRMC,080854.20,A,2756.99298,S,02449.87317,E,3.50,180.0,120826,,,R*79
$GNGGA,080854.40,2756.99318,S,02449.87317,E,4,18,0.7,93.947,M,28.000,M,1.0,0000*79
$GNGST,080854.40,0.012,0.015,0.011,32.1,0.011,0.013,0.021*7A
$GNRMC,080854.40,A,2756.99318,S,02449.87317,E,3.50,180.0,120826,,,R*76
$GNGGA,080854.60,2756.99337,S,02449.87317,E,4,18,0.7,93.947,M,28.000,M,1.0,0000*76
$GNGST,080854.60,0.012,0.015,0.011,32.1,0.011,0.013,0.021*78
$GNRMC,080854.60,A,2756.99337,S,02449.87317,E,3.50,180.0,120826,,,R*79
$GNGGA,080854.80,2756.99357,S,02449.87317,E,4,18,0.7,93.946,M,28.000,M,1.0,0000*7F
$GNGST,080854.80,0.012,0.015,0.011,32.1,0.011,0.013,0.021*76
$GNRMC,080854.80,A,2756.99357,S,02449.87317,E,3.50,180.0,120826,,,R*71
$GNGGA,080855.00,2756.99376,S,02449.87317,E,4,18,0.7,93.945,M,28.000,M,1.0,0000*76
$GNGST,080855.00,0.012,0.015,0.011,32.1,0.011,0.013,0.021*7F
$GNRMC,080855.00,A,2756.99376,S,02449.87317,E,3.50,180.0,120826,,,R*7B
$GNGGA,080855.20,2756.99396,S,02449.87317,E,4,18,0.7,93.944,M,28.000,M,1.0,0000*7B
$GNGST,080855.20,0.012,0.015,0.011,32.1,0.011,0.013,0.021*7D
$GNRMC,080855.20,A,2756.99396,S,02449.87317,E,3.50,180.0,120826,,,R*77
$GNGGA,080855.40,2756.99415,S,02449.87317,E,4,18,0.7,93.943,M,28.000,M,1.0,0000*76
$GNGST,080855.40,0.012,0.015,0.011,32.1,0.011,0.013,0.021*7B
$GNRMC,080855.40,A,2756.99415,S,02449.87317,E,3.50,180.0,120826,,,R*7D
$GNGGA,080855.60,2756.99435,S,02449.87317,E,4,18,0.7,93.942,M,28.000,M,1.0,0000*77
$GNGST,080855.60,0.012,0.015,0.011,32.1,0.011,0.013,0.021*79
$GNRMC,080855.60,A,2756.99435,S,02449.87317,E,3.50,180.0,120826,,,R*7D
$GNGGA,080855.80,2756.99454,S,02449.87317,E,4,18,0.7,93.941,M,28.000,M,1.0,0000*7D
$GNGST,080855.80,0.012,0.015,0.011,32.1,0.011,0.013,0.021*77
$GNRMC,080855.80,A,2756.99454,S,02449.87317,E,3.50,180.0,120826,,,R*74
$GNGGA,080856.00,2756.99474,S,02449.87317,E,4,18,0.7,93.940,M,28.000,M,1.0,0000*75
$GNGST,080856.00,0.012,0.015,0.011,32.1,0.011,0.013,0.021*7C
$GNRMC,080856.00,A,2756.99474,S,02449.87317,E,3.50,180.0,120826,,,R*7D
$GNGGA,080856.20,2756.99493,S,02449.87317,E,4,18,0.7,93.939,M,28.000,M,1.0,0000*70
$GNGST,080856.20,0.012,0.015,0.011,32.1,0.011,0.013,0.021*7E
$GNRMC,080856.20,A,2756.99493,S,02449.87317,E,3.50,180.0,120826,,,R*76
$GNGGA,080856.40,2756.99513,S,02449.87317,E,4,18,0.7,93.939,M,28.000,M,1.0,0000*7F
$GNGST,080856.40,0.012,0.015,0.011,32.1,0.011,0.013,0.021*78
$GNRMC,080856.40,A,2756.99513,S,02449.87317,E,3.50,180.0,120826,,,R*79
$GNGGA,080856.60,2756.99532,S,02449.87317,E,4,18,0.7,93.938,M,28.000,M,1.0,0000*7F
$GNGST,080856.60,0.012,0.015,0.011,32.1,0.011,0.013,0.021*7A
$GNRMC,080856.60,A,2756.99532,S,02449.87317,E,3.50,180.0,120826,,,R*78
$GNGGA,080856.80,2756.99552,S,02449.87317,E,4,18,0.7,93.937,M,28.000,M,1.0,0000*78
$GNGST,080856.80,0.012,0.015,0.011,32.1,0.011,0.013,0.021*74
$GNRMC,080856.80,A,2756.99552,S,02449.87317,E,3.50,180.0,120826,,,R*70
$GNGGA,080857.00,2756.99571,S,02449.87317,E,4,18,0.7,93.936,M,28.000,M,1.0,0000*71
$GNGST,080857.00,0.012,0.015,0.011,32.1,0.011,0.013,0.021*7D
$GNRMC,080857.00,A,2756.99571,S,02449.87317,E,3.50,180.0,120826,,,R*78
$GNGGA,080857.20,2756.99591,S,02449.87317,E,4,18,0.7,93.935,M,28.000,M,1.0,0000*7E
$GNGST,080857.20,0.012,0.015,0.011,32.1,0.011,0.013,0.021*7F
$GNRMC,080857.20,A,2756.99591,S,02449.87317,E,3.50,180.0,120826,,,R*74
$GNGGA,080857.40,2756.99610,S,02449.87317,E,4,18,0.7,93.934,M,28.000,M,1.0,0000*73
$GNGST,080857.40,0.012,0.015,0.011,32.1,0.011,0.013,0.021*79
$GNRMC,080857.40,A,2756.99610,S,02449.87317,E,3.50,180.0,120826,,,R*78
$GNGGA,080857.60,2756.99630,S,02449.87317,E,4,18,0.7,93.933,M,28.000,M,1.0,0000*74
$GNGST,080857.60,0.012,0.015,0.011,32.1,0.011,0.013,0.021*7B
$GNRMC,080857.60,A,2756.99630,S,02449.87317,E,3.50,180.0,120826,,,R*78
$GNGGA,080857.80,2756.99649,S,02449.87317,E,4,18,0.7,93.932,M,28.000,M,1.0,0000*75
$GNGST,080857.80,0.012,0.015,0.011,32.1,0.011,0.013,0.021*75
$GNRMC,080857.80,A,2756.99649,S,02449.87317,E,3.50,180.0,120826,,,R*78
$GNGGA,080858.00,2756.99669,S,02449.87317,E,4,18,0.7,93.932,M,28.000,M,1.0,0000*70
$GNGST,080858.00,0.012,0.015,0.011,32.1,0.011,0.013,0.021*72
$GNRMC,080858.00,A,2756.99669,S,02449.87317,E,3.50,180.0,120826,,,R*7D
$GNGGA,080858.20,2756.99666,S,02449.87338,E,4,18,0.7,93.932,M,28.000,M,1.0,0000*70
$GNGST,080858.20,0.012,0.015,0.011,32.1,0.011,0.013,0.021*70
$GNRMC,080858.20,A,2756.99666,S,02449.87338,E,3.50,81.8,120826,,,R*45
$GNGGA,080858.40,2756.99663,S,02449.87360,E,4,18,0.7,93.932,M,28.000,M,1.0,0000*7E
$GNGST,080858.40,0.012,0.015,0.011,32.1,0.011,0.013,0.021*76
$GNRMC,080858.40,A,2756.99663,S,02449.87360,E,3.50,81.8,120826,,,R*4B
$GNGGA,080858.60,2756.99660,S,02449.87382,E,4,18,0.7,93.932,M,28.000,M,1.0,0000*73
$GNGST,080858.60,0.012,0.015,0.011,32.1,0.011,0.013,0.021*74
$GNRMC,080858.60,A,2756.99660,S,02449.87382,E,3.50,81.8,120826,,,R*46
$GNGGA,080858.80,2756.99658,S,02449.87404,E,4,18,0.7,93.932,M,28.000,M,1.0,0000*7F
$GNGST,080858.80,0.012,0.015,0.011,32.1,0.011,0.013,0.021*7A
$GNRMC,080858.80,A,2756.99658,S,02449.87404,E,3.50,81.8,120826,,,R*4A
$GNGGA,080859.00,2756.99655,S,02449.87425,E,4,18,0.7,93.933,M,28.000,M,1.0,0000*79
$GNGST,080859.00,0.012,0.015,0.011,32.1,0.011,0.013,0.021*73
$GNRMC,080859.00,A,2756.99655,S,02449.87425,E,3.50,81.8,120826,,,R*4D
$GNGGA,080859.20,2756.99652,S,02449.87447,E,4,18,0.7,93.933,M,28.000,M,1.0,0000*78
$GNGST,080859.20,0.012,0.015,0.011,32.1,0.011,0.013,0.021*71
$GNRMC,080859.20,A,2756.99652,S,02449.87447,E,3.50,81.8,120826,,,R*4C
$GNGGA,080859.40,2756.99649,S,02449.87469,E,4,18,0.7,93.933,M,28.000,M,1.0,0000*78
$GNGST,080859.40,0.012,0.015,0.011,32.1,0.011,0.013,0.021*77
$GNRMC,080859.40,A,2756.99649,S,02449.87469,E,3.50,81.8,120826,,,R*4C
$GNGGA,080859.60,2756.99646,S,02449.87491,E,4,18,0.7,93.933,M,28.000,M,1.0,0000*72
$GNGST,080859.60,0.012,0.015,0.011,32.1,0.011,0.013,0.021*75
$GNRMC,080859.60,A,2756.99646,S,02449.87491,E,3.50,81.8,120826,,,R*46
$GNGGA,080859.80,2756.99644,S,02449.87513,E,4,18,0.7,93.934,M,28.000,M,1.0,0000*72
$GNGST,080859.80,0.012,0.015,0.011,32.1,0.011,0.013,0.021*7B
$GNRMC,080859.80,A,2756.99644,S,02449.87513,E,3.50,81.8,120826,,,R*41
$GNGGA,080900.00,2756.99641,S,02449.87534,E,4,18,0.7,93.934,M,28.000,M,1.0,0000*77
$GNGST,080900.00,0.012,0.015,0.011,32.1,0.011,0.013,0.021*7E
$GNRMC,080900.00,A,2756.99641,S,02449.87534,E,3.50,81.8,120826,,,R*44
$GNGGA,080900.20,2756.99638,S,02449.87556,E,4,18,0.7,93.934,M,28.000,M,1.0,0000*7F
$GNGST,080900.20,0.012,0.015,0.011,32.1,0.011,0.013,0.021*7C
$GNRMC,080900.20,A,2756.99638,S,02449.87556,E,3.50,81.8,120826,,,R*4C
$GNGGA,080900.40,2756.99635,S,02449.87578,E,4,18,0.7,93.935,M,28.000,M,1.0,0000*79
$GNGST,080900.40,0.012,0.015,0.011,32.1,0.011,0.013,0.021*7A
$GNRMC,080900.40,A,2756.99635,S,02449.87578,E,3.50,81.8,120826,,,R*4B
$GNGGA,080900.60,2756.99632,S,02449.87600,E,4,18,0.7,93.935,M,28.000,M,1.0,0000*70
$GNGST,080900.60,0.012,0.015,0.011,32.1,0.011,0.013,0.021*78
$GNRMC,080900.60,A,2756.99632,S,02449.87600,E,3.50,81.8,120826,,,R*42
$GNGGA,080900.80,2756.99630,S,02449.87621,E,4,18,0.7,93.935,M,28.000,M,1.0,0000*7F
$GNGST,080900.80,0.012,0.015,0.011,32.1,0.011,0.013,0.021*76
$GNRMC,080900.80,A,2756.99630,S,02449.87621,E,3.50,81.8,120826,,,R*4D
$GNGGA,080901.00,2756.99627,S,02449.87643,E,4,18,0.7,93.935,M,28.000,M,1.0,0000*74
$GNGST,080901.00,0.012,0.015,0.011,32.1,0.011,0.013,0.021*7F
$GNRMC,080901.00,A,2756.99627,S,02449.87643,E,3.50,81.8,120826,,,R*46
$GNGGA,080901.20,2756.99624,S,02449.87665,E,4,18,0.7,93.936,M,28.000,M,1.0,0000*72
$GNGST,080901.20,0.012,0.015,0.011,32.1,0.011,0.013,0.021*7D
$GNRMC,080901.20,A,2756.99624,S,02449.87665,E,3.50,81.8,120826,,,R*43
$GNGGA,080901.40,2756.99621,S,02449.87687,E,4,18,0.7,93.936,M,28.000,M,1.0,0000*7D
$GNGST,080901.40,0.012,0.015,0.011,32.1,0.011,0.013,0.021*7B
$GNRMC,080901.40,A,2756.99621,S,02449.87687,E,3.50,81.8,120826,,,R*4C
$GNGGA,080901.60,2756.99619,S,02449.87708,E,4,18,0.7,93.936,M,28.000,M,1.0,0000*72
$GNGST,080901.60,0.012,0.015,0.011,32.1,0.011,0.013,0.021*79
$GNRMC,080901.60,A,2756.99619,S,02449.87708,E,3.50,81.8,120826,,,R*43
$GNGGA,080901.80,2756.99616,S,02449.87730,E,4,18,0.7,93.937,M,28.000,M,1.0,0000*79
$GNGST,080901.80,0.012,0.015,0.011,32.1,0.011,0.013,0.021*77
$GNRMC,080901.80,A,2756.99616,S,02449.87730,E,3.50,81.8,120826,,,R*49
$GNGGA,080902.00,2756.99613,S,02449.87752,E,4,18,0.7,93.937,M,28.000,M,1.0,0000*73
$GNGST,080902.00,0.012,0.015,0.011,32.1,0.011,0.013,0.021*7C
$GNRMC,080902.00,A,2756.99613,S,02449.87752,E,3.50,81.8,120826,,,R*43
$GNGGA,080902.20,2756.99610,S,02449.87774,E,4,18,0.7,93.937,M,28.000,M,1.0,0000*76
$GNGST,080902.20,0.012,0.015,0.011,32.1,0.011,0.013,0.021*7E
$GNRMC,080902.20,A,2756.99610,S,02449.87774,E,3.50,81.8,120826,,,R*46
$GNGGA,080902.40,2756.99607,S,02449.87796,E,4,18,0.7,93.938,M,28.000,M,1.0,0000*75
$GNGST,080902.40,0.012,0.015,0.011,32.1,0.011,0.013,0.021*78
$GNRMC,080902.40,A,2756.99607,S,02449.87796,E,3.50,81.8,120826,,,R*4A
$GNGGA,080902.60,2756.99605,S,02449.87817,E,4,18,0.7,93.938,M,28.000,M,1.0,0000*73
$GNGST,080902.60,0.012,0.015,0.011,32.1,0.011,0.013,0.021*7A
$GNRMC,080902.60,A,2756.99605,S,02449.87817,E,3.50,81.8,120826,,,R*4C
$GNGGA,080902.80,2756.99602,S,02449.87839,E,4,18,0.7,93.938,M,28.000,M,1.0,0000*76
$GNGST,080902.80,0.012,0.015,0.011,32.1,0.011,0.013,0.021*74
$GNRMC,080902.80,A,2756.99602,S,02449.87839,E,3.50,81.8,120826,,,R*49
$GNGGA,080903.00,2756.99599,S,02449.87861,E,4,18,0.7,93.939,M,28.000,M,1.0,0000*72
$GNGST,080903.00,0.012,0.015,0.011,32.1,0.011,0.013,0.021*7D
$GNRMC,080903.00,A,2756.99599,S,02449.87861,E,3.50,81.8,120826,,,R*4C
$GNGGA,080903.20,2756.99596,S,02449.87883,E,4,18,0.7,93.939,M,28.000,M,1.0,0000*73
$GNGST,080903.20,0.012,0.015,0.011,32.1,0.011,0.013,0.021*7F
$GNRMC,080903.20,A,2756.99596,S,02449.87883,E,3.50,81.8,120826,,,R*4D
$GNGGA,080903.40,2756.99593,S,02449.87904,E,4,18,0.7,93.940,M,28.000,M,1.0,0000*70
$GNGST,080903.40,0.012,0.015,0.011,32.1,0.011,0.013,0.021*79
$GNRMC,080903.40,A,2756.99593,S,02449.87904,E,3.50,81.8,120826,,,R*40
$GNGGA,080903.60,2756.99591,S,02449.87926,E,4,18,0.7,93.940,M,28.000,M,1.0,0000*70
$GNGST,080903.60,0.012,0.015,0.011,32.1,0.011,0.013,0.021*7B
$GNRMC,080903.60,A,2756.99591,S,02449.87926,E,3.50,81.8,120826,,,R*40
$GNGGA,080903.80,2756.99588,S,02449.87948,E,4,18,0.7,93.940,M,28.000,M,1.0,0000*7E
$GNGST,080903.80,0.012,0.015,0.011,32.1,0.011,0.013,0.021*75
$GNRMC,080903.80,A,2756.99588,S,02449.87948,E,3.50,81.8,120826,,,R*4E
$GNGGA,080904.00,2756.99585,S,02449.87970,E,4,18,0.7,93.941,M,28.000,M,1.0,0000*76
$GNGST,080904.00,0.012,0.015,0.011,32.1,0.011,0.013,0.021*7A
$GNRMC,080904.00,A,2756.99585,S,02449.87970,E,3.50,81.8,120826,,,R*47
$GNGGA,080904.20,2756.99582,S,02449.87992,E,4,18,0.7,93.941,M,28.000,M,1.0,0000*7F
$GNGST,080904.20,0.012,0.015,0.011,32.1,0.011,0.013,0.021*78
$GNRMC,080904.20,A,2756.99582,S,02449.87992,E,3.50,81.8,120826,,,R*4E
$GNGGA,080904.40,2756.99580,S,02449.88013,E,4,18,0.7,93.941,M,28.000,M,1.0,0000*74
$GNGST,080904.40,0.012,0.015,0.011,32.1,0.011,0.013,0.021*7E
$GNRMC,080904.40,A,2756.99580,S,02449.88013,E,3.50,81.8,120826,,,R*45
$GNGGA,080904.60,2756.99577,S,02449.88035,E,4,18,0.7,93.942,M,28.000,M,1.0,0000*79
$GNGST,080904.60,0.012,0.015,0.011,32.1,0.011,0.013,0.021*7C
$GNRMC,080904.60,A,2756.99577,S,02449.88035,E,3.50,81.8,120826,,,R*4B
$GNGGA,080904.80,2756.99574,S,02449.88057,E,4,18,0.7,93.942,M,28.000,M,1.0,0000*70
$GNGST,080904.80,0.012,0.015,0.011,32.1,0.011,0.013,0.021*72
$GNRMC,080904.80,A,2756.99574,S,02449.88057,E,3.50,81.8,120826,,,R*42
$GNGGA,080905.00,2756.99571,S,02449.88079,E,4,18,0.7,93.943,M,28.000,M,1.0,0000*71
$GNGST,080905.00,0.012,0.015,0.011,32.1,0.011,0.013,0.021*7B
$GNRMC,080905.00,A,2756.99571,S,02449.88079,E,3.50,81.8,120826,,,R*42
$GNGGA,080905.20,2756.99568,S,02449.88100,E,4,18,0.7,93.943,M,28.000,M,1.0,0000*74
$GNGST,080905.20,0.012,0.015,0.011,32.1,0.011,0.013,0.021*79
$GNRMC,080905.20,A,2756.99568,S,02449.88100,E,3.50,81.8,120826,,,R*47
$GNGGA,080905.40,2756.99566,S,02449.88122,E,4,18,0.7,93.944,M,28.000,M,1.0,0000*7B
$GNGST,080905.40,0.012,0.015,0.011,32.1,0.011,0.013,0.021*7F
$GNRMC,080905.40,A,2756.99566,S,02449.88122,E,3.50,81.8,120826,,,R*4F
$GNGGA,080905.60,2756.99563,S,02449.88144,E,4,18,0.7,93.944,M,28.000,M,1.0,0000*7C
$GNGST,080905.60,0.012,0.015,0.011,32.1,0.011,0.013,0.021*7D
$GNRMC,080905.60,A,2756.99563,S,02449.88144,E,3.50,81.8,120826,,,R*48
$GNGGA,080905.80,2756.99560,S,02449.88166,E,4,18,0.7,93.944,M,28.000,M,1.0,0000*71
$GNGST,080905.80,0.012,0.015,0.011,32.1,0.011,0.013,0.021*73
$GNRMC,080905.80,A,2756.99560,S,02449.88166,E,3.50,81.8,120826,,,R*45
$GNGGA,080906.00,2756.99557,S,02449.88188,E,4,18,0.7,93.945,M,28.000,M,1.0,0000*7F
$GNGST,080906.00,0.012,0.015,0.011,32.1,0.011,0.013,0.021*78
$GNRMC,080906.00,A,2756.99557,S,02449.88188,E,3.50,81.8,120826,,,R*4A
$GNGGA,080906.20,2756.99554,S,02449.88209,E,4,18,0.7,93.945,M,28.000,M,1.0,0000*74
$GNGST,080906.20,0.012,0.015,0.011,32.1,0.011,0.013,0.021*7A
$GNRMC,080906.20,A,2756.99554,S,02449.88209,E,3.50,81.8,120826,,,R*41
$GNGGA,080906.40,2756.99552,S,02449.88231,E,4,18,0.7,93.946,M,28.000,M,1.0,0000*7C
$GNGST,080906.40,0.012,0.015,0.011,32.1,0.011,0.013,0.021*7C
$GNRMC,080906.40,A,2756.99552,S,02449.88231,E,3.50,81.8,120826,,,R*4A
$GNGGA,080906.60,2756.99549,S,02449.88253,E,4,18,0.7,93.946,M,28.000,M,1.0,0000*70
$GNGST,080906.60,0.012,0.015,0.011,32.1,0.011,0.013,0.021*7E
$GNRMC,080906.60,A,2756.99549,S,02449.88253,E,3.50,81.8,120826,,,R*46
$GNGGA,080906.80,2756.99546,S,02449.88275,E,4,18,0.7,93.947,M,28.000,M,1.0,0000*74
$GNGST,080906.80,0.012,0.015,0.011,32.1,0.011,0.013,0.021*70
$GNRMC,080906.80,A,2756.99546,S,02449.88275,E,3.50,81.8,120826,,,R*43
$GNGGA,080907.00,2756.99543,S,02449.88296,E,4,18,0.7,93.947,M,28.000,M,1.0,0000*75
$GNGST,080907.00,0.012,0.015,0.011,32.1,0.011,0.013,0.021*79
$GNRMC,080907.00,A,2756.99543,S,02449.88296,E,3.50,81.8,120826,,,R*42
$GNGGA,080907.20,2756.99541,S,02449.88318,E,4,18,0.7,93.947,M,28.000,M,1.0,0000*72
$GNGST,080907.20,0.012,0.015,0.011,32.1,0.011,0.013,0.021*7B
$GNRMC,080907.20,A,2756.99541,S,02449.88318,E,3.50,81.8,120826,,,R*45
$GNGGA,080907.40,2756.99538,S,02449.88340,E,4,18,0.7,93.948,M,28.000,M,1.0,0000*78
$GNGST,080907.40,0.012,0.015,0.011,32.1,0.011,0.013,0.021*7D
$GNRMC,080907.40,A,2756.99538,S,02449.88340,E,3.50,81.8,120826,,,R*40
$GNGGA,080907.60,2756.99535,S,02449.88362,E,4,18,0.7,93.948,M,28.000,M,1.0,0000*77
$GNGST,080907.60,0.012,0.015,0.011,32.1,0.011,0.013,0.021*7F
$GNRMC,080907.60,A,2756.99535,S,02449.88362,E,3.50,81.8,120826,,,R*4F
$GNGGA,080907.80,2756.99532,S,02449.88384,E,4,18,0.7,93.949,M,28.000,M,1.0,0000*77
$GNGST,080907.80,0.012,0.015,0.011,32.1,0.011,0.013,0.021*71
$GNRMC,080907.80,A,2756.99532,S,02449.88384,E,3.50,81.8,120826,,,R*4E
$GNGGA,080908.00,2756.99529,S,02449.88405,E,4,18,0.7,93.949,M,28.000,M,1.0,0000*74
$GNGST,080908.00,0.012,0.015,0.011,32.1,0.011,0.013,0.021*76
$GNRMC,080908.00,A,2756.99529,S,02449.88405,E,3.50,81.8,120826,,,R*4D
$GNGGA,080908.20,2756.99527,S,02449.88427,E,4,18,0.7,93.950,M,28.000,M,1.0,0000*70
$GNGST,080908.20,0.012,0.015,0.011,32.1,0.011,0.013,0.021*74
$GNRMC,080908.20,A,2756.99527,S,02449.88427,E,3.50,81.8,120826,,,R*41
$GNGGA,080908.40,2756.99524,S,02449.88449,E,4,18,0.7,93.950,M,28.000,M,1.0,0000*7D
$GNGST,080908.40,0.012,0.015,0.011,32.1,0.011,0.013,0.021*72
$GNRMC,080908.40,A,2756.99524,S,02449.88449,E,3.50,81.8,120826,,,R*4C
$GNGGA,080908.60,2756.99521,S,02449.88471,E,4,18,0.7,93.951,M,28.000,M,1.0,0000*70
$GNGST,080908.60,0.012,0.015,0.011,32.1,0.011,0.013,0.021*70
$GNRMC,080908.60,A,2756.99521,S,02449.88471,E,3.50,81.8,120826,,,R*40
$GNGGA,080908.80,2756.99518,S,02449.88492,E,4,18,0.7,93.951,M,28.000,M,1.0,0000*79
$GNGST,080908.80,0.012,0.015,0.011,32.1,0.011,0.013,0.021*7E
$GNRMC,080908.80,A,2756.99518,S,02449.88492,E,3.50,81.8,120826,,,R*49
$GNGGA,080909.00,2756.99516,S,02449.88514,E,4,18,0.7,93.952,M,28.000,M,1.0,0000*72
$GNGST,080909.00,0.012,0.015,0.011,32.1,0.011,0.013,0.021*77
$GNRMC,080909.00,A,2756.99516,S,02449.88514,E,3.50,81.8,120826,,,R*41
$GNGGA,080909.20,2756.99513,S,02449.88536,E,4,18,0.7,93.952,M,28.000,M,1.0,0000*75
$GNGST,080909.20,0.012,0.015,0.011,32.1,0.011,0.013,0.021*75
$GNRMC,080909.20,A,2756.99513,S,02449.88536,E,3.50,81.8,120826,,,R*46
$GNGGA,080909.40,2756.99493,S,02449.88536,E,4,18,0.7,93.953,M,28.000,M,1.0,0000*7B
$GNGST,080909.40,0.012,0.015,0.011,32.1,0.011,0.013,0.021*73
$GNRMC,080909.40,A,2756.99493,S,02449.88536,E,3.50,0.0,120826,,,R*78
$GNGGA,080909.60,2756.99474,S,02449.88536,E,4,18,0.7,93.954,M,28.000,M,1.0,0000*77
$GNGST,080909.60,0.012,0.015,0.011,32.1,0.011,0.013,0.021*71
$GNRMC,080909.60,A,2756.99474,S,02449.88536,E,3.50,0.0,120826,,,R*73
$GNGGA,080909.80,2756.99454,S,02449.88536,E,4,18,0.7,93.955,M,28.000,M,1.0,0000*7A
$GNGST,080909.80,0.012,0.015,0.011,32.1,0.011,0.013,0.021*7F
$GNRMC,080909.80,A,2756.99454,S,02449.88536,E,3.50,0.0,120826,,,R*7F
$GNGGA,080910.00,2756.99435,S,02449.88536,E,4,18,0.7,93.956,M,28.000,M,1.0,0000*7E
$GNGST,080910.00,0.012,0.015,0.011,32.1,0.011,0.013,0.021*7F
$GNRMC,080910.00,A,2756.99435,S,02449.88536,E,3.50,0.0,120826,,,R*78
$GNGGA,080910.20,2756.99415,S,02449.88536,E,4,18,0.7,93.957,M,28.000,M,1.0,0000*7F
$GNGST,080910.20,0.012,0.015,0.011,32.1,0.011,0.013,0.021*7D
$GNRMC,080910.20,A,2756.99415,S,02449.88536,E,3.50,0.0,120826,,,R*78
$GNGGA,080910.40,2756.99396,S,02449.88536,E,4,18,0.7,93.958,M,28.000,M,1.0,0000*7A
$GNGST,080910.40,0.012,0.015,0.011,32.1,0.011,0.013,0.021*7B
$GNRMC,080910.40,A,2756.99396,S,02449.88536,E,3.50,0.0,120826,,,R*72
$GNGGA,080910.60,2756.99376,S,02449.88536,E,4,18,0.7,93.959,M,28.000,M,1.0,0000*77
$GNGST,080910.60,0.012,0.015,0.011,32.1,0.011,0.013,0.021*79
$GNRMC,080910.60,A,2756.99376,S,02449.88536,E,3.50,0.0,120826,,,R*7E
$GNGGA,080910.80,2756.99357,S,02449.88536,E,4,18,0.7,93.960,M,28.000,M,1.0,0000*70
$GNGST,080910.80,0.012,0.015,0.011,32.1,0.011,0.013,0.021*77
$GNRMC,080910.80,A,2756.99357,S,02449.88536,E,3.50,0.0,120826,,,R*73
$GNGGA,080911.00,2756.99337,S,02449.88536,E,4,18,0.7,93.961,M,28.000,M,1.0,0000*7E
$GNGST,080911.00,0.012,0.015,0.011,32.1,0.011,0.013,0.021*7E
$GNRMC,080911.00,A,2756.99337,S,02449.88536,E,3.50,0.0,120826,,,R*7C
$GNGGA,080911.20,2756.99318,S,02449.88536,E,4,18,0.7,93.962,M,28.000,M,1.0,0000*72
$GNGST,080911.20,0.012,0.015,0.011,32.1,0.011,0.013,0.021*7C
$GNRMC,080911.20,A,2756.99318,S,02449.88536,E,3.50,0.0,120826,,,R*73
$GNGGA,080911.40,2756.99298,S,02449.88536,E,4,18,0.7,93.963,M,28.000,M,1.0,0000*7C
$GNGST,080911.40,0.012,0.015,0.011,32.1,0.011,0.013,0.021*7A
$GNRMC,080911.40,A,2756.99298,S,02449.88536,E,3.50,0.0,120826,,,R*7C
$GNGGA,080911.60,2756.99279,S,02449.88536,E,4,18,0.7,93.964,M,28.000,M,1.0,0000*76
$GNGST,080911.60,0.012,0.015,0.011,32.1,0.011,0.013,0.021*78
$GNRMC,080911.60,A,2756.99279,S,02449.88536,E,3.50,0.0,120826,,,R*71
$GNGGA,080911.80,2756.99259,S,02449.88536,E,4,18,0.7,93.965,M,28.000,M,1.0,0000*7B
$GNGST,080911.80,0.012,0.015,0.011,32.1,0.011,0.013,0.021*76
$GNRMC,080911.80,A,2756.99259,S,02449.88536,E,3.50,0.0,120826,,,R*7D
$GNGGA,080912.00,2756.99240,S,02449.88536,E,4,18,0.7,93.965,M,28.000,M,1.0,0000*78
$GNGST,080912.00,0.012,0.015,0.011,32.1,0.011,0.013,0.021*7D
$GNRMC,080912.00,A,2756.99240,S,02449.88536,E,3.50,0.0,120826,,,R*7E
$GNGGA,080912.20,2756.99220,S,02449.88536,E,4,18,0.7,93.966,M,28.000,M,1.0,0000*7F
$GNGST,080912.20,0.012,0.015,0.011,32.1,0.011,0.013,0.021*7F
$GNRMC,080912.20,A,2756.99220,S,02449.88536,E,3.50,0.0,120826,,,R*7A
$GNGGA,080912.40,2756.99201,S,02449.88536,E,4,18,0.7,93.967,M,28.000,M,1.0,0000*7B
$GNGST,080912.40,0.012,0.015,0.011,32.1,0.011,0.013,0.021*79
$GNRMC,080912.40,A,2756.99201,S,02449.88536,E,3.50,0.0,120826,,,R*7F
$GNGGA,080912.60,2756.99181,S,02449.88536,E,4,18,0.7,93.968,M,28.000,M,1.0,0000*7D
$GNGST,080912.60,0.012,0.015,0.011,32.1,0.011,0.013,0.021*7B
$GNRMC,080912.60,A,2756.99181,S,02449.88536,E,3.50,0.0,120826,,,R*76
$GNGGA,080912.80,2756.99162,S,02449.88536,E,4,18,0.7,93.969,M,28.000,M,1.0,0000*7F
$GNGST,080912.80,0.012,0.015,0.011,32.1,0.011,0.013,0.021*75
$GNRMC,080912.80,A,2756.99162,S,02449.88536,E,3.50,0.0,120826,,,R*75
$GNGGA,080913.00,2756.99142,S,02449.88536,E,4,18,0.7,93.970,M,28.000,M,1.0,0000*7C
$GNGST,080913.00,0.012,0.015,0.011,32.1,0.011,0.013,0.021*7C
$GNRMC,080913.00,A,2756.99142,S,02449.88536,E,3.50,0.0,120826,,,R*7E
$GNGGA,080913.20,2756.99123,S,02449.88536,E,4,18,0.7,93.971,M,28.000,M,1.0,0000*78
$GNGST,080913.20,0.012,0.015,0.011,32.1,0.011,0.013,0.021*7E
$GNRMC,080913.20,A,2756.99123,S,02449.88536,E,3.50,0.0,120826,,,R*7B
$GNGGA,080913.40,2756.99103,S,02449.88536,E,4,18,0.7,93.972,M,28.000,M,1.0,0000*7F
$GNGST,080913.40,0.012,0.015,0.011,32.1,0.011,0.013,0.021*78
$GNRMC,080913.40,A,2756.99103,S,02449.88536,E,3.50,0.0,120826,,,R*7F
$GNGGA,080913.60,2756.99084,S,02449.88536,E,4,18,0.7,93.973,M,28.000,M,1.0,0000*72
$GNGST,080913.60,0.012,0.015,0.011,32.1,0.011,0.013,0.021*7A
$GNRMC,080913.60,A,2756.99084,S,02449.88536,E,3.50,0.0,120826,,,R*73
$GNGGA,080913.80,2756.99064,S,02449.88536,E,4,18,0.7,93.973,M,28.000,M,1.0,0000*72
$GNGST,080913.80,0.012,0.015,0.011,32.1,0.011,0.013,0.021*74
$GNRMC,080913.80,A,2756.99064,S,02449.88536,E,3.50,0.0,120826,,,R*73
$GNGGA,080914.00,2756.99045,S,02449.88536,E,4,18,0.7,93.974,M,28.000,M,1.0,0000*79
$GNGST,080914.00,0.012,0.015,0.011,32.1,0.011,0.013,0.021*7B
$GNRMC,080914.00,A,2756.99045,S,02449.88536,E,3.50,0.0,120826,,,R*7F
$GNGGA,080914.20,2756.99025,S,02449.88536,E,4,18,0.7,93.975,M,28.000,M,1.0,0000*7C
$GNGST,080914.20,0.012,0.015,0.011,32.1,0.011,0.013,0.021*79
$GNRMC,080914.20,A,2756.99025,S,02449.88536,E,3.50,0.0,120826,,,R*7B
$GNGGA,080914.40,2756.99006,S,02449.88536,E,4,18,0.7,93.976,M,28.000,M,1.0,0000*78
$GNGST,080914.40,0.012,0.015,0.011,32.1,0.011,0.013,0.021*7F
$GNRMC,080914.40,A,2756.99006,S,02449.88536,E,3.50,0.0,120826,,,R*7C
$GNGGA,080914.60,2756.98986,S,02449.88536,E,4,18,0.7,93.977,M,28.000,M,1.0,0000*7B
$GNGST,080914.60,0.012,0.015,0.011,32.1,0.011,0.013,0.021*7D
$GNRMC,080914.60,A,2756.98986,S,02449.88536,E,3.50,0.0,120826,,,R*7E
$GNGGA,080914.80,2756.98967,S,02449.88536,E,4,18,0.7,93.978,M,28.000,M,1.0,0000*75
$GNGST,080914.80,0.012,0.015,0.011,32.1,0.011,0.013,0.021*73
$GNRMC,080914.80,A,2756.98967,S,02449.88536,E,3.50,0.0,120826,,,R*7F
$GNGGA,080915.00,2756.98947,S,02449.88536,E,4,18,0.7,93.978,M,28.000,M,1.0,0000*7E
$GNGST,080915.00,0.012,0.015,0.011,32.1,0.011,0.013,0.021*7A
$GNRMC,080915.00,A,2756.98947,S,02449.88536,E,3.50,0.0,120826,,,R*74
$GNGGA,080915.20,2756.98928,S,02449.88536,E,4,18,0.7,93.979,M,28.000,M,1.0,0000*74
$GNGST,080915.20,0.012,0.015,0.011,32.1,0.011,0.013,0.021*78
$GNRMC,080915.20,A,2756.98928,S,02449.88536,E,3.50,0.0,120826,,,R*7F
$GNGGA,080915.40,2756.98908,S,02449.88536,E,4,18,0.7,93.980,M,28.000,M,1.0,0000*76
$GNGST,080915.40,0.012,0.015,0.011,32.1,0.011,0.013,0.021*7E
$GNRMC,080915.40,A,2756.98908,S,02449.88536,E,3.50,0.0,120826,,,R*7B
$GNGGA,080915.60,2756.98889,S,02449.88536,E,4,18,0.7,93.981,M,28.000,M,1.0,0000*7D
$GNGST,080915.60,0.012,0.015,0.011,32.1,0.011,0.013,0.021*7C
$GNRMC,080915.60,A,2756.98889,S,02449.88536,E,3.50,0.0,120826,,,R*71
$GNGGA,080915.80,2756.98870,S,02449.88536,E,4,18,0.7,93.982,M,28.000,M,1.0,0000*76
$GNGST,080915.80,0.012,0.015,0.011,32.1,0.011,0.013,0.021*72
$GNRMC,080915.80,A,2756.98870,S,02449.88536,E,3.50,0.0,120826,,,R*79
$GNGGA,080916.00,2756.98850,S,02449.88536,E,4,18,0.7,93.982,M,28.000,M,1.0,0000*7F
$GNGST,080916.00,0.012,0.015,0.011,32.1,0.011,0.013,0.021*79
$GNRMC,080916.00,A,2756.98850,S,02449.88536,E,3.50,0.0,120826,,,R*70
$GNGGA,080916.20,2756.98831,S,02449.88536,E,4,18,0.7,93.983,M,28.000,M,1.0,0000*7B
$GNGST,080916.20,0.012,0.015,0.011,32.1,0.011,0.013,0.021*7B
$GNRMC,080916.20,A,2756.98831,S,02449.88536,E,3.50,0.0,120826,,,R*75
$GNGGA,080916.40,2756.98811,S,02449.88536,E,4,18,0.7,93.984,M,28.000,M,1.0,0000*78
$GNGST,080916.40,0.012,0.015,0.011,32.1,0.011,0.013,0.021*7D
$GNRMC,080916.40,A,2756.98811,S,02449.88536,E,3.50,0.0,120826,,,R*71
$GNGGA,080916.60,2756.98792,S,02449.88536,E,4,18,0.7,93.985,M,28.000,M,1.0,0000*7F
$GNGST,080916.60,0.012,0.015,0.011,32.1,0.011,0.013,0.021*7F
$GNRMC,080916.60,A,2756.98792,S,02449.88536,E,3.50,0.0,120826,,,R*77
$GNGGA,080916.80,2756.98772,S,02449.88536,E,4,18,0.7,93.986,M,28.000,M,1.0,0000*7C
$GNGST,080916.80,0.012,0.015,0.011,32.1,0.011,0.013,0.021*71
$GNRMC,080916.80,A,2756.98772,S,02449.88536,E,3.50,0.0,120826,,,R*77
$GNGGA,080917.00,2756.98753,S,02449.88536,E,4,18,0.7,93.986,M,28.000,M,1.0,0000*76
$GNGST,080917.00,0.012,0.015,0.011,32.1,0.011,0.013,0.021*78
$GNRMC,080917.00,A,2756.98753,S,02449.88536,E,3.50,0.0,120826,,,R*7D
$GNGGA,080917.20,2756.98733,S,02449.88536,E,4,18,0.7,93.987,M,28.000,M,1.0,0000*73
$GNGST,080917.20,0.012,0.015,0.011,32.1,0.011,0.013,0.021*7A
$GNRMC,080917.20,A,2756.98733,S,02449.88536,E,3.50,0.0,120826,,,R*79
$GNGGA,080917.40,2756.98714,S,02449.88536,E,4,18,0.7,93.988,M,28.000,M,1.0,0000*7F
$GNGST,080917.40,0.012,0.015,0.011,32.1,0.011,0.013,0.021*7C
$GNRMC,080917.40,A,2756.98714,S,02449.88536,E,3.50,0.0,120826,,,R*7A
$GNGGA,080917.60,2756.98694,S,02449.88536,E,4,18,0.7,93.989,M,28.000,M,1.0,0000*75
$GNGST,080917.60,0.012,0.015,0.011,32.1,0.011,0.013,0.021*7E
$GNRMC,080917.60,A,2756.98694,S,02449.88536,E,3.50,0.0,120826,,,R*71
$GNGGA,080917.80,2756.98675,S,02449.88536,E,4,18,0.7,93.989,M,28.000,M,1.0,0000*74
$GNGST,080917.80,0.012,0.015,0.011,32.1,0.011,0.013,0.021*70
$GNRMC,080917.80,A,2756.98675,S,02449.88536,E,3.50,0.0,120826,,,R*70
$GNGGA,080918.00,2756.98655,S,02449.88536,E,4,18,0.7,93.990,M,28.000,M,1.0,0000*79
$GNGST,080918.00,0.012,0.015,0.011,32.1,0.011,0.013,0.021*77
$GNRMC,080918.00,A,2756.98655,S,02449.88536,E,3.50,0.0,120826,,,R*75
$GNGGA,080918.20,2756.98636,S,02449.88536,E,4,18,0.7,93.991,M,28.000,M,1.0,0000*7F
$GNGST,080918.20,0.012,0.015,0.011,32.1,0.011,0.013,0.021*75
$GNRMC,080918.20,A,2756.98636,S,02449.88536,E,3.50,0.0,120826,,,R*72
$GNGGA,080918.40,2756.98616,S,02449.88536,E,4,18,0.7,93.991,M,28.000,M,1.0,0000*7B
$GNGST,080918.40,0.012,0.015,0.011,32.1,0.011,0.013,0.021*73
$GNRMC,080918.40,A,2756.98616,S,02449.88536,E,3.50,0.0,120826,,,R*76
$GNGGA,080918.60,2756.98597,S,02449.88536,E,4,18,0.7,93.992,M,28.000,M,1.0,0000*70
$GNGST,080918.60,0.012,0.015,0.011,32.1,0.011,0.013,0.021*71
$GNRMC,080918.60,A,2756.98597,S,02449.88536,E,3.50,0.0,120826,,,R*7E
$GNGGA,080918.80,2756.98577,S,02449.88536,E,4,18,0.7,93.993,M,28.000,M,1.0,0000*71
$GNGST,080918.80,0.012,0.015,0.011,32.1,0.011,0.013,0.021*7F
$GNRMC,080918.80,A,2756.98577,S,02449.88536,E,3.50,0.0,120826,,,R*7E
$GNGGA,080919.00,2756.98558,S,02449.88536,E,4,18,0.7,93.993,M,28.000,M,1.0,0000*75
$GNGST,080919.00,0.012,0.015,0.011,32.1,0.011,0.013,0.021*76
$GNRMC,080919.00,A,2756.98558,S,02449.88536,E,3.50,0.0,120826,,,R*7A
$GNGGA,080919.20,2756.98538,S,02449.88536,E,4,18,0.7,93.994,M,28.000,M,1.0,0000*76
$GNGST,080919.20,0.012,0.015,0.011,32.1,0.011,0.013,0.021*74
$GNRMC,080919.20,A,2756.98538,S,02449.88536,E,3.50,0.0,120826,,,R*7E
$GNGGA,080919.40,2756.98519,S,02449.88536,E,4,18,0.7,93.995,M,28.000,M,1.0,0000*72
$GNGST,080919.40,0.012,0.015,0.011,32.1,0.011,0.013,0.021*72
$GNRMC,080919.40,A,2756.98519,S,02449.88536,E,3.50,0.0,120826,,,R*7B
$GNGGA,080919.60,2756.98499,S,02449.88536,E,4,18,0.7,93.995,M,28.000,M,1.0,0000*79
$GNGST,080919.60,0.012,0.015,0.011,32.1,0.011,0.013,0.021*70
$GNRMC,080919.60,A,2756.98499,S,02449.88536,E,3.50,0.0,120826,,,R*70
$GNGGA,080919.80,2756.98480,S,02449.88536,E,4,18,0.7,93.996,M,28.000,M,1.0,0000*7C
$GNGST,080919.80,0.012,0.015,0.011,32.1,0.011,0.013,0.021*7E
$GNRMC,080919.80,A,2756.98480,S,02449.88536,E,3.50,0.0,120826,,,R*76
$GNGGA,080920.00,2756.98460,S,02449.88536,E,4,18,0.7,93.997,M,28.000,M,1.0,0000*71
$GNGST,080920.00,0.012,0.015,0.011,32.1,0.011,0.013,0.021*7C
$GNRMC,080920.00,A,2756.98460,S,02449.88536,E,3.50,0.0,120826,,,R*7A
$GNGGA,080920.20,2756.98441,S,02449.88536,E,4,18,0.7,93.997,M,28.000,M,1.0,0000*70
$GNGST,080920.20,0.012,0.015,0.011,32.1,0.011,0.013,0.021*7E
$GNRMC,080920.20,A,2756.98441,S,02449.88536,E,3.50,0.0,120826,,,R*7B
$GNGGA,080920.40,2756.98421,S,02449.88536,E,4,18,0.7,93.998,M,28.000,M,1.0,0000*7F
$GNGST,080920.40,0.012,0.015,0.011,32.1,0.011,0.013,0.021*78
$GNRMC,080920.40,A,2756.98421,S,02449.88536,E,3.50,0.0,120826,,,R*7B
$GNGGA,080920.60,2756.98402,S,02449.88536,E,4,18,0.7,93.998,M,28.000,M,1.0,0000*7C
$GNGST,080920.60,0.012,0.015,0.011,32.1,0.011,0.013,0.021*7A
$GNRMC,080920.60,A,2756.98402,S,02449.88536,E,3.50,0.0,120826,,,R*78
$GNGGA,080920.80,2756.98382,S,02449.88536,E,4,18,0.7,93.999,M,28.000,M,1.0,0000*7C
$GNGST,080920.80,0.012,0.015,0.011,32.1,0.011,0.013,0.021*74
$GNRMC,080920.80,A,2756.98382,S,02449.88536,E,3.50,0.0,120826,,,R*79
$GNGGA,080921.00,2756.98363,S,02449.88536,E,4,18,0.7,94.000,M,28.000,M,1.0,0000*74
$GNGST,080921.00,0.012,0.015,0.011,32.1,0.011,0.013,0.021*7D
$GNRMC,080921.00,A,2756.98363,S,02449.88536,E,3.50,0.0,120826,,,R*7F
$GNGGA,080921.20,2756.98343,S,02449.88536,E,4,18,0.7,94.000,M,28.000,M,1.0,0000*74
$GNGST,080921.20,0.012,0.015,0.011,32.1,0.011,0.013,0.021*7F
$GNRMC,080921.20,A,2756.98343,S,02449.88536,E,3.50,0.0,120826,,,R*7F
$GNGGA,080921.40,2756.98324,S,02449.88536,E,4,18,0.7,94.001,M,28.000,M,1.0,0000*72
$GNGST,080921.40,0.012,0.015,0.011,32.1,0.011,0.013,0.021*79
$GNRMC,080921.40,A,2756.98324,S,02449.88536,E,3.50,0.0,120826,,,R*78
$GNGGA,080921.60,2756.98304,S,02449.88536,E,4,18,0.7,94.001,M,28.000,M,1.0,0000*72
$GNGST,080921.60,0.012,0.015,0.011,32.1,0.011,0.013,0.021*7B
$GNRMC,080921.60,A,2756.98304,S,02449.88536,E,3.50,0.0,120826,,,R*78
$GNGGA,080921.80,2756.98285,S,02449.88536,E,4,18,0.7,94.002,M,28.000,M,1.0,0000*77
$GNGST,080921.80,0.012,0.015,0.011,32.1,0.011,0.013,0.021*75
$GNRMC,080921.80,A,2756.98285,S,02449.88536,E,3.50,0.0,120826,,,R*7E
$GNGGA,080922.00,2756.98265,S,02449.88536,E,4,18,0.7,94.002,M,28.000,M,1.0,0000*72
$GNGST,080922.00,0.012,0.015,0.011,32.1,0.011,0.013,0.021*7E
$GNRMC,080922.00,A,2756.98265,S,02449.88536,E,3.50,0.0,120826,,,R*7B
$GNGGA,080922.20,2756.98246,S,02449.88536,E,4,18,0.7,94.003,M,28.000,M,1.0,0000*70
$GNGST,080922.20,0.012,0.015,0.011,32.1,0.011,0.013,0.021*7C
$GNRMC,080922.20,A,2756.98246,S,02449.88536,E,3.50,0.0,120826,,,R*78
$GNGGA,080922.40,2756.98226,S,02449.88536,E,4,18,0.7,94.004,M,28.000,M,1.0,0000*77
$GNGST,080922.40,0.012,0.015,0.011,32.1,0.011,0.013,0.021*7A
$GNRMC,080922.40,A,2756.98226,S,02449.88536,E,3.50,0.0,120826,,,R*78
$GNGGA,080922.60,2756.98207,S,02449.88536,E,4,18,0.7,94.004,M,28.000,M,1.0,0000*76
$GNGST,080922.60,0.012,0.015,0.011,32.1,0.011,0.013,0.021*78
$GNRMC,080922.60,A,2756.98207,S,02449.88536,E,3.50,0.0,120826,,,R*79
$GNGGA,080922.80,2756.98187,S,02449.88536,E,4,18,0.7,94.005,M,28.000,M,1.0,0000*72
$GNGST,080922.80,0.012,0.015,0.011,32.1,0.011,0.013,0.021*76
$GNRMC,080922.80,A,2756.98187,S,02449.88536,E,3.50,0.0,120826,,,R*7C
$GNGGA,080923.00,2756.98168,S,02449.88536,E,4,18,0.7,94.005,M,28.000,M,1.0,0000*7A
$GNGST,080923.00,0.012,0.015,0.011,32.1,0.011,0.013,0.021*7F
$GNRMC,080923.00,A,2756.98168,S,02449.88536,E,3.50,0.0,120826,,,R*74
$GNGGA,080923.20,2756.98148,S,02449.88536,E,4,18,0.7,94.006,M,28.000,M,1.0,0000*79
$GNGST,080923.20,0.012,0.015,0.011,32.1,0.011,0.013,0.021*7D
$GNRMC,080923.20,A,2756.98148,S,02449.88536,E,3.50,0.0,120826,,,R*74
$GNGGA,080923.40,2756.98129,S,02449.88536,E,4,18,0.7,94.006,M,28.000,M,1.0,0000*78
$GNGST,080923.40,0.012,0.015,0.011,32.1,0.011,0.013,0.021*7B
$GNRMC,080923.40,A,2756.98129,S,02449.88536,E,3.50,0.0,120826,,,R*75
$GNGGA,080923.60,2756.98109,S,02449.88536,E,4,18,0.7,94.006,M,28.000,M,1.0,0000*78
$GNGST,080923.60,0.012,0.015,0.011,32.1,0.011,0.013,0.021*79
$GNRMC,080923.60,A,2756.98109,S,02449.88536,E,3.50,0.0,120826,,,R*75
$GNGGA,080923.80,2756.98090,S,02449.88536,E,4,18,0.7,94.007,M,28.000,M,1.0,0000*76
$GNGST,080923.80,0.012,0.015,0.011,32.1,0.011,0.013,0.021*77
$GNRMC,080923.80,A,2756.98090,S,02449.88536,E,3.50,0.0,120826,,,R*7A
$GNGGA,080924.00,2756.98070,S,02449.88536,E,4,18,0.7,94.007,M,28.000,M,1.0,0000*77
$GNGST,080924.00,0.012,0.015,0.011,32.1,0.011,0.013,0.021*78
$GNRMC,080924.00,A,2756.98070,S,02449.88536,E,3.50,0.0,120826,,,R*7B
$GNGGA,080924.20,2756.98051,S,02449.88536,E,4,18,0.7,94.008,M,28.000,M,1.0,0000*79
$GNGST,080924.20,0.012,0.015,0.011,32.1,0.011,0.013,0.021*7A
$GNRMC,080924.20,A,2756.98051,S,02449.88536,E,3.50,0.0,120826,,,R*7A
$GNGGA,080924.40,2756.98031,S,02449.88536,E,4,18,0.7,94.008,M,28.000,M,1.0,0000*79
$GNGST,080924.40,0.012,0.015,0.011,32.1,0.011,0.013,0.021*7C
$GNRMC,080924.40,A,2756.98031,S,02449.88536,E,3.50,0.0,120826,,,R*7A
$GNGGA,080924.60,2756.98012,S,02449.88536,E,4,18,0.7,94.009,M,28.000,M,1.0,0000*7B
$GNGST,080924.60,0.012,0.015,0.011,32.1,0.011,0.013,0.021*7E
$GNRMC,080924.60,A,2756.98012,S,02449.88536,E,3.50,0.0,120826,,,R*79
$GNGGA,080924.80,2756.97992,S,02449.88536,E,4,18,0.7,94.009,M,28.000,M,1.0,0000*7B
$GNGST,080924.80,0.012,0.015,0.011,32.1,0.011,0.013,0.021*70
$GNRMC,080924.80,A,2756.97992,S,02449.88536,E,3.50,0.0,120826,,,R*79
$GNGGA,080925.00,2756.97973,S,02449.88536,E,4,18,0.7,94.010,M,28.000,M,1.0,0000*75
$GNGST,080925.00,0.012,0.015,0.011,32.1,0.011,0.013,0.021*79
$GNRMC,080925.00,A,2756.97973,S,02449.88536,E,3.50,0.0,120826,,,R*7F
$GNGGA,080925.20,2756.97953,S,02449.88536,E,4,18,0.7,94.010,M,28.000,M,1.0,0000*75
$GNGST,080925.20,0.012,0.015,0.011,32.1,0.011,0.013,0.021*7B
$GNRMC,080925.20,A,2756.97953,S,02449.88536,E,3.50,0.0,120826,,,R*7F
$GNGGA,080925.40,2756.97934,S,02449.88536,E,4,18,0.7,94.010,M,28.000,M,1.0,0000*72
$GNGST,080925.40,0.012,0.015,0.011,32.1,0.011,0.013,0.021*7D
$GNRMC,080925.40,A,2756.97934,S,02449.88536,E,3.50,0.0,120826,,,R*78
$GNGGA,080925.60,2756.97914,S,02449.88536,E,4,18,0.7,94.011,M,28.000,M,1.0,0000*73
$GNGST,080925.60,0.012,0.015,0.011,32.1,0.011,0.013,0.021*7F
$GNRMC,080925.60,A,2756.97914,S,02449.88536,E,3.50,0.0,120826,,,R*78
$GNGGA,080925.80,2756.97895,S,02449.88536,E,4,18,0.7,94.011,M,28.000,M,1.0,0000*75
$GNGST,080925.80,0.012,0.015,0.011,32.1,0.011,0.013,0.021*71
$GNRMC,080925.80,A,2756.97895,S,02449.88536,E,3.50,0.0,120826,,,R*7E
$GNGGA,080926.00,2756.97875,S,02449.88536,E,4,18,0.7,94.011,M,28.000,M,1.0,0000*70
$GNGST,080926.00,0.012,0.015,0.011,32.1,0.011,0.013,0.021*7A
$GNRMC,080926.00,A,2756.97875,S,02449.88536,E,3.50,0.0,120826,,,R*7B
$GNGGA,080926.20,2756.97856,S,02449.88536,E,4,18,0.7,94.012,M,28.000,M,1.0,0000*70
$GNGST,080926.20,0.012,0.015,0.011,32.1,0.011,0.013,0.021*78
$GNRMC,080926.20,A,2756.97856,S,02449.88536,E,3.50,0.0,120826,,,R*78
$GNGGA,080926.40,2756.97836,S,02449.88536,E,4,18,0.7,94.012,M,28.000,M,1.0,0000*70
$GNGST,080926.40,0.012,0.015,0.011,32.1,0.011,0.013,0.021*7E
$GNRMC,080926.40,A,2756.97836,S,02449.88536,E,3.50,0.0,120826,,,R*78
$GNGGA,080926.60,2756.97817,S,02449.88536,E,4,18,0.7,94.012,M,28.000,M,1.0,0000*71
$GNGST,080926.60,0.012,0.015,0.011,32.1,0.011,0.013,0.021*7C
$GNRMC,080926.60,A,2756.97817,S,02449.88536,E,3.50,0.0,120826,,,R*79
$GNGGA,080926.80,2756.97797,S,02449.88536,E,4,18,0.7,94.013,M,28.000,M,1.0,0000*79
$GNGST,080926.80,0.012,0.015,0.011,32.1,0.011,0.013,0.021*72
$GNRMC,080926.80,A,2756.97797,S,02449.88536,E,3.50,0.0,120826,,,R*70
$GNGGA,080927.00,2756.97778,S,02449.88536,E,4,18,0.7,94.013,M,28.000,M,1.0,0000*71
$GNGST,080927.00,0.012,0.015,0.011,32.1,0.011,0.013,0.021*7B
$GNRMC,080927.00,A,2756.97778,S,02449.88536,E,3.50,0.0,120826,,,R*78
$GNGGA,080927.20,2756.97758,S,02449.88536,E,4,18,0.7,94.013,M,28.000,M,1.0,0000*71
$GNGST,080927.20,0.012,0.015,0.011,32.1,0.011,0.013,0.021*79
$GNRMC,080927.20,A,2756.97758,S,02449.88536,E,3.50,0.0,120826,,,R*78
$GNGGA,080927.40,2756.97739,S,02449.88536,E,4,18,0.7,94.014,M,28.000,M,1.0,0000*77
$GNGST,080927.40,0.012,0.015,0.011,32.1,0.011,0.013,0.021*7F
$GNRMC,080927.40,A,2756.97739,S,02449.88536,E,3.50,0.0,120826,,,R*79
$GNGGA,080927.60,2756.97720,S,02449.88536,E,4,18,0.7,94.014,M,28.000,M,1.0,0000*7D
$GNGST,080927.60,0.012,0.015,0.011,32.1,0.011,0.013,0.021*7D
$GNRMC,080927.60,A,2756.97720,S,02449.88536,E,3.50,0.0,120826,,,R*73
$GNGGA,080927.80,2756.97700,S,02449.88536,E,4,18,0.7,94.014,M,28.000,M,1.0,0000*71
$GNGST,080927.80,0.012,0.015,0.011,32.1,0.011,0.013,0.021*73
$GNRMC,080927.80,A,2756.97700,S,02449.88536,E,3.50,0.0,120826,,,R*7F
$GNGGA,080928.00,2756.97681,S,02449.88536,E,4,18,0.7,94.014,M,28.000,M,1.0,0000*7E
$GNGST,080928.00,0.012,0.015,0.011,32.1,0.011,0.013,0.021*74
$GNRMC,080928.00,A,2756.97681,S,02449.88536,E,3.50,0.0,120826,,,R*70
$GNGGA,080928.20,2756.97661,S,02449.88536,E,4,18,0.7,94.015,M,28.000,M,1.0,0000*73
$GNGST,080928.20,0.012,0.015,0.011,32.1,0.011,0.013,0.021*76
$GNRMC,080928.20,A,2756.97661,S,02449.88536,E,3.50,0.0,120826,,,R*7C
$GNGGA,080928.40,2756.97642,S,02449.88536,E,4,18,0.7,94.015,M,28.000,M,1.0,0000*74
$GNGST,080928.40,0.012,0.015,0.011,32.1,0.011,0.013,0.021*70
$GNRMC,080928.40,A,2756.97642,S,02449.88536,E,3.50,0.0,120826,,,R*7B
$GNGGA,080928.60,2756.97622,S,02449.88536,E,4,18,0.7,94.015,M,28.000,M,1.0,0000*70
$GNGST,080928.60,0.012,0.015,0.011,32.1,0.011,0.013,0.021*72
$GNRMC,080928.60,A,2756.97622,S,02449.88536,E,3.50,0.0,120826,,,R*7F
$GNGGA,080928.80,2756.97603,S,02449.88536,E,4,18,0.7,94.015,M,28.000,M,1.0,0000*7D
$GNGST,080928.80,0.012,0.015,0.011,32.1,0.011,0.013,0.021*7C
$GNRMC,080928.80,A,2756.97603,S,02449.88536,E,3.50,0.0,120826,,,R*72
$GNGGA,080929.00,2756.97583,S,02449.88536,E,4,18,0.7,94.016,M,28.000,M,1.0,0000*7C
$GNGST,080929.00,0.012,0.015,0.011,32.1,0.011,0.013,0.021*75
$GNRMC,080929.00,A,2756.97583,S,02449.88536,E,3.50,0.0,120826,,,R*70
$GNGGA,080929.20,2756.97564,S,02449.88536,E,4,18,0.7,94.016,M,28.000,M,1.0,0000*77
$GNGST,080929.20,0.012,0.015,0.011,32.1,0.011,0.013,0.021*77
$GNRMC,080929.20,A,2756.97564,S,02449.88536,E,3.50,0.0,120826,,,R*7B
$GNGGA,080929.40,2756.97544,S,02449.88536,E,4,18,0.7,94.016,M,28.000,M,1.0,0000*73
$GNGST,080929.40,0.012,0.015,0.011,32.1,0.011,0.013,0.021*71
$GNRMC,080929.40,A,2756.97544,S,02449.88536,E,3.50,0.0,120826,,,R*7F
$GNGGA,080929.60,2756.97525,S,02449.88536,E,4,18,0.7,94.016,M,28.000,M,1.0,0000*76
$GNGST,080929.60,0.012,0.015,0.011,32.1,0.011,0.013,0.021*73
$GNRMC,080929.60,A,2756.97525,S,02449.88536,E,3.50,0.0,120826,,,R*7A
$GNGGA,080929.80,2756.97505,S,02449.88536,E,4,18,0.7,94.016,M,28.000,M,1.0,0000*7A
$GNGST,080929.80,0.012,0.015,0.011,32.1,0.011,0.013,0.021*7D
$GNRMC,080929.80,A,2756.97505,S,02449.88536,E,3.50,0.0,120826,,,R*76
$GNGGA,080930.00,2756.97486,S,02449.88536,E,4,18,0.7,94.017,M,28.000,M,1.0,0000*71
$GNGST,080930.00,0.012,0.015,0.011,32.1,0.011,0.013,0.021*7D
$GNRMC,080930.00,A,2756.97486,S,02449.88536,E,3.50,0.0,120826,,,R*7C
$GNGGA,080930.20,2756.97466,S,02449.88536,E,4,18,0.7,94.017,M,28.000,M,1.0,0000*7D
$GNGST,080930.20,0.012,0.015,0.011,32.1,0.011,0.013,0.021*7F
$GNRMC,080930.20,A,2756.97466,S,02449.88536,E,3.50,0.0,120826,,,R*70
$GNGGA,080930.40,2756.97447,S,02449.88536,E,4,18,0.7,94.017,M,28.000,M,1.0,0000*78
$GNGST,080930.40,0.012,0.015,0.011,32.1,0.011,0.013,0.021*79
$GNRMC,080930.40,A,2756.97447,S,02449.88536,E,3.50,0.0,120826,,,R*75
$GNGGA,080930.60,2756.97427,S,02449.88536,E,4,18,0.7,94.017,M,28.000,M,1.0,0000*7C
$GNGST,080930.60,0.012,0.015,0.011,32.1,0.011,0.013,0.021*7B
$GNRMC,080930.60,A,2756.97427,S,02449.88536,E,3.50,0.0,120826,,,R*71
$GNGGA,080930.80,2756.97408,S,02449.88536,E,4,18,0.7,94.017,M,28.000,M,1.0,0000*7F
$GNGST,080930.80,0.012,0.015,0.011,32.1,0.011,0.013,0.021*75
$GNRMC,080930.80,A,2756.97408,S,02449.88536,E,3.50,0.0,120826,,,R*72
$GNGGA,080931.00,2756.97388,S,02449.88536,E,4,18,0.7,94.017,M,28.000,M,1.0,0000*79
$GNGST,080931.00,0.012,0.015,0.011,32.1,0.011,0.013,0.021*7C
$GNRMC,080931.00,A,2756.97388,S,02449.88536,E,3.50,0.0,120826,,,R*74
$GNGGA,080931.20,2756.97369,S,02449.88536,E,4,18,0.7,94.018,M,28.000,M,1.0,0000*7B
$GNGST,080931.20,0.012,0.015,0.011,32.1,0.011,0.013,0.021*7E
$GNRMC,080931.20,A,2756.97369,S,02449.88536,E,3.50,0.0,120826,,,R*79
$GNGGA,080931.40,2756.97349,S,02449.88536,E,4,18,0.7,94.018,M,28.000,M,1.0,0000*7F
$GNGST,080931.40,0.012,0.015,0.011,32.1,0.011,0.013,0.021*78
$GNRMC,080931.40,A,2756.97349,S,02449.88536,E,3.50,0.0,120826,,,R*7D
$GNGGA,080931.60,2756.97330,S,02449.88536,E,4,18,0.7,94.018,M,28.000,M,1.0,0000*73
$GNGST,080931.60,0.012,0.015,0.011,32.1,0.011,0.013,0.021*7A
$GNRMC,080931.60,A,2756.97330,S,02449.88536,E,3.50,0.0,120826,,,R*71
$GNGGA,080931.80,2756.97310,S,02449.88536,E,4,18,0.7,94.018,M,28.000,M,1.0,0000*7F
$GNGST,080931.80,0.012,0.015,0.011,32.1,0.011,0.013,0.021*74
$GNRMC,080931.80,A,2756.97310,S,02449.88536,E,3.50,0.0,120826,,,R*7D
$GNGGA,080932.00,2756.97291,S,02449.88536,E,4,18,0.7,94.018,M,28.000,M,1.0,0000*7C
$GNGST,080932.00,0.012,0.015,0.011,32.1,0.011,0.013,0.021*7F
$GNRMC,080932.00,A,2756.97291,S,02449.88536,E,3.50,0.0,120826,,,R*7E
$GNGGA,080932.20,2756.97271,S,02449.88536,E,4,18,0.7,94.018,M,28.000,M,1.0,0000*70
$GNGST,080932.20,0.012,0.015,0.011,32.1,0.011,0.013,0.021*7D
$GNRMC,080932.20,A,2756.97271,S,02449.88536,E,3.50,0.0,120826,,,R*72
$GNGGA,080932.40,2756.97252,S,02449.88536,E,4,18,0.7,94.018,M,28.000,M,1.0,0000*77
$GNGST,080932.40,0.012,0.015,0.011,32.1,0.011,0.013,0.021*7B
$GNRMC,080932.40,A,2756.97252,S,02449.88536,E,3.50,0.0,120826,,,R*75
$GNGGA,080932.60,2756.97232,S,02449.88536,E,4,18,0.7,94.018,M,28.000,M,1.0,0000*73
$GNGST,080932.60,0.012,0.015,0.011,32.1,0.011,0.013,0.021*79
$GNRMC,080932.60,A,2756.97232,S,02449.88536,E,3.50,0.0,120826,,,R*71
$GNGGA,080932.80,2756.97213,S,02449.88536,E,4,18,0.7,94.018,M,28.000,M,1.0,0000*7E
$GNGST,080932.80,0.012,0.015,0.011,32.1,0.011,0.013,0.021*77
$GNRMC,080932.80,A,2756.97213,S,02449.88536,E,3.50,0.0,120826,,,R*7C
$GNGGA,080933.00,2756.97193,S,02449.88536,E,4,18,0.7,94.018,M,28.000,M,1.0,0000*7C
$GNGST,080933.00,0.012,0.015,0.011,32.1,0.011,0.013,0.021*7E
$GNRMC,080933.00,A,2756.97193,S,02449.88536,E,3.50,0.0,120826,,,R*7E
$GNGGA,080933.20,2756.97174,S,02449.88536,E,4,18,0.7,94.018,M,28.000,M,1.0,0000*77
$GNGST,080933.20,0.012,0.015,0.011,32.1,0.011,0.013,0.021*7C
$GNRMC,080933.20,A,2756.97174,S,02449.88536,E,3.50,0.0,120826,,,R*75
$GNGGA,080933.40,2756.97154,S,02449.88536,E,4,18,0.7,94.018,M,28.000,M,1.0,0000*73
$GNGST,080933.40,0.012,0.015,0.011,32.1,0.011,0.013,0.021*7A
$GNRMC,080933.40,A,2756.97154,S,02449.88536,E,3.50,0.0,120826,,,R*71
$GNGGA,080933.60,2756.97135,S,02449.88536,E,4,18,0.7,94.018,M,28.000,M,1.0,0000*76
$GNGST,080933.60,0.012,0.015,0.011,32.1,0.011,0.013,0.021*78
$GNRMC,080933.60,A,2756.97135,S,02449.88536,E,3.50,0.0,120826,,,R*74
$GNGGA,080933.80,2756.97115,S,02449.88536,E,4,18,0.7,94.018,M,28.000,M,1.0,0000*7A
$GNGST,080933.80,0.012,0.015,0.011,32.1,0.011,0.013,0.021*76
$GNRMC,080933.80,A,2756.97115,S,02449.88536,E,3.50,0.0,120826,,,R*78
$GNGGA,080934.00,2756.97096,S,02449.88536,E,4,18,0.7,94.018,M,28.000,M,1.0,0000*7F
$GNGST,080934.00,0.012,0.015,0.011,32.1,0.011,0.013,0.021*79
$GNRMC,080934.00,A,2756.97096,S,02449.88536,E,3.50,0.0,120826,,,R*7D
$GNGGA,080934.20,2756.97076,S,02449.88536,E,4,18,0.7,94.018,M,28.000,M,1.0,0000*73
$GNGST,080934.20,0.012,0.015,0.011,32.1,0.011,0.013,0.021*7B
$GNRMC,080934.20,A,2756.97076,S,02449.88536,E,3.50,0.0,120826,,,R*71
$GNGGA,080934.40,2756.97057,S,02449.88536,E,4,18,0.7,94.018,M,28.000,M,1.0,0000*76
$GNGST,080934.40,0.012,0.015,0.011,32.1,0.011,0.013,0.021*7D
$GNRMC,080934.40,A,2756.97057,S,02449.88536,E,3.50,0.0,120826,,,R*74
$GNGGA,080934.60,2756.97037,S,02449.88536,E,4,18,0.7,94.018,M,28.000,M,1.0,0000*72
$GNGST,080934.60,0.012,0.015,0.011,32.1,0.011,0.013,0.021*7F
$GNRMC,080934.60,A,2756.97037,S,02449.88536,E,3.50,0.0,120826,,,R*70
$GNGGA,080934.80,2756.97018,S,02449.88536,E,4,18,0.7,94.018,M,28.000,M,1.0,0000*71
$GNGST,080934.80,0.012,0.015,0.011,32.1,0.011,0.013,0.021*71
$GNRMC,080934.80,A,2756.97018,S,02449.88536,E,3.50,0.0,120826,,,R*73
$GNGGA,080935.00,2756.96998,S,02449.88536,E,4,18,0.7,94.018,M,28.000,M,1.0,0000*78
$GNGST,080935.00,0.012,0.015,0.011,32.1,0.011,0.013,0.021*78
$GNRMC,080935.00,A,2756.96998,S,02449.88536,E,3.50,0.0,120826,,,R*7A
$GNGGA,080935.20,2756.96979,S,02449.88536,E,4,18,0.7,94.018,M,28.000,M,1.0,0000*75
$GNGST,080935.20,0.012,0.015,0.011,32.1,0.011,0.013,0.021*7A
$GNRMC,080935.20,A,2756.96979,S,02449.88536,E,3.50,0.0,120826,,,R*77
$GNGGA,080935.40,2756.96959,S,02449.88536,E,4,18,0.7,94.018,M,28.000,M,1.0,0000*71
$GNGST,080935.40,0.012,0.015,0.011,32.1,0.011,0.013,0.021*7C
$GNRMC,080935.40,A,2756.96959,S,02449.88536,E,3.50,0.0,120826,,,R*73
$GNGGA,080935.60,2756.96940,S,02449.88536,E,4,18,0.7,94.018,M,28.000,M,1.0,0000*7B
$GNGST,080935.60,0.012,0.015,0.011,32.1,0.011,0.013,0.021*7E
$GNRMC,080935.60,A,2756.96940,S,02449.88536,E,3.50,0.0,120826,,,R*79
$GNGGA,080935.80,2756.96920,S,02449.88536,E,4,18,0.7,94.018,M,28.000,M,1.0,0000*73
$GNGST,080935.80,0.012,0.015,0.011,32.1,0.011,0.013,0.021*70
$GNRMC,080935.80,A,2756.96920,S,02449.88536,E,3.50,0.0,120826,,,R*71
$GNGGA,080936.00,2756.96901,S,02449.88536,E,4,18,0.7,94.018,M,28.000,M,1.0,0000*7B
$GNGST,080936.00,0.012,0.015,0.011,32.1,0.011,0.013,0.021*7B
$GNRMC,080936.00,A,2756.96901,S,02449.88536,E,3.50,0.0,120826,,,R*79
$GNGGA,080936.20,2756.96881,S,02449.88536,E,4,18,0.7,94.018,M,28.000,M,1.0,0000*70
$GNGST,080936.20,0.012,0.015,0.011,32.1,0.011,0.013,0.021*79
$GNRMC,080936.20,A,2756.96881,S,02449.88536,E,3.50,0.0,120826,,,R*72
$GNGGA,080936.40,2756.96862,S,02449.88536,E,4,18,0.7,94.018,M,28.000,M,1.0,0000*7B
$GNGST,080936.40,0.012,0.015,0.011,32.1,0.011,0.013,0.021*7F
$GNRMC,080936.40,A,2756.96862,S,02449.88536,E,3.50,0.0,120826,,,R*79
$GNGGA,080936.60,2756.96842,S,02449.88536,E,4,18,0.7,94.018,M,28.000,M,1.0,0000*7B
$GNGST,080936.60,0.012,0.015,0.011,32.1,0.011,0.013,0.021*7D
$GNRMC,080936.60,A,2756.96842,S,02449.88536,E,3.50,0.0,120826,,,R*79
$GNGGA,080936.80,2756.96823,S,02449.88536,E,4,18,0.7,94.018,M,28.000,M,1.0,0000*72
$GNGST,080936.80,0.012,0.015,0.011,32.1,0.011,0.013,0.021*73
$GNRMC,080936.80,A,2756.96823,S,02449.88536,E,3.50,0.0,120826,,,R*70
$GNGGA,080937.00,2756.96803,S,02449.88536,E,4,18,0.7,94.018,M,28.000,M,1.0,0000*79
$GNGST,080937.00,0.012,0.015,0.011,32.1,0.011,0.013,0.021*7A
$GNRMC,080937.00,A,2756.96803,S,02449.88536,E,3.50,0.0,120826,,,R*7B
$GNGGA,080937.20,2756.96784,S,02449.88536,E,4,18,0.7,94.018,M,28.000,M,1.0,0000*7B
$GNGST,080937.20,0.012,0.015,0.011,32.1,0.011,0.013,0.021*78
$GNRMC,080937.20,A,2756.96784,S,02449.88536,E,3.50,0.0,120826,,,R*79
$GNGGA,080937.40,2756.96764,S,02449.88536,E,4,18,0.7,94.018,M,28.000,M,1.0,0000*73
$GNGST,080937.40,0.012,0.015,0.011,32.1,0.011,0.013,0.021*7E
$GNRMC,080937.40,A,2756.96764,S,02449.88536,E,3.50,0.0,120826,,,R*71
$GNGGA,080937.60,2756.96745,S,02449.88536,E,4,18,0.7,94.018,M,28.000,M,1.0,0000*72
$GNGST,080937.60,0.012,0.015,0.011,32.1,0.011,0.013,0.021*7C
$GNRMC,080937.60,A,2756.96745,S,02449.88536,E,3.50,0.0,120826,,,R*70
$GNGGA,080937.80,2756.96725,S,02449.88536,E,4,18,0.7,94.017,M,28.000,M,1.0,0000*75
$GNGST,080937.80,0.012,0.015,0.011,32.1,0.011,0.013,0.021*72
$GNRMC,080937.80,A,2756.96725,S,02449.88536,E,3.50,0.0,120826,,,R*78
$GNGGA,080938.00,2756.96706,S,02449.88536,E,4,18,0.7,94.017,M,28.000,M,1.0,0000*73
$GNGST,080938.00,0.012,0.015,0.011,32.1,0.011,0.013,0.021*75
$GNRMC,080938.00,A,2756.96706,S,02449.88536,E,3.50,0.0,120826,,,R*7E
$GNGGA,080938.20,2756.96686,S,02449.88536,E,4,18,0.7,94.017,M,28.000,M,1.0,0000*78
$GNGST,080938.20,0.012,0.015,0.011,32.1,0.011,0.013,0.021*77
$GNRMC,080938.20,A,2756.96686,S,02449.88536,E,3.50,0.0,120826,,,R*75
$GNGGA,080938.40,2756.96667,S,02449.88536,E,4,18,0.7,94.017,M,28.000,M,1.0,0000*71
$GNGST,080938.40,0.012,0.015,0.011,32.1,0.011,0.013,0.021*71
$GNRMC,080938.40,A,2756.96667,S,02449.88536,E,3.50,0.0,120826,,,R*7C
$GNGGA,080938.60,2756.96647,S,02449.88536,E,4,18,0.7,94.017,M,28.000,M,1.0,0000*71
$GNGST,080938.60,0.012,0.015,0.011,32.1,0.011,0.013,0.021*73
$GNRMC,080938.60,A,2756.96647,S,02449.88536,E,3.50,0.0,120826,,,R*7C
$GNGGA,080938.80,2756.96628,S,02449.88536,E,4,18,0.7,94.017,M,28.000,M,1.0,0000*76
$GNGST,080938.80,0.012,0.015,0.011,32.1,0.011,0.013,0.021*7D
$GNRMC,080938.80,A,2756.96628,S,02449.88536,E,3.50,0.0,120826,,,R*7B
$GNGGA,080939.00,2756.96609,S,02449.88536,E,4,18,0.7,94.017,M,28.000,M,1.0,0000*7C
$GNGST,080939.00,0.012,0.015,0.011,32.1,0.011,0.013,0.021*74
$GNRMC,080939.00,A,2756.96609,S,02449.88536,E,3.50,0.0,120826,,,R*71
$GNGGA,080939.20,2756.96589,S,02449.88536,E,4,18,0.7,94.016,M,28.000,M,1.0,0000*74
$GNGST,080939.20,0.012,0.015,0.011,32.1,0.011,0.013,0.021*76
$GNRMC,080939.20,A,2756.96589,S,02449.88536,E,3.50,0.0,120826,,,R*78
$GNGGA,080939.40,2756.96570,S,02449.88536,E,4,18,0.7,94.016,M,28.000,M,1.0,0000*74
$GNGST,080939.40,0.012,0.015,0.011,32.1,0.011,0.013,0.021*70
$GNRMC,080939.40,A,2756.96570,S,02449.88536,E,3.50,0.0,120826,,,R*78
$GNGGA,080939.60,2756.96550,S,02449.88536,E,4,18,0.7,94.016,M,28.000,M,1.0,0000*74
$GNGST,080939.60,0.012,0.015,0.011,32.1,0.011,0.013,0.021*72
$GNRMC,080939.60,A,2756.96550,S,02449.88536,E,3.50,0.0,120826,,,R*78
$GNGGA,080939.80,2756.96531,S,02449.88536,E,4,18,0.7,94.016,M,28.000,M,1.0,0000*7D
$GNGST,080939.80,0.012,0.015,0.011,32.1,0.011,0.013,0.021*7C
$GNRMC,080939.80,A,2756.96531,S,02449.88536,E,3.50,0.0,120826,,,R*71
$GNGGA,080940.00,2756.96511,S,02449.88536,E,4,18,0.7,94.016,M,28.000,M,1.0,0000*79
$GNGST,080940.00,0.012,0.015,0.011,32.1,0.011,0.013,0.021*7A
$GNRMC,080940.00,A,2756.96511,S,02449.88536,E,3.50,0.0,120826,,,R*75
$GNGGA,080940.20,2756.96492,S,02449.88536,E,4,18,0.7,94.016,M,28.000,M,1.0,0000*71
$GNGST,080940.20,0.012,0.015,0.011,32.1,0.011,0.013,0.021*78
$GNRMC,080940.20,A,2756.96492,S,02449.88536,E,3.50,0.0,120826,,,R*7D
$GNGGA,080940.40,2756.96472,S,02449.88536,E,4,18,0.7,94.015,M,28.000,M,1.0,0000*7A
$GNGST,080940.40,0.012,0.015,0.011,32.1,0.011,0.013,0.021*7E
$GNRMC,080940.40,A,2756.96472,S,02449.88536,E,3.50,0.0,120826,,,R*75
$GNGGA,080940.60,2756.96453,S,02449.88536,E,4,18,0.7,94.015,M,28.000,M,1.0,0000*7B
$GNGST,080940.60,0.012,0.015,0.011,32.1,0.011,0.013,0.021*7C
$GNRMC,080940.60,A,2756.96453,S,02449.88536,E,3.50,0.0,120826,,,R*74
$GNGGA,080940.80,2756.96433,S,02449.88536,E,4,18,0.7,94.015,M,28.000,M,1.0,0000*73
$GNGST,080940.80,0.012,0.015,0.011,32.1,0.011,0.013,0.021*72
$GNRMC,080940.80,A,2756.96433,S,02449.88536,E,3.50,0.0,120826,,,R*7C
$GNGGA,080941.00,2756.96414,S,02449.88536,E,4,18,0.7,94.015,M,28.000,M,1.0,0000*7F
$GNGST,080941.00,0.012,0.015,0.011,32.1,0.011,0.013,0.021*7B
$GNRMC,080941.00,A,2756.96414,S,02449.88536,E,3.50,0.0,120826,,,R*70
$GNGGA,080941.20,2756.96394,S,02449.88536,E,4,18,0.7,94.015,M,28.000,M,1.0,0000*72
$GNGST,080941.20,0.012,0.015,0.011,32.1,0.011,0.013,0.021*79
$GNRMC,080941.20,A,2756.96394,S,02449.88536,E,3.50,0.0,120826,,,R*7D
$GNGGA,080941.40,2756.96375,S,02449.88536,E,4,18,0.7,94.015,M,28.000,M,1.0,0000*7B
$GNGST,080941.40,0.012,0.015,0.011,32.1,0.011,0.013,0.021*7F
$GNRMC,080941.40,A,2756.96375,S,02449.88536,E,3.50,0.0,120826,,,R*74
$GNGGA,080941.60,2756.96355,S,02449.88536,E,4,18,0.7,94.014,M,28.000,M,1.0,0000*7A
$GNGST,080941.60,0.012,0.015,0.011,32.1,0.011,0.013,0.021*7D
$GNRMC,080941.60,A,2756.96355,S,02449.88536,E,3.50,0.0,120826,,,R*74
$GNGGA,080941.80,2756.96336,S,02449.88536,E,4,18,0.7,94.014,M,28.000,M,1.0,0000*71
$GNGST,080941.80,0.012,0.015,0.011,32.1,0.011,0.013,0.021*73
$GNRMC,080941.80,A,2756.96336,S,02449.88536,E,3.50,0.0,120826,,,R*7F
$GNGGA,080942.00,2756.96316,S,02449.88536,E,4,18,0.7,94.014,M,28.000,M,1.0,0000*78
$GNGST,080942.00,0.012,0.015,0.011,32.1,0.011,0.013,0.021*78
$GNRMC,080942.00,A,2756.96316,S,02449.88536,E,3.50,0.0,120826,,,R*76
$GNGGA,080942.20,2756.96297,S,02449.88536,E,4,18,0.7,94.014,M,28.000,M,1.0,0000*72
$GNGST,080942.20,0.012,0.015,0.011,32.1,0.011,0.013,0.021*7A
$GNRMC,080942.20,A,2756.96297,S,02449.88536,E,3.50,0.0,120826,,,R*7C
$GNGGA,080942.40,2756.96277,S,02449.88536,E,4,18,0.7,94.013,M,28.000,M,1.0,0000*7D
$GNGST,080942.40,0.012,0.015,0.011,32.1,0.011,0.013,0.021*7C
$GNRMC,080942.40,A,2756.96277,S,02449.88536,E,3.50,0.0,120826,,,R*74
$GNGGA,080942.60,2756.96258,S,02449.88536,E,4,18,0.7,94.013,M,28.000,M,1.0,0000*72
$GNGST,080942.60,0.012,0.015,0.011,32.1,0.011,0.013,0.021*7E
$GNRMC,080942.60,A,2756.96258,S,02449.88536,E,3.50,0.0,120826,,,R*7B
$GNGGA,080942.80,2756.96238,S,02449.88536,E,4,18,0.7,94.013,M,28.000,M,1.0,0000*7A
$GNGST,080942.80,0.012,0.015,0.011,32.1,0.011,0.013,0.021*70
$GNRMC,080942.80,A,2756.96238,S,02449.88536,E,3.50,0.0,120826,,,R*73
$GNGGA,080943.00,2756.96219,S,02449.88536,E,4,18,0.7,94.013,M,28.000,M,1.0,0000*70
$GNGST,080943.00,0.012,0.015,0.011,32.1,0.011,0.013,0.021*79
$GNRMC,080943.00,A,2756.96219,S,02449.88536,E,3.50,0.0,120826,,,R*79
$GNGGA,080943.20,2756.96199,S,02449.88536,E,4,18,0.7,94.013,M,28.000,M,1.0,0000*79
$GNGST,080943.20,0.012,0.015,0.011,32.1,0.011,0.013,0.021*7B
$GNRMC,080943.20,A,2756.96199,S,02449.88536,E,3.50,0.0,120826,,,R*70
$GNGGA,080943.40,2756.96180,S,02449.88536,E,4,18,0.7,94.012,M,28.000,M,1.0,0000*76
$GNGST,080943.40,0.012,0.015,0.011,32.1,0.011,0.013,0.021*7D
$GNRMC,080943.40,A,2756.96180,S,02449.88536,E,3.50,0.0,120826,,,R*7E
$GNGGA,080943.60,2756.96160,S,02449.88536,E,4,18,0.7,94.012,M,28.000,M,1.0,0000*7A
$GNGST,080943.60,0.012,0.015,0.011,32.1,0.011,0.013,0.021*7F
$GNRMC,080943.60,A,2756.96160,S,02449.88536,E,3.50,0.0,120826,,,R*72
$GNGGA,080943.80,2756.96141,S,02449.88536,E,4,18,0.7,94.012,M,28.000,M,1.0,0000*77
$GNGST,080943.80,0.012,0.015,0.011,32.1,0.011,0.013,0.021*71
$GNRMC,080943.80,A,2756.96141,S,02449.88536,E,3.50,0.0,120826,,,R*7F
$GNGGA,080944.00,2756.96121,S,02449.88536,E,4,18,0.7,94.012,M,28.000,M,1.0,0000*7E
$GNGST,080944.00,0.012,0.015,0.011,32.1,0.011,0.013,0.021*7E
$GNRMC,080944.00,A,2756.96121,S,02449.88536,E,3.50,0.0,120826,,,R*76
$GNGGA,080944.20,2756.96102,S,02449.88536,E,4,18,0.7,94.011,M,28.000,M,1.0,0000*7E
$GNGST,080944.20,0.012,0.015,0.011,32.1,0.011,0.013,0.021*7C
$GNRMC,080944.20,A,2756.96102,S,02449.88536,E,3.50,0.0,120826,,,R*75
$GNGGA,080944.40,2756.96082,S,02449.88536,E,4,18,0.7,94.011,M,28.000,M,1.0,0000*71
$GNGST,080944.40,0.012,0.015,0.011,32.1,0.011,0.013,0.021*7A
$GNRMC,080944.40,A,2756.96082,S,02449.88536,E,3.50,0.0,120826,,,R*7A
$GNGGA,080944.60,2756.96063,S,02449.88536,E,4,18,0.7,94.011,M,28.000,M,1.0,0000*7C
$GNGST,080944.60,0.012,0.015,0.011,32.1,0.011,0.013,0.021*78
$GNRMC,080944.60,A,2756.96063,S,02449.88536,E,3.50,0.0,120826,,,R*77
$GNGGA,080944.80,2756.96043,S,02449.88536,E,4,18,0.7,94.011,M,28.000,M,1.0,0000*70
$GNGST,080944.80,0.012,0.015,0.011,32.1,0.011,0.013,0.021*76
$GNRMC,080944.80,A,2756.96043,S,02449.88536,E,3.50,0.0,120826,,,R*7B
$GNGGA,080945.00,2756.96024,S,02449.88536,E,4,18,0.7,94.010,M,28.000,M,1.0,0000*79
$GNGST,080945.00,0.012,0.015,0.011,32.1,0.011,0.013,0.021*7F
$GNRMC,080945.00,A,2756.96024,S,02449.88536,E,3.50,0.0,120826,,,R*73
$GNGGA,080945.20,2756.96004,S,02449.88536,E,4,18,0.7,94.010,M,28.000,M,1.0,0000*79
$GNGST,080945.20,0.012,0.015,0.011,32.1,0.011,0.013,0.021*7D
$GNRMC,080945.20,A,2756.96004,S,02449.88536,E,3.50,0.0,120826,,,R*73
$GNGGA,080945.40,2756.95985,S,02449.88536,E,4,18,0.7,94.010,M,28.000,M,1.0,0000*7C
$GNGST,080945.40,0.012,0.015,0.011,32.1,0.011,0.013,0.021*7B
$GNRMC,080945.40,A,2756.95985,S,02449.88536,E,3.50,0.0,120826,,,R*76
$GNGGA,080945.60,2756.95965,S,02449.88536,E,4,18,0.7,94.010,M,28.000,M,1.0,0000*70
$GNGST,080945.60,0.012,0.015,0.011,32.1,0.011,0.013,0.021*79
$GNRMC,080945.60,A,2756.95965,S,02449.88536,E,3.50,0.0,120826,,,R*7A
$GNGGA,080945.80,2756.95946,S,02449.88536,E,4,18,0.7,94.009,M,28.000,M,1.0,0000*77
$GNGST,080945.80,0.012,0.015,0.011,32.1,0.011,0.013,0.021*77
$GNRMC,080945.80,A,2756.95946,S,02449.88536,E,3.50,0.0,120826,,,R*75
$GNGGA,080946.00,2756.95926,S,02449.88536,E,4,18,0.7,94.009,M,28.000,M,1.0,0000*7A
$GNGST,080946.00,0.012,0.015,0.011,32.1,0.011,0.013,0.021*7C
$GNRMC,080946.00,A,2756.95926,S,02449.88536,E,3.50,0.0,120826,,,R*78
$GNGGA,080946.20,2756.95907,S,02449.88536,E,4,18,0.7,94.009,M,28.000,M,1.0,0000*7B
$GNGST,080946.20,0.012,0.015,0.011,32.1,0.011,0.013,0.021*7E
$GNRMC,080946.20,A,2756.95907,S,02449.88536,E,3.50,0.0,120826,,,R*79
$GNGGA,080946.40,2756.95887,S,02449.88536,E,4,18,0.7,94.009,M,28.000,M,1.0,0000*74
$GNGST,080946.40,0.012,0.015,0.011,32.1,0.011,0.013,0.021*78
$GNRMC,080946.40,A,2756.95887,S,02449.88536,E,3.50,0.0,120826,,,R*76
$GNGGA,080946.60,2756.95868,S,02449.88536,E,4,18,0.7,94.008,M,28.000,M,1.0,0000*76
$GNGST,080946.60,0.012,0.015,0.011,32.1,0.011,0.013,0.021*7A
$GNRMC,080946.60,A,2756.95868,S,02449.88536,E,3.50,0.0,120826,,,R*75
$GNGGA,080946.80,2756.95848,S,02449.88536,E,4,18,0.7,94.008,M,28.000,M,1.0,0000*7A
$GNGST,080946.80,0.012,0.015,0.011,32.1,0.011,0.013,0.021*74
$GNRMC,080946.80,A,2756.95848,S,02449.88536,E,3.50,0.0,120826,,,R*79
$GNGGA,080947.00,2756.95829,S,02449.88536,E,4,18,0.7,94.008,M,28.000,M,1.0,0000*74
$GNGST,080947.00,0.012,0.015,0.011,32.1,0.011,0.013,0.021*7D
$GNRMC,080947.00,A,2756.95829,S,02449.88536,E,3.50,0.0,120826,,,R*77
$GNGGA,080947.20,2756.95809,S,02449.88536,E,4,18,0.7,94.008,M,28.000,M,1.0,0000*74
$GNGST,080947.20,0.012,0.015,0.011,32.1,0.011,0.013,0.021*7F
$GNRMC,080947.20,A,2756.95809,S,02449.88536,E,3.50,0.0,120826,,,R*77
$GNGGA,080947.40,2756.95790,S,02449.88536,E,4,18,0.7,94.007,M,28.000,M,1.0,0000*72
$GNGST,080947.40,0.012,0.015,0.011,32.1,0.011,0.013,0.021*79
$GNRMC,080947.40,A,2756.95790,S,02449.88536,E,3.50,0.0,120826,,,R*7E
$GNGGA,080947.60,2756.95770,S,02449.88536,E,4,18,0.7,94.007,M,28.000,M,1.0,0000*7E
$GNGST,080947.60,0.012,0.015,0.011,32.1,0.011,0.013,0.021*7B
$GNRMC,080947.60,A,2756.95770,S,02449.88536,E,3.50,0.0,120826,,,R*72
$GNGGA,080947.80,2756.95751,S,02449.88536,E,4,18,0.7,94.007,M,28.000,M,1.0,0000*73
$GNGST,080947.80,0.012,0.015,0.011,32.1,0.011,0.013,0.021*75
$GNRMC,080947.80,A,2756.95751,S,02449.88536,E,3.50,0.0,120826,,,R*7F
$GNGGA,080948.00,2756.95731,S,02449.88536,E,4,18,0.7,94.007,M,28.000,M,1.0,0000*72
$GNGST,080948.00,0.012,0.015,0.011,32.1,0.011,0.013,0.021*72
$GNRMC,080948.00,A,2756.95731,S,02449.88536,E,3.50,0.0,120826,,,R*7E
$GNGGA,080948.20,2756.95712,S,02449.88536,E,4,18,0.7,94.006,M,28.000,M,1.0,0000*70
$GNGST,080948.20,0.012,0.015,0.011,32.1,0.011,0.013,0.021*70
$GNRMC,080948.20,A,2756.95712,S,02449.88536,E,3.50,0.0,120826,,,R*7D
$GNGGA,080948.40,2756.95692,S,02449.88536,E,4,18,0.7,94.006,M,28.000,M,1.0,0000*7F
$GNGST,080948.40,0.012,0.015,0.011,32.1,0.011,0.013,0.021*76
$GNRMC,080948.40,A,2756.95692,S,02449.88536,E,3.50,0.0,120826,,,R*72
$GNGGA,080948.60,2756.95673,S,02449.88536,E,4,18,0.7,94.006,M,28.000,M,1.0,0000*72
$GNGST,080948.60,0.012,0.015,0.011,32.1,0.011,0.013,0.021*74
$GNRMC,080948.60,A,2756.95673,S,02449.88536,E,3.50,0.0,120826,,,R*7F
$GNGGA,080948.80,2756.95653,S,02449.88536,E,4,18,0.7,94.006,M,28.000,M,1.0,0000*7E
$GNGST,080948.80,0.012,0.015,0.011,32.1,0.011,0.013,0.021*7A
$GNRMC,080948.80,A,2756.95653,S,02449.88536,E,3.50,0.0,120826,,,R*73
$GNGGA,080949.00,2756.95634,S,02449.88536,E,4,18,0.7,94.005,M,28.000,M,1.0,0000*75
$GNGST,080949.00,0.012,0.015,0.011,32.1,0.011,0.013,0.021*73
$GNRMC,080949.00,A,2756.95634,S,02449.88536,E,3.50,0.0,120826,,,R*7B
$GNGGA,080949.20,2756.95614,S,02449.88536,E,4,18,0.7,94.005,M,28.000,M,1.0,0000*75
$GNGST,080949.20,0.012,0.015,0.011,32.1,0.011,0.013,0.021*71
$GNRMC,080949.20,A,2756.95614,S,02449.88536,E,3.50,0.0,120826,,,R*7B
$GNGGA,080949.40,2756.95595,S,02449.88536,E,4,18,0.7,94.005,M,28.000,M,1.0,0000*79
$GNGST,080949.40,0.012,0.015,0.011,32.1,0.011,0.013,0.021*77
$GNRMC,080949.40,A,2756.95595,S,02449.88536,E,3.50,0.0,120826,,,R*77
$GNGGA,080949.60,2756.95575,S,02449.88536,E,4,18,0.7,94.005,M,28.000,M,1.0,0000*75
$GNGST,080949.60,0.012,0.015,0.011,32.1,0.011,0.013,0.021*75
$GNRMC,080949.60,A,2756.95575,S,02449.88536,E,3.50,0.0,120826,,,R*7B
$GNGGA,080949.80,2756.95556,S,02449.88536,E,4,18,0.7,94.004,M,28.000,M,1.0,0000*7B
$GNGST,080949.80,0.012,0.015,0.011,32.1,0.011,0.013,0.021*7B
$GNRMC,080949.80,A,2756.95556,S,02449.88536,E,3.50,0.0,120826,,,R*74
$GNGGA,080950.00,2756.95536,S,02449.88536,E,4,18,0.7,94.004,M,28.000,M,1.0,0000*7D
$GNGST,080950.00,0.012,0.015,0.011,32.1,0.011,0.013,0.021*7B
$GNRMC,080950.00,A,2756.95536,S,02449.88536,E,3.50,0.0,120826,,,R*72
$GNGGA,080950.20,2756.95517,S,02449.88536,E,4,18,0.7,94.004,M,28.000,M,1.0,0000*7C
$GNGST,080950.20,0.012,0.015,0.011,32.1,0.011,0.013,0.021*79
$GNRMC,080950.20,A,2756.95517,S,02449.88536,E,3.50,0.0,120826,,,R*73
$GNGGA,080950.40,2756.95498,S,02449.88536,E,4,18,0.7,94.004,M,28.000,M,1.0,0000*7C
$GNGST,080950.40,0.012,0.015,0.011,32.1,0.011,0.013,0.021*7F
$GNRMC,080950.40,A,2756.95498,S,02449.88536,E,3.50,0.0,120826,,,R*73
$GNGGA,080950.60,2756.95478,S,02449.88536,E,4,18,0.7,94.003,M,28.000,M,1.0,0000*77
$GNGST,080950.60,0.012,0.015,0.011,32.1,0.011,0.013,0.021*7D
$GNRMC,080950.60,A,2756.95478,S,02449.88536,E,3.50,0.0,120826,,,R*7F
$GNGGA,080950.80,2756.95459,S,02449.88536,E,4,18,0.7,94.003,M,28.000,M,1.0,0000*7A
$GNGST,080950.80,0.012,0.015,0.011,32.1,0.011,0.013,0.021*73
$GNRMC,080950.80,A,2756.95459,S,02449.88536,E,3.50,0.0,120826,,,R*72
$GNGGA,080951.00,2756.95439,S,02449.88536,E,4,18,0.7,94.003,M,28.000,M,1.0,0000*75
$GNGST,080951.00,0.012,0.015,0.011,32.1,0.011,0.013,0.021*7A
$GNRMC,080951.00,A,2756.95439,S,02449.88536,E,3.50,0.0,120826,,,R*7D
$GNGGA,080951.20,2756.95420,S,02449.88536,E,4,18,0.7,94.003,M,28.000,M,1.0,0000*7F
$GNGST,080951.20,0.012,0.015,0.011,32.1,0.011,0.013,0.021*78
$GNRMC,080951.20,A,2756.95420,S,02449.88536,E,3.50,0.0,120826,,,R*77
$GNGGA,080951.40,2756.95400,S,02449.88536,E,4,18,0.7,94.003,M,28.000,M,1.0,0000*7B
$GNGST,080951.40,0.012,0.015,0.011,32.1,0.011,0.013,0.021*7E
$GNRMC,080951.40,A,2756.95400,S,02449.88536,E,3.50,0.0,120826,,,R*73
$GNGGA,080951.60,2756.95381,S,02449.88536,E,4,18,0.7,94.002,M,28.000,M,1.0,0000*76
$GNGST,080951.60,0.012,0.015,0.011,32.1,0.011,0.013,0.021*7C
$GNRMC,080951.60,A,2756.95381,S,02449.88536,E,3.50,0.0,120826,,,R*7F
$GNGGA,080951.80,2756.95361,S,02449.88536,E,4,18,0.7,94.002,M,28.000,M,1.0,0000*76
$GNGST,080951.80,0.012,0.015,0.011,32.1,0.011,0.013,0.021*72
$GNRMC,080951.80,A,2756.95361,S,02449.88536,E,3.50,0.0,120826,,,R*7F
$GNGGA,080952.00,2756.95342,S,02449.88536,E,4,18,0.7,94.002,M,28.000,M,1.0,0000*7C
$GNGST,080952.00,0.012,0.015,0.011,32.1,0.011,0.013,0.021*79
$GNRMC,080952.00,A,2756.95342,S,02449.88536,E,3.50,0.0,120826,,,R*75
$GNGGA,080952.20,2756.95322,S,02449.88536,E,4,18,0.7,94.002,M,28.000,M,1.0,0000*78
$GNGST,080952.20,0.012,0.015,0.011,32.1,0.011,0.013,0.021*7B
$GNRMC,080952.20,A,2756.95322,S,02449.88536,E,3.50,0.0,120826,,,R*71
$GNGGA,080952.40,2756.95303,S,02449.88536,E,4,18,0.7,94.001,M,28.000,M,1.0,0000*7E
$GNGST,080952.40,0.012,0.015,0.011,32.1,0.011,0.013,0.021*7D
$GNRMC,080952.40,A,2756.95303,S,02449.88536,E,3.50,0.0,120826,,,R*74
$GNGGA,080952.60,2756.95283,S,02449.88536,E,4,18,0.7,94.001,M,28.000,M,1.0,0000*75
$GNGST,080952.60,0.012,0.015,0.011,32.1,0.011,0.013,0.021*7F
$GNRMC,080952.60,A,2756.95283,S,02449.88536,E,3.50,0.0,120826,,,R*7F
$GNGGA,080952.80,2756.95264,S,02449.88536,E,4,18,0.7,94.001,M,28.000,M,1.0,0000*72
$GNGST,080952.80,0.012,0.015,0.011,32.1,0.011,0.013,0.021*71
$GNRMC,080952.80,A,2756.95264,S,02449.88536,E,3.50,0.0,120826,,,R*78
$GNGGA,080953.00,2756.95244,S,02449.88536,E,4,18,0.7,94.001,M,28.000,M,1.0,0000*79
$GNGST,080953.00,0.012,0.015,0.011,32.1,0.011,0.013,0.021*78
$GNRMC,080953.00,A,2756.95244,S,02449.88536,E,3.50,0.0,120826,,,R*73
$GNGGA,080953.20,2756.95225,S,02449.88536,E,4,18,0.7,94.001,M,28.000,M,1.0,0000*7C
$GNGST,080953.20,0.012,0.015,0.011,32.1,0.011,0.013,0.021*7A
$GNRMC,080953.20,A,2756.95225,S,02449.88536,E,3.50,0.0,120826,,,R*76
$GNGGA,080953.40,2756.95205,S,02449.88536,E,4,18,0.7,94.000,M,28.000,M,1.0,0000*79
$GNGST,080953.40,0.012,0.015,0.011,32.1,0.011,0.013,0.021*7C
$GNRMC,080953.40,A,2756.95205,S,02449.88536,E,3.50,0.0,120826,,,R*72
$GNGGA,080953.60,2756.95186,S,02449.88536,E,4,18,0.7,94.000,M,28.000,M,1.0,0000*73
$GNGST,080953.60,0.012,0.015,0.011,32.1,0.011,0.013,0.021*7E
$GNRMC,080953.60,A,2756.95186,S,02449.88536,E,3.50,0.0,120826,,,R*78
$GNGGA,080953.80,2756.95166,S,02449.88536,E,4,18,0.7,94.000,M,28.000,M,1.0,0000*73
$GNGST,080953.80,0.012,0.015,0.011,32.1,0.011,0.013,0.021*70
$GNRMC,080953.80,A,2756.95166,S,02449.88536,E,3.50,0.0,120826,,,R*78
$GNGGA,080954.00,2756.95147,S,02449.88536,E,4,18,0.7,94.000,M,28.000,M,1.0,0000*7F
$GNGST,080954.00,0.012,0.015,0.011,32.1,0.011,0.013,0.021*7F
$GNRMC,080954.00,A,2756.95147,S,02449.88536,E,3.50,0.0,120826,,,R*74
$GNGGA,080954.20,2756.95127,S,02449.88536,E,4,18,0.7,94.000,M,28.000,M,1.0,0000*7B
$GNGST,080954.20,0.012,0.015,0.011,32.1,0.011,0.013,0.021*7D
$GNRMC,080954.20,A,2756.95127,S,02449.88536,E,3.50,0.0,120826,,,R*70
$GNGGA,080954.40,2756.95108,S,02449.88536,E,4,18,0.7,94.000,M,28.000,M,1.0,0000*70
$GNGST,080954.40,0.012,0.015,0.011,32.1,0.011,0.013,0.021*7B
$GNRMC,080954.40,A,2756.95108,S,02449.88536,E,3.50,0.0,120826,,,R*7B
$GNGGA,080954.60,2756.95088,S,02449.88536,E,4,18,0.7,93.999,M,28.000,M,1.0,0000*75
$GNGST,080954.60,0.012,0.015,0.011,32.1,0.011,0.013,0.021*79
$GNRMC,080954.60,A,2756.95088,S,02449.88536,E,3.50,0.0,120826,,,R*70
$GNGGA,080954.80,2756.95069,S,02449.88536,E,4,18,0.7,93.999,M,28.000,M,1.0,0000*74
$GNGST,080954.80,0.012,0.015,0.011,32.1,0.011,0.013,0.021*77
$GNRMC,080954.80,A,2756.95069,S,02449.88536,E,3.50,0.0,120826,,,R*71
$GNGGA,080955.00,2756.95049,S,02449.88536,E,4,18,0.7,93.999,M,28.000,M,1.0,0000*7F
$GNGST,080955.00,0.012,0.015,0.011,32.1,0.011,0.013,0.021*7E
$GNRMC,080955.00,A,2756.95049,S,02449.88536,E,3.50,0.0,120826,,,R*7A
$GNGGA,080955.20,2756.95030,S,02449.88536,E,4,18,0.7,93.999,M,28.000,M,1.0,0000*73
$GNGST,080955.20,0.012,0.015,0.011,32.1,0.011,0.013,0.021*7C
$GNRMC,080955.20,A,2756.95030,S,02449.88536,E,3.50,0.0,120826,,,R*76
$GNGGA,080955.40,2756.95010,S,02449.88536,E,4,18,0.7,93.999,M,28.000,M,1.0,0000*77
$GNGST,080955.40,0.012,0.015,0.011,32.1,0.011,0.013,0.021*7A
$GNRMC,080955.40,A,2756.95010,S,02449.88536,E,3.50,0.0,120826,,,R*72
$GNGGA,080955.60,2756.94991,S,02449.88536,E,4,18,0.7,93.999,M,28.000,M,1.0,0000*74
$GNGST,080955.60,0.012,0.015,0.011,32.1,0.011,0.013,0.021*78
$GNRMC,080955.60,A,2756.94991,S,02449.88536,E,3.50,0.0,120826,,,R*71
$GNGGA,080955.80,2756.94971,S,02449.88536,E,4,18,0.7,93.998,M,28.000,M,1.0,0000*75
$GNGST,080955.80,0.012,0.015,0.011,32.1,0.011,0.013,0.021*76
$GNRMC,080955.80,A,2756.94971,S,02449.88536,E,3.50,0.0,120826,,,R*71
$GNGGA,080956.00,2756.94952,S,02449.88536,E,4,18,0.7,93.998,M,28.000,M,1.0,0000*7F
$GNGST,080956.00,0.012,0.015,0.011,32.1,0.011,0.013,0.021*7D
$GNRMC,080956.00,A,2756.94952,S,02449.88536,E,3.50,0.0,120826,,,R*7B
$GNGGA,080956.20,2756.94932,S,02449.88536,E,4,18,0.7,93.998,M,28.000,M,1.0,0000*7B
$GNGST,080956.20,0.012,0.015,0.011,32.1,0.011,0.013,0.021*7F
$GNRMC,080956.20,A,2756.94932,S,02449.88536,E,3.50,0.0,120826,,,R*7F
$GNGGA,080956.40,2756.94913,S,02449.88536,E,4,18,0.7,93.998,M,28.000,M,1.0,0000*7E
$GNGST,080956.40,0.012,0.015,0.011,32.1,0.011,0.013,0.021*79
$GNRMC,080956.40,A,2756.94913,S,02449.88536,E,3.50,0.0,120826,,,R*7A
$GNGGA,080956.60,2756.94893,S,02449.88536,E,4,18,0.7,93.998,M,28.000,M,1.0,0000*75
$GNGST,080956.60,0.012,0.015,0.011,32.1,0.011,0.013,0.021*7B
$GNRMC,080956.60,A,2756.94893,S,02449.88536,E,3.50,0.0,120826,,,R*71
$GNGGA,080956.80,2756.94874,S,02449.88536,E,4,18,0.7,93.998,M,28.000,M,1.0,0000*72
$GNGST,080956.80,0.012,0.015,0.011,32.1,0.011,0.013,0.021*75
$GNRMC,080956.80,A,2756.94874,S,02449.88536,E,3.50,0.0,120826,,,R*76
$GNGGA,080957.00,2756.94854,S,02449.88536,E,4,18,0.7,93.998,M,28.000,M,1.0,0000*79
$GNGST,080957.00,0.012,0.015,0.011,32.1,0.011,0.013,0.021*7C
$GNRMC,080957.00,A,2756.94854,S,02449.88536,E,3.50,0.0,120826,,,R*7D
$GNGGA,080957.20,2756.94835,S,02449.88536,E,4,18,0.7,93.998,M,28.000,M,1.0,0000*7C
$GNGST,080957.20,0.012,0.015,0.011,32.1,0.011,0.013,0.021*7E
$GNRMC,080957.20,A,2756.94835,S,02449.88536,E,3.50,0.0,120826,,,R*78
$GNGGA,080957.40,2756.94815,S,02449.88536,E,4,18,0.7,93.998,M,28.000,M,1.0,0000*78
$GNGST,080957.40,0.012,0.015,0.011,32.1,0.011,0.013,0.021*78
$GNRMC,080957.40,A,2756.94815,S,02449.88536,E,3.50,0.0,120826,,,R*7C
$GNGGA,080957.60,2756.94796,S,02449.88536,E,4,18,0.7,93.997,M,28.000,M,1.0,0000*71
$GNGST,080957.60,0.012,0.015,0.011,32.1,0.011,0.013,0.021*7A
$GNRMC,080957.60,A,2756.94796,S,02449.88536,E,3.50,0.0,120826,,,R*7A
$GNGGA,080957.80,2756.94776,S,02449.88536,E,4,18,0.7,93.997,M,28.000,M,1.0,0000*71
$GNGST,080957.80,0.012,0.015,0.011,32.1,0.011,0.013,0.021*74
$GNRMC,080957.80,A,2756.94776,S,02449.88536,E,3.50,0.0,120826,,,R*7A
$GNGGA,080958.00,2756.94757,S,02449.88536,E,4,18,0.7,93.997,M,28.000,M,1.0,0000*75
$GNGST,080958.00,0.012,0.015,0.011,32.1,0.011,0.013,0.021*73
$GNRMC,080958.00,A,2756.94757,S,02449.88536,E,3.50,0.0,120826,,,R*7E
$GNGGA,080958.20,2756.94737,S,02449.88536,E,4,18,0.7,93.997,M,28.000,M,1.0,0000*71
$GNGST,080958.20,0.012,0.015,0.011,32.1,0.011,0.013,0.021*71
$GNRMC,080958.20,A,2756.94737,S,02449.88536,E,3.50,0.0,120826,,,R*7A
$GNGGA,080958.40,2756.94718,S,02449.88536,E,4,18,0.7,93.997,M,28.000,M,1.0,0000*7A
$GNGST,080958.40,0.012,0.015,0.011,32.1,0.011,0.013,0.021*77
$GNRMC,080958.40,A,2756.94718,S,02449.88536,E,3.50,0.0,120826,,,R*71
$GNGGA,080958.60,2756.94698,S,02449.88536,E,4,18,0.7,93.997,M,28.000,M,1.0,0000*71
$GNGST,080958.60,0.012,0.015,0.011,32.1,0.011,0.013,0.021*75
$GNRMC,080958.60,A,2756.94698,S,02449.88536,E,3.50,0.0,120826,,,R*7A
$GNGGA,080958.80,2756.94679,S,02449.88536,E,4,18,0.7,93.997,M,28.000,M,1.0,0000*70
$GNGST,080958.80,0.012,0.015,0.011,32.1,0.011,0.013,0.021*7B
$GNRMC,080958.80,A,2756.94679,S,02449.88536,E,3.50,0.0,120826,,,R*7B
$GNGGA,080959.00,2756.94659,S,02449.88536,E,4,18,0.7,93.997,M,28.000,M,1.0,0000*7B
$GNGST,080959.00,0.012,0.015,0.011,32.1,0.011,0.013,0.021*72
$GNRMC,080959.00,A,2756.94659,S,02449.88536,E,3.50,0.0,120826,,,R*70
$GNGGA,080959.20,2756.94640,S,02449.88536,E,4,18,0.7,93.997,M,28.000,M,1.0,0000*71
$GNGST,080959.20,0.012,0.015,0.011,32.1,0.011,0.013,0.021*70
$GNRMC,080959.20,A,2756.94640,S,02449.88536,E,3.50,0.0,120826,,,R*7A
$GNGGA,080959.40,2756.94620,S,02449.88536,E,4,18,0.7,93.997,M,28.000,M,1.0,0000*71
$GNGST,080959.40,0.012,0.015,0.011,32.1,0.011,0.013,0.021*76
$GNRMC,080959.40,A,2756.94620,S,02449.88536,E,3.50,0.0,120826,,,R*7A
$GNGGA,080959.60,2756.94601,S,02449.88536,E,4,18,0.7,93.997,M,28.000,M,1.0,0000*70
$GNGST,080959.60,0.012,0.015,0.011,32.1,0.011,0.013,0.021*74
$GNRMC,080959.60,A,2756.94601,S,02449.88536,E,3.50,0.0,120826,,,R*7B
$GNGGA,080959.80,2756.94581,S,02449.88536,E,4,18,0.7,93.997,M,28.000,M,1.0,0000*75
$GNGST,080959.80,0.012,0.015,0.011,32.1,0.011,0.013,0.021*7A
$GNRMC,080959.80,A,2756.94581,S,02449.88536,E,3.50,0.0,120826,,,R*7E
$GNGGA,081000.00,2756.94562,S,02449.88536,E,4,18,0.7,93.997,M,28.000,M,1.0,0000*74
$GNGST,081000.00,0.012,0.015,0.011,32.1,0.011,0.013,0.021*76
$GNRMC,081000.00,A,2756.94562,S,02449.88536,E,3.50,0.0,120826,,,R*7F
$GNGGA,081000.20,2756.94542,S,02449.88536,E,4,18,0.7,93.997,M,28.000,M,1.0,0000*74
$GNGST,081000.20,0.012,0.015,0.011,32.1,0.011,0.013,0.021*74
$GNRMC,081000.20,A,2756.94542,S,02449.88536,E,3.50,0.0,120826,,,R*7F
$GNGGA,081000.40,2756.94523,S,02449.88536,E,4,18,0.7,93.997,M,28.000,M,1.0,0000*75
$GNGST,081000.40,0.012,0.015,0.011,32.1,0.011,0.013,0.021*72
$GNRMC,081000.40,A,2756.94523,S,02449.88536,E,3.50,0.0,120826,,,R*7E
$GNGGA,081000.60,2756.94503,S,02449.88536,E,4,18,0.7,93.997,M,28.000,M,1.0,0000*75
$GNGST,081000.60,0.012,0.015,0.011,32.1,0.011,0.013,0.021*70
$GNRMC,081000.60,A,2756.94503,S,02449.88536,E,3.50,0.0,120826,,,R*7E
$GNGGA,081000.80,2756.94484,S,02449.88536,E,4,18,0.7,93.997,M,28.000,M,1.0,0000*75
$GNGST,081000.80,0.012,0.015,0.011,32.1,0.011,0.013,0.021*7E
$GNRMC,081000.80,A,2756.94484,S,02449.88536,E,3.50,0.0,120826,,,R*7E
$GNGGA,081001.00,2756.94464,S,02449.88536,E,4,18,0.7,93.997,M,28.000,M,1.0,0000*72
$GNGST,081001.00,0.012,0.015,0.011,32.1,0.011,0.013,0.021*77
$GNRMC,081001.00,A,2756.94464,S,02449.88536,E,3.50,0.0,120826,,,R*79
$GNGGA,081001.20,2756.94445,S,02449.88536,E,4,18,0.7,93.997,M,28.000,M,1.0,0000*73
$GNGST,081001.20,0.012,0.015,0.011,32.1,0.011,0.013,0.021*75
$GNRMC,081001.20,A,2756.94445,S,02449.88536,E,3.50,0.0,120826,,,R*78
$GNGGA,081001.40,2756.94425,S,02449.88536,E,4,18,0.7,93.997,M,28.000,M,1.0,0000*73
$GNGST,081001.40,0.012,0.015,0.011,32.1,0.011,0.013,0.021*73
$GNRMC,081001.40,A,2756.94425,S,02449.88536,E,3.50,0.0,120826,,,R*78
$GNGGA,081001.60,2756.94406,S,02449.88536,E,4,18,0.7,93.997,M,28.000,M,1.0,0000*70
$GNGST,081001.60,0.012,0.015,0.011,32.1,0.011,0.013,0.021*71
$GNRMC,081001.60,A,2756.94406,S,02449.88536,E,3.50,0.0,120826,,,R*7B
$GNGGA,081001.80,2756.94387,S,02449.88536,E,4,18,0.7,93.997,M,28.000,M,1.0,0000*70
$GNGST,081001.80,0.012,0.015,0.011,32.1,0.011,0.013,0.021*7F
$GNRMC,081001.80,A,2756.94387,S,02449.88536,E,3.50,0.0,120826,,,R*7B
$GNGGA,081002.00,2756.94367,S,02449.88536,E,4,18,0.7,93.997,M,28.000,M,1.0,0000*75
$GNGST,081002.00,0.012,0.015,0.011,32.1,0.011,0.013,0.021*74
$GNRMC,081002.00,A,2756.94367,S,02449.88536,E,3.50,0.0,120826,,,R*7E
$GNGGA,081002.20,2756.94348,S,02449.88536,E,4,18,0.7,93.997,M,28.000,M,1.0,0000*7A
$GNGST,081002.20,0.012,0.015,0.011,32.1,0.011,0.013,0.021*76
$GNRMC,081002.20,A,2756.94348,S,02449.88536,E,3.50,0.0,120826,,,R*71
$GNGGA,081002.40,2756.94328,S,02449.88536,E,4,18,0.7,93.998,M,28.000,M,1.0,0000*75
$GNGST,081002.40,0.012,0.015,0.011,32.1,0.011,0.013,0.021*70
$GNRMC,081002.40,A,2756.94328,S,02449.88536,E,3.50,0.0,120826,,,R*71
$GNGGA,081002.60,2756.94309,S,02449.88536,E,4,18,0.7,93.998,M,28.000,M,1.0,0000*74
$GNGST,081002.60,0.012,0.015,0.011,32.1,0.011,0.013,0.021*72
$GNRMC,081002.60,A,2756.94309,S,02449.88536,E,3.50,0.0,120826,,,R*70
$GNGGA,081002.80,2756.94289,S,02449.88536,E,4,18,0.7,93.998,M,28.000,M,1.0,0000*73
$GNGST,081002.80,0.012,0.015,0.011,32.1,0.011,0.013,0.021*7C
$GNRMC,081002.80,A,2756.94289,S,02449.88536,E,3.50,0.0,120826,,,R*77
$GNGGA,081003.00,2756.94270,S,02449.88536,E,4,18,0.7,93.998,M,28.000,M,1.0,0000*7C
$GNGST,081003.00,0.012,0.015,0.011,32.1,0.011,0.013,0.021*75
$GNRMC,081003.00,A,2756.94270,S,02449.88536,E,3.50,0.0,120826,,,R*78
$GNGGA,081003.20,2756.94250,S,02449.88536,E,4,18,0.7,93.998,M,28.000,M,1.0,0000*7C
$GNGST,081003.20,0.012,0.015,0.011,32.1,0.011,0.013,0.021*77
$GNRMC,081003.20,A,2756.94250,S,02449.88536,E,3.50,0.0,120826,,,R*78
$GNGGA,081003.40,2756.94231,S,02449.88536,E,4,18,0.7,93.998,M,28.000,M,1.0,0000*7D
$GNGST,081003.40,0.012,0.015,0.011,32.1,0.011,0.013,0.021*71
$GNRMC,081003.40,A,2756.94231,S,02449.88536,E,3.50,0.0,120826,,,R*79
$GNGGA,081003.60,2756.94211,S,02449.88536,E,4,18,0.7,93.998,M,28.000,M,1.0,0000*7D
$GNGST,081003.60,0.012,0.015,0.011,32.1,0.011,0.013,0.021*73
$GNRMC,081003.60,A,2756.94211,S,02449.88536,E,3.50,0.0,120826,,,R*79
$GNGGA,081003.80,2756.94192,S,02449.88536,E,4,18,0.7,93.998,M,28.000,M,1.0,0000*7B
$GNGST,081003.80,0.012,0.015,0.011,32.1,0.011,0.013,0.021*7D
$GNRMC,081003.80,A,2756.94192,S,02449.88536,E,3.50,0.0,120826,,,R*7F
$GNGGA,081004.00,2756.94172,S,02449.88536,E,4,18,0.7,93.999,M,28.000,M,1.0,0000*7B
$GNGST,081004.00,0.012,0.015,0.011,32.1,0.011,0.013,0.021*72
$GNRMC,081004.00,A,2756.94172,S,02449.88536,E,3.50,0.0,120826,,,R*7E
$GNGGA,081004.20,2756.94153,S,02449.88536,E,4,18,0.7,93.999,M,28.000,M,1.0,0000*7A
$GNGST,081004.20,0.012,0.015,0.011,32.1,0.011,0.013,0.021*70
$GNRMC,081004.20,A,2756.94153,S,02449.88536,E,3.50,0.0,120826,,,R*7F
$GNGGA,081004.40,2756.94133,S,02449.88536,E,4,18,0.7,93.999,M,28.000,M,1.0,0000*7A
$GNGST,081004.40,0.012,0.015,0.011,32.1,0.011,0.013,0.021*76
$GNRMC,081004.40,A,2756.94133,S,02449.88536,E,3.50,0.0,120826,,,R*7F
$GNGGA,081004.60,2756.94114,S,02449.88536,E,4,18,0.7,93.999,M,28.000,M,1.0,0000*7D
$GNGST,081004.60,0.012,0.015,0.011,32.1,0.011,0.013,0.021*74
$GNRMC,081004.60,A,2756.94114,S,02449.88536,E,3.50,0.0,120826,,,R*78
$GNGGA,081004.80,2756.94094,S,02449.88536,E,4,18,0.7,93.999,M,28.000,M,1.0,0000*7A
$GNGST,081004.80,0.012,0.015,0.011,32.1,0.011,0.013,0.021*7A
$GNRMC,081004.80,A,2756.94094,S,02449.88536,E,3.50,0.0,120826,,,R*7F
$GNGGA,081005.00,2756.94075,S,02449.88536,E,4,18,0.7,93.999,M,28.000,M,1.0,0000*7C
$GNGST,081005.00,0.012,0.015,0.011,32.1,0.011,0.013,0.021*73
$GNRMC,081005.00,A,2756.94075,S,02449.88536,E,3.50,0.0,120826,,,R*79
$GNGGA,081005.20,2756.94055,S,02449.88536,E,4,18,0.7,94.000,M,28.000,M,1.0,0000*72
$GNGST,081005.20,0.012,0.015,0.011,32.1,0.011,0.013,0.021*71
$GNRMC,081005.20,A,2756.94055,S,02449.88536,E,3.50,0.0,120826,,,R*79
$GNGGA,081005.40,2756.94036,S,02449.88536,E,4,18,0.7,94.000,M,28.000,M,1.0,0000*71
$GNGST,081005.40,0.012,0.015,0.011,32.1,0.011,0.013,0.021*77
$GNRMC,081005.40,A,2756.94036,S,02449.88536,E,3.50,0.0,120826,,,R*7A
$GNGGA,081005.60,2756.94016,S,02449.88536,E,4,18,0.7,94.000,M,28.000,M,1.0,0000*71
$GNGST,081005.60,0.012,0.015,0.011,32.1,0.011,0.013,0.021*75
$GNRMC,081005.60,A,2756.94016,S,02449.88536,E,3.50,0.0,120826,,,R*7A
$GNGGA,081005.80,2756.93997,S,02449.88536,E,4,18,0.7,94.000,M,28.000,M,1.0,0000*78
$GNGST,081005.80,0.012,0.015,0.011,32.1,0.011,0.013,0.021*7B
$GNRMC,081005.80,A,2756.93997,S,02449.88536,E,3.50,0.0,120826,,,R*73
$GNGGA,081006.00,2756.93977,S,02449.88536,E,4,18,0.7,94.001,M,28.000,M,1.0,0000*7C
$GNGST,081006.00,0.012,0.015,0.011,32.1,0.011,0.013,0.021*70
$GNRMC,081006.00,A,2756.93977,S,02449.88536,E,3.50,0.0,120826,,,R*76
$GNGGA,081006.20,2756.93958,S,02449.88536,E,4,18,0.7,94.001,M,28.000,M,1.0,0000*73
$GNGST,081006.20,0.012,0.015,0.011,32.1,0.011,0.013,0.021*72
$GNRMC,081006.20,A,2756.93958,S,02449.88536,E,3.50,0.0,120826,,,R*79
$GNGGA,081006.40,2756.93938,S,02449.88536,E,4,18,0.7,94.001,M,28.000,M,1.0,0000*73
$GNGST,081006.40,0.012,0.015,0.011,32.1,0.011,0.013,0.021*74
$GNRMC,081006.40,A,2756.93938,S,02449.88536,E,3.50,0.0,120826,,,R*79
$GNGGA,081006.60,2756.93919,S,02449.88536,E,4,18,0.7,94.001,M,28.000,M,1.0,0000*72
$GNGST,081006.60,0.012,0.015,0.011,32.1,0.011,0.013,0.021*76
$GNRMC,081006.60,A,2756.93919,S,02449.88536,E,3.50,0.0,120826,,,R*78
$GNGGA,081006.80,2756.93899,S,02449.88536,E,4,18,0.7,94.002,M,28.000,M,1.0,0000*76
$GNGST,081006.80,0.012,0.015,0.011,32.1,0.011,0.013,0.021*78
$GNRMC,081006.80,A,2756.93899,S,02449.88536,E,3.50,0.0,120826,,,R*7F
$GNGGA,081007.00,2756.93880,S,02449.88536,E,4,18,0.7,94.002,M,28.000,M,1.0,0000*77
$GNGST,081007.00,0.012,0.015,0.011,32.1,0.011,0.013,0.021*71
$GNRMC,081007.00,A,2756.93880,S,02449.88536,E,3.50,0.0,120826,,,R*7E
$GNGGA,081007.20,2756.93860,S,02449.88536,E,4,18,0.7,94.002,M,28.000,M,1.0,0000*7B
$GNGST,081007.20,0.012,0.015,0.011,32.1,0.011,0.013,0.021*73
$GNRMC,081007.20,A,2756.93860,S,02449.88536,E,3.50,0.0,120826,,,R*72
$GNGGA,081007.40,2756.93841,S,02449.88536,E,4,18,0.7,94.003,M,28.000,M,1.0,0000*7F
$GNGST,081007.40,0.012,0.015,0.011,32.1,0.011,0.013,0.021*75
$GNRMC,081007.40,A,2756.93841,S,02449.88536,E,3.50,0.0,120826,,,R*77
$GNGGA,081007.60,2756.93821,S,02449.88536,E,4,18,0.7,94.003,M,28.000,M,1.0,0000*7B
$GNGST,081007.60,0.012,0.015,0.011,32.1,0.011,0.013,0.021*77
$GNRMC,081007.60,A,2756.93821,S,02449.88536,E,3.50,0.0,120826,,,R*73
$GNGGA,081007.80,2756.93802,S,02449.88536,E,4,18,0.7,94.003,M,28.000,M,1.0,0000*74
$GNGST,081007.80,0.012,0.015,0.011,32.1,0.011,0.013,0.021*79
$GNRMC,081007.80,A,2756.93802,S,02449.88536,E,3.50,0.0,120826,,,R*7C
$GNGGA,081008.00,2756.93782,S,02449.88536,E,4,18,0.7,94.003,M,28.000,M,1.0,0000*74
$GNGST,081008.00,0.012,0.015,0.011,32.1,0.011,0.013,0.021*7E
$GNRMC,081008.00,A,2756.93782,S,02449.88536,E,3.50,0.0,120826,,,R*7C
$GNGGA,081008.20,2756.93763,S,02449.88536,E,4,18,0.7,94.004,M,28.000,M,1.0,0000*7E
$GNGST,081008.20,0.012,0.015,0.011,32.1,0.011,0.013,0.021*7C
$GNRMC,081008.20,A,2756.93763,S,02449.88536,E,3.50,0.0,120826,,,R*71
$GNGGA,081008.40,2756.93743,S,02449.88536,E,4,18,0.7,94.004,M,28.000,M,1.0,0000*7A
$GNGST,081008.40,0.012,0.015,0.011,32.1,0.011,0.013,0.021*7A
$GNRMC,081008.40,A,2756.93743,S,02449.88536,E,3.50,0.0,120826,,,R*75
$GNGGA,081008.60,2756.93724,S,02449.88536,E,4,18,0.7,94.005,M,28.000,M,1.0,0000*78
$GNGST,081008.60,0.012,0.015,0.011,32.1,0.011,0.013,0.021*78
$GNRMC,081008.60,A,2756.93724,S,02449.88536,E,3.50,0.0,120826,,,R*76
$GNGGA,081008.80,2756.93704,S,02449.88536,E,4,18,0.7,94.005,M,28.000,M,1.0,0000*74
$GNGST,081008.80,0.012,0.015,0.011,32.1,0.011,0.013,0.021*76
$GNRMC,081008.80,A,2756.93704,S,02449.88536,E,3.50,0.0,120826,,,R*7A
$GNGGA,081009.00,2756.93685,S,02449.88536,E,4,18,0.7,94.005,M,28.000,M,1.0,0000*75
$GNGST,081009.00,0.012,0.015,0.011,32.1,0.011,0.013,0.021*7F
$GNRMC,081009.00,A,2756.93685,S,02449.88536,E,3.50,0.0,120826,,,R*7B
$GNGGA,081009.20,2756.93665,S,02449.88536,E,4,18,0.7,94.006,M,28.000,M,1.0,0000*7A
$GNGST,081009.20,0.012,0.015,0.011,32.1,0.011,0.013,0.021*7D
$GNRMC,081009.20,A,2756.93665,S,02449.88536,E,3.50,0.0,120826,,,R*77
$GNGGA,081009.40,2756.93646,S,02449.88536,E,4,18,0.7,94.006,M,28.000,M,1.0,0000*7D
$GNGST,081009.40,0.012,0.015,0.011,32.1,0.011,0.013,0.021*7B
$GNRMC,081009.40,A,2756.93646,S,02449.88536,E,3.50,0.0,120826,,,R*70
$GNGGA,081009.60,2756.93626,S,02449.88536,E,4,18,0.7,94.006,M,28.000,M,1.0,0000*79
$GNGST,081009.60,0.012,0.015,0.011,32.1,0.011,0.013,0.021*79
$GNRMC,081009.60,A,2756.93626,S,02449.88536,E,3.50,0.0,120826,,,R*74
$GNGGA,081009.80,2756.93607,S,02449.88536,E,4,18,0.7,94.007,M,28.000,M,1.0,0000*75
$GNGST,081009.80,0.012,0.015,0.011,32.1,0.011,0.013,0.021*77
$GNRMC,081009.80,A,2756.93607,S,02449.88536,E,3.50,0.0,120826,,,R*79
$GNGGA,081010.00,2756.93587,S,02449.88536,E,4,18,0.7,94.007,M,28.000,M,1.0,0000*7E
$GNGST,081010.00,0.012,0.015,0.011,32.1,0.011,0.013,0.021*77
$GNRMC,081010.00,A,2756.93587,S,02449.88536,E,3.50,0.0,120826,,,R*72
$GNGGA,081010.20,2756.93568,S,02449.88536,E,4,18,0.7,94.008,M,28.000,M,1.0,0000*72
$GNGST,081010.20,0.012,0.015,0.011,32.1,0.011,0.013,0.021*75
$GNRMC,081010.20,A,2756.93568,S,02449.88536,E,3.50,0.0,120826,,,R*71
$GNGGA,081010.40,2756.93548,S,02449.88536,E,4,18,0.7,94.008,M,28.000,M,1.0,0000*76
$GNGST,081010.40,0.012,0.015,0.011,32.1,0.011,0.013,0.021*73
$GNRMC,081010.40,A,2756.93548,S,02449.88536,E,3.50,0.0,120826,,,R*75
$GNGGA,081010.60,2756.93529,S,02449.88536,E,4,18,0.7,94.009,M,28.000,M,1.0,0000*72
$GNGST,081010.60,0.012,0.015,0.011,32.1,0.011,0.013,0.021*71
$GNRMC,081010.60,A,2756.93529,S,02449.88536,E,3.50,0.0,120826,,,R*70
$GNGGA,081010.80,2756.93509,S,02449.88536,E,4,18,0.7,94.009,M,28.000,M,1.0,0000*7E
$GNGST,081010.80,0.012,0.015,0.011,32.1,0.011,0.013,0.021*7F
$GNRMC,081010.80,A,2756.93509,S,02449.88536,E,3.50,0.0,120826,,,R*7C
$GNGGA,081011.00,2756.93490,S,02449.88536,E,4,18,0.7,94.010,M,28.000,M,1.0,0000*7E
$GNGST,081011.00,0.012,0.015,0.011,32.1,0.011,0.013,0.021*76
$GNRMC,081011.00,A,2756.93490,S,02449.88536,E,3.50,0.0,120826,,,R*74
$GNGGA,081011.20,2756.93470,S,02449.88536,E,4,18,0.7,94.010,M,28.000,M,1.0,0000*72
$GNGST,081011.20,0.012,0.015,0.011,32.1,0.011,0.013,0.021*74
$GNRMC,081011.20,A,2756.93470,S,02449.88536,E,3.50,0.0,120826,,,R*78
$GNGGA,081011.40,2756.93451,S,02449.88536,E,4,18,0.7,94.010,M,28.000,M,1.0,0000*77
$GNGST,081011.40,0.012,0.015,0.011,32.1,0.011,0.013,0.021*72
$GNRMC,081011.40,A,2756.93451,S,02449.88536,E,3.50,0.0,120826,,,R*7D
$GNGGA,081011.60,2756.93431,S,02449.88536,E,4,18,0.7,94.011,M,28.000,M,1.0,0000*72
$GNGST,081011.60,0.012,0.015,0.011,32.1,0.011,0.013,0.021*70
$GNRMC,081011.60,A,2756.93431,S,02449.88536,E,3.50,0.0,120826,,,R*79
$GNGGA,081011.80,2756.93412,S,02449.88536,E,4,18,0.7,94.011,M,28.000,M,1.0,0000*7D
$GNGST,081011.80,0.012,0.015,0.011,32.1,0.011,0.013,0.021*7E
$GNRMC,081011.80,A,2756.93412,S,02449.88536,E,3.50,0.0,120826,,,R*76
$GNGGA,081012.00,2756.93392,S,02449.88536,E,4,18,0.7,94.012,M,28.000,M,1.0,0000*7A
$GNGST,081012.00,0.012,0.015,0.011,32.1,0.011,0.013,0.021*75
$GNRMC,081012.00,A,2756.93392,S,02449.88536,E,3.50,0.0,120826,,,R*72
$GNGGA,081012.20,2756.93373,S,02449.88536,E,4,18,0.7,94.013,M,28.000,M,1.0,0000*76
$GNGST,081012.20,0.012,0.015,0.011,32.1,0.011,0.013,0.021*77
$GNRMC,081012.20,A,2756.93373,S,02449.88536,E,3.50,0.0,120826,,,R*7F
$GNGGA,081012.40,2756.93353,S,02449.88536,E,4,18,0.7,94.013,M,28.000,M,1.0,0000*72
$GNGST,081012.40,0.012,0.015,0.011,32.1,0.011,0.013,0.021*71
$GNRMC,081012.40,A,2756.93353,S,02449.88536,E,3.50,0.0,120826,,,R*7B
$GNGGA,081012.60,2756.93334,S,02449.88536,E,4,18,0.7,94.014,M,28.000,M,1.0,0000*76
$GNGST,081012.60,0.012,0.015,0.011,32.1,0.011,0.013,0.021*73
$GNRMC,081012.60,A,2756.93334,S,02449.88536,E,3.50,0.0,120826,,,R*78
$GNGGA,081012.80,2756.93314,S,02449.88536,E,4,18,0.7,94.014,M,28.000,M,1.0,0000*7A
$GNGST,081012.80,0.012,0.015,0.011,32.1,0.011,0.013,0.021*7D
$GNRMC,081012.80,A,2756.93314,S,02449.88536,E,3.50,0.0,120826,,,R*74
$GNGGA,081013.00,2756.93295,S,02449.88536,E,4,18,0.7,94.015,M,28.000,M,1.0,0000*7A
$GNGST,081013.00,0.012,0.015,0.011,32.1,0.011,0.013,0.021*74
$GNRMC,081013.00,A,2756.93295,S,02449.88536,E,3.50,0.0,120826,,,R*75
$GNGGA,081013.20,2756.93275,S,02449.88536,E,4,18,0.7,94.015,M,28.000,M,1.0,0000*76
$GNGST,081013.20,0.012,0.015,0.011,32.1,0.011,0.013,0.021*76
$GNRMC,081013.20,A,2756.93275,S,02449.88536,E,3.50,0.0,120826,,,R*79
$GNGGA,081013.40,2756.93256,S,02449.88536,E,4,18,0.7,94.016,M,28.000,M,1.0,0000*72
$GNGST,081013.40,0.012,0.015,0.011,32.1,0.011,0.013,0.021*70
$GNRMC,081013.40,A,2756.93256,S,02449.88536,E,3.50,0.0,120826,,,R*7E
$GNGGA,081013.60,2756.93237,S,02449.88536,E,4,18,0.7,94.016,M,28.000,M,1.0,0000*77
$GNGST,081013.60,0.012,0.015,0.011,32.1,0.011,0.013,0.021*72
$GNRMC,081013.60,A,2756.93237,S,02449.88536,E,3.50,0.0,120826,,,R*7B
$GNGGA,081013.80,2756.93217,S,02449.88536,E,4,18,0.7,94.017,M,28.000,M,1.0,0000*7A
$GNGST,081013.80,0.012,0.015,0.011,32.1,0.011,0.013,0.021*7C
$GNRMC,081013.80,A,2756.93217,S,02449.88536,E,3.50,0.0,120826,,,R*77
$GNGGA,081014.00,2756.93198,S,02449.88536,E,4,18,0.7,94.018,M,28.000,M,1.0,0000*7E
$GNGST,081014.00,0.012,0.015,0.011,32.1,0.011,0.013,0.021*73
$GNRMC,081014.00,A,2756.93198,S,02449.88536,E,3.50,0.0,120826,,,R*7C
$GNGGA,081014.20,2756.93178,S,02449.88536,E,4,18,0.7,94.018,M,28.000,M,1.0,0000*72
$GNGST,081014.20,0.012,0.015,0.011,32.1,0.011,0.013,0.021*71
$GNRMC,081014.20,A,2756.93178,S,02449.88536,E,3.50,0.0,120826,,,R*70
$GNGGA,081014.40,2756.93159,S,02449.88536,E,4,18,0.7,94.019,M,28.000,M,1.0,0000*76
$GNGST,081014.40,0.012,0.015,0.011,32.1,0.011,0.013,0.021*77
$GNRMC,081014.40,A,2756.93159,S,02449.88536,E,3.50,0.0,120826,,,R*75
$GNGGA,081014.60,2756.93139,S,02449.88536,E,4,18,0.7,94.019,M,28.000,M,1.0,0000*72
$GNGST,081014.60,0.012,0.015,0.011,32.1,0.011,0.013,0.021*75
$GNRMC,081014.60,A,2756.93139,S,02449.88536,E,3.50,0.0,120826,,,R*71
$GNGGA,081014.80,2756.93120,S,02449.88536,E,4,18,0.7,94.020,M,28.000,M,1.0,0000*7E
$GNGST,081014.80,0.012,0.015,0.011,32.1,0.011,0.013,0.021*7B
$GNRMC,081014.80,A,2756.93120,S,02449.88536,E,3.50,0.0,120826,,,R*77
$GNGGA,081015.00,2756.93100,S,02449.88536,E,4,18,0.7,94.021,M,28.000,M,1.0,0000*74
$GNGST,081015.00,0.012,0.015,0.011,32.1,0.011,0.013,0.021*72
$GNRMC,081015.00,A,2756.93100,S,02449.88536,E,3.50,0.0,120826,,,R*7C
$GNGGA,081015.20,2756.93081,S,02449.88536,E,4,18,0.7,94.021,M,28.000,M,1.0,0000*7E
$GNGST,081015.20,0.012,0.015,0.011,32.1,0.011,0.013,0.021*70
$GNRMC,081015.20,A,2756.93081,S,02449.88536,E,3.50,0.0,120826,,,R*76
$GNGGA,081015.40,2756.93061,S,02449.88536,E,4,18,0.7,94.022,M,28.000,M,1.0,0000*75
$GNGST,081015.40,0.012,0.015,0.011,32.1,0.011,0.013,0.021*76
$GNRMC,081015.40,A,2756.93061,S,02449.88536,E,3.50,0.0,120826,,,R*7E
$GNGGA,081015.60,2756.93042,S,02449.88536,E,4,18,0.7,94.023,M,28.000,M,1.0,0000*77
$GNGST,081015.60,0.012,0.015,0.011,32.1,0.011,0.013,0.021*74
$GNRMC,081015.60,A,2756.93042,S,02449.88536,E,3.50,0.0,120826,,,R*7D
$GNGGA,081015.80,2756.93022,S,02449.88536,E,4,18,0.7,94.023,M,28.000,M,1.0,0000*7F
$GNGST,081015.80,0.012,0.015,0.011,32.1,0.011,0.013,0.021*7A
$GNRMC,081015.80,A,2756.93022,S,02449.88536,E,3.50,0.0,120826,,,R*75
$GNGGA,081016.00,2756.93003,S,02449.88536,E,4,18,0.7,94.024,M,28.000,M,1.0,0000*70
$GNGST,081016.00,0.012,0.015,0.011,32.1,0.011,0.013,0.021*71
$GNRMC,081016.00,A,2756.93003,S,02449.88536,E,3.50,0.0,120826,,,R*7D
$GNGGA,081016.20,2756.92983,S,02449.88536,E,4,18,0.7,94.025,M,28.000,M,1.0,0000*73
$GNGST,081016.20,0.012,0.015,0.011,32.1,0.011,0.013,0.021*73
$GNRMC,081016.20,A,2756.92983,S,02449.88536,E,3.50,0.0,120826,,,R*7F
$GNGGA,081016.40,2756.92964,S,02449.88536,E,4,18,0.7,94.025,M,28.000,M,1.0,0000*7C
$GNGST,081016.40,0.012,0.015,0.011,32.1,0.011,0.013,0.021*75
$GNRMC,081016.40,A,2756.92964,S,02449.88536,E,3.50,0.0,120826,,,R*70
$GNGGA,081016.60,2756.92944,S,02449.88536,E,4,18,0.7,94.026,M,28.000,M,1.0,0000*7F
$GNGST,081016.60,0.012,0.015,0.011,32.1,0.011,0.013,0.021*77
$GNRMC,081016.60,A,2756.92944,S,02449.88536,E,3.50,0.0,120826,,,R*70
$GNGGA,081016.80,2756.92925,S,02449.88536,E,4,18,0.7,94.027,M,28.000,M,1.0,0000*77
$GNGST,081016.80,0.012,0.015,0.011,32.1,0.011,0.013,0.021*79
$GNRMC,081016.80,A,2756.92925,S,02449.88536,E,3.50,0.0,120826,,,R*79
$GNGGA,081017.00,2756.92905,S,02449.88536,E,4,18,0.7,94.027,M,28.000,M,1.0,0000*7C
$GNGST,081017.00,0.012,0.015,0.011,32.1,0.011,0.013,0.021*70
$GNRMC,081017.00,A,2756.92905,S,02449.88536,E,3.50,0.0,120826,,,R*72
$GNGGA,081017.20,2756.92886,S,02449.88536,E,4,18,0.7,94.028,M,28.000,M,1.0,0000*7B
$GNGST,081017.20,0.012,0.015,0.011,32.1,0.011,0.013,0.021*72
$GNRMC,081017.20,A,2756.92886,S,02449.88536,E,3.50,0.0,120826,,,R*7A
$GNGGA,081017.40,2756.92866,S,02449.88536,E,4,18,0.7,94.029,M,28.000,M,1.0,0000*72
$GNGST,081017.40,0.012,0.015,0.011,32.1,0.011,0.013,0.021*74
$GNRMC,081017.40,A,2756.92866,S,02449.88536,E,3.50,0.0,120826,,,R*72
$GNGGA,081017.60,2756.92847,S,02449.88536,E,4,18,0.7,94.030,M,28.000,M,1.0,0000*7B
$GNGST,081017.60,0.012,0.015,0.011,32.1,0.011,0.013,0.021*76
$GNRMC,081017.60,A,2756.92847,S,02449.88536,E,3.50,0.0,120826,,,R*73
$GNGGA,081017.80,2756.92827,S,02449.88536,E,4,18,0.7,94.030,M,28.000,M,1.0,0000*73
$GNGST,081017.80,0.012,0.015,0.011,32.1,0.011,0.013,0.021*78
$GNRMC,081017.80,A,2756.92827,S,02449.88536,E,3.50,0.0,120826,,,R*7B
$GNGGA,081018.00,2756.92808,S,02449.88536,E,4,18,0.7,94.031,M,28.000,M,1.0,0000*78
$GNGST,081018.00,0.012,0.015,0.011,32.1,0.011,0.013,0.021*7F
$GNRMC,081018.00,A,2756.92808,S,02449.88536,E,3.50,0.0,120826,,,R*71
$GNGGA,081018.20,2756.92788,S,02449.88536,E,4,18,0.7,94.032,M,28.000,M,1.0,0000*7E
$GNGST,081018.20,0.012,0.015,0.011,32.1,0.011,0.013,0.021*7D
$GNRMC,081018.20,A,2756.92788,S,02449.88536,E,3.50,0.0,120826,,,R*74
$GNGGA,081018.40,2756.92769,S,02449.88536,E,4,18,0.7,94.033,M,28.000,M,1.0,0000*76
$GNGST,081018.40,0.012,0.015,0.011,32.1,0.011,0.013,0.021*7B
$GNRMC,081018.40,A,2756.92769,S,02449.88536,E,3.50,0.0,120826,,,R*7D
$GNGGA,081018.60,2756.92749,S,02449.88536,E,4,18,0.7,94.033,M,28.000,M,1.0,0000*76
$GNGST,081018.60,0.012,0.015,0.011,32.1,0.011,0.013,0.021*79
$GNRMC,081018.60,A,2756.92749,S,02449.88536,E,3.50,0.0,120826,,,R*7D
$GNGGA,081018.80,2756.92730,S,02449.88536,E,4,18,0.7,94.034,M,28.000,M,1.0,0000*71
$GNGST,081018.80,0.012,0.015,0.011,32.1,0.011,0.013,0.021*77
$GNRMC,081018.80,A,2756.92730,S,02449.88536,E,3.50,0.0,120826,,,R*7D
$GNGGA,081019.00,2756.92710,S,02449.88536,E,4,18,0.7,94.035,M,28.000,M,1.0,0000*7B
$GNGST,081019.00,0.012,0.015,0.011,32.1,0.011,0.013,0.021*7E
$GNRMC,081019.00,A,2756.92710,S,02449.88536,E,3.50,0.0,120826,,,R*76
$GNGGA,081019.20,2756.92691,S,02449.88536,E,4,18,0.7,94.036,M,28.000,M,1.0,0000*72
$GNGST,081019.20,0.012,0.015,0.011,32.1,0.011,0.013,0.021*7C
$GNRMC,081019.20,A,2756.92691,S,02449.88536,E,3.50,0.0,120826,,,R*7C
$GNGGA,081019.40,2756.92671,S,02449.88536,E,4,18,0.7,94.037,M,28.000,M,1.0,0000*7B
$GNGST,081019.40,0.012,0.015,0.011,32.1,0.011,0.013,0.021*7A
$GNRMC,081019.40,A,2756.92671,S,02449.88536,E,3.50,0.0,120826,,,R*74
$GNGGA,081019.60,2756.92652,S,02449.88536,E,4,18,0.7,94.037,M,28.000,M,1.0,0000*78
$GNGST,081019.60,0.012,0.015,0.011,32.1,0.011,0.013,0.021*78
$GNRMC,081019.60,A,2756.92652,S,02449.88536,E,3.50,0.0,120826,,,R*77
$GNGGA,081019.80,2756.92632,S,02449.88536,E,4,18,0.7,94.038,M,28.000,M,1.0,0000*7F
$GNGST,081019.80,0.012,0.015,0.011,32.1,0.011,0.013,0.021*76
$GNRMC,081019.80,A,2756.92632,S,02449.88536,E,3.50,0.0,120826,,,R*7F
$GNGGA,081020.00,2756.92613,S,02449.88536,E,4,18,0.7,94.039,M,28.000,M,1.0,0000*7F
$GNGST,081020.00,0.012,0.015,0.011,32.1,0.011,0.013,0.021*74
$GNRMC,081020.00,A,2756.92613,S,02449.88536,E,3.50,0.0,120826,,,R*7E
$GNGGA,081020.20,2756.92593,S,02449.88536,E,4,18,0.7,94.040,M,28.000,M,1.0,0000*78
$GNGST,081020.20,0.012,0.015,0.011,32.1,0.011,0.013,0.021*76
$GNRMC,081020.20,A,2756.92593,S,02449.88536,E,3.50,0.0,120826,,,R*77
$GNGGA,081020.40,2756.92574,S,02449.88536,E,4,18,0.7,94.041,M,28.000,M,1.0,0000*76
$GNGST,081020.40,0.012,0.015,0.011,32.1,0.011,0.013,0.021*70
$GNRMC,081020.40,A,2756.92574,S,02449.88536,E,3.50,0.0,120826,,,R*78
$GNGGA,081020.60,2756.92554,S,02449.88536,E,4,18,0.7,94.041,M,28.000,M,1.0,0000*76
$GNGST,081020.60,0.012,0.015,0.011,32.1,0.011,0.013,0.021*72
$GNRMC,081020.60,A,2756.92554,S,02449.88536,E,3.50,0.0,120826,,,R*78
$GNGGA,081020.80,2756.92535,S,02449.88536,E,4,18,0.7,94.042,M,28.000,M,1.0,0000*7C
$GNGST,081020.80,0.012,0.015,0.011,32.1,0.011,0.013,0.021*7C
$GNRMC,081020.80,A,2756.92535,S,02449.88536,E,3.50,0.0,120826,,,R*71
$GNGGA,081021.00,2756.92515,S,02449.88536,E,4,18,0.7,94.043,M,28.000,M,1.0,0000*76
$GNGST,081021.00,0.012,0.015,0.011,32.1,0.011,0.013,0.021*75
$GNRMC,081021.00,A,2756.92515,S,02449.88536,E,3.50,0.0,120826,,,R*7A
$GNGGA,081021.20,2756.92496,S,02449.88536,E,4,18,0.7,94.044,M,28.000,M,1.0,0000*79
$GNGST,081021.20,0.012,0.015,0.011,32.1,0.011,0.013,0.021*77
$GNRMC,081021.20,A,2756.92496,S,02449.88536,E,3.50,0.0,120826,,,R*72
$GNGGA,081021.40,2756.92476,S,02449.88536,E,4,18,0.7,94.045,M,28.000,M,1.0,0000*70
$GNGST,081021.40,0.012,0.015,0.011,32.1,0.011,0.013,0.021*71
$GNRMC,081021.40,A,2756.92476,S,02449.88536,E,3.50,0.0,120826,,,R*7A
$GNGGA,081021.60,2756.92457,S,02449.88536,E,4,18,0.7,94.046,M,28.000,M,1.0,0000*72
$GNGST,081021.60,0.012,0.015,0.011,32.1,0.011,0.013,0.021*73
$GNRMC,081021.60,A,2756.92457,S,02449.88536,E,3.50,0.0,120826,,,R*7B
$GNGGA,081021.80,2756.92437,S,02449.88536,E,4,18,0.7,94.047,M,28.000,M,1.0,0000*7B
$GNGST,081021.80,0.012,0.015,0.011,32.1,0.011,0.013,0.021*7D
$GNRMC,081021.80,A,2756.92437,S,02449.88536,E,3.50,0.0,120826,,,R*73
$GNGGA,081022.00,2756.92418,S,02449.88536,E,4,18,0.7,94.047,M,28.000,M,1.0,0000*7D
$GNGST,081022.00,0.012,0.015,0.011,32.1,0.011,0.013,0.021*76
$GNRMC,081022.00,A,2756.92418,S,02449.88536,E,3.50,0.0,120826,,,R*75
$GNGGA,081022.20,2756.92398,S,02449.88536,E,4,18,0.7,94.048,M,28.000,M,1.0,0000*7F
$GNGST,081022.20,0.012,0.015,0.011,32.1,0.011,0.013,0.021*74
$GNRMC,081022.20,A,2756.92398,S,02449.88536,E,3.50,0.0,120826,,,R*78
$GNGGA,081022.40,2756.92379,S,02449.88536,E,4,18,0.7,94.049,M,28.000,M,1.0,0000*77
$GNGST,081022.40,0.012,0.015,0.011,32.1,0.011,0.013,0.021*72
$GNRMC,081022.40,A,2756.92379,S,02449.88536,E,3.50,0.0,120826,,,R*71
$GNGGA,081022.60,2756.92359,S,02449.88536,E,4,18,0.7,94.050,M,28.000,M,1.0,0000*7F
$GNGST,081022.60,0.012,0.015,0.011,32.1,0.011,0.013,0.021*70
$GNRMC,081022.60,A,2756.92359,S,02449.88536,E,3.50,0.0,120826,,,R*71
$GNGGA,081022.80,2756.92340,S,02449.88536,E,4,18,0.7,94.051,M,28.000,M,1.0,0000*78
$GNGST,081022.80,0.012,0.015,0.011,32.1,0.011,0.013,0.021*7E
$GNRMC,081022.80,A,2756.92340,S,02449.88536,E,3.50,0.0,120826,,,R*77
$GNGGA,081023.00,2756.92320,S,02449.88536,E,4,18,0.7,94.052,M,28.000,M,1.0,0000*74
$GNGST,081023.00,0.012,0.015,0.011,32.1,0.011,0.013,0.021*77
$GNRMC,081023.00,A,2756.92320,S,02449.88536,E,3.50,0.0,120826,,,R*78
$GNGGA,081023.20,2756.92301,S,02449.88536,E,4,18,0.7,94.053,M,28.000,M,1.0,0000*74
$GNGST,081023.20,0.012,0.015,0.011,32.1,0.011,0.013,0.021*75
$GNRMC,081023.20,A,2756.92301,S,02449.88536,E,3.50,0.0,120826,,,R*79
$GNGGA,081023.40,2756.92281,S,02449.88536,E,4,18,0.7,94.054,M,28.000,M,1.0,0000*7C
$GNGST,081023.40,0.012,0.015,0.011,32.1,0.011,0.013,0.021*73
$GNRMC,081023.40,A,2756.92281,S,02449.88536,E,3.50,0.0,120826,,,R*76
$GNGGA,081023.60,2756.92262,S,02449.88536,E,4,18,0.7,94.055,M,28.000,M,1.0,0000*72
$GNGST,081023.60,0.012,0.015,0.011,32.1,0.011,0.013,0.021*71
$GNRMC,081023.60,A,2756.92262,S,02449.88536,E,3.50,0.0,120826,,,R*79
$GNGGA,081023.80,2756.92242,S,02449.88536,E,4,18,0.7,94.056,M,28.000,M,1.0,0000*7D
$GNGST,081023.80,0.012,0.015,0.011,32.1,0.011,0.013,0.021*7F
$GNRMC,081023.80,A,2756.92242,S,02449.88536,E,3.50,0.0,120826,,,R*75
$GNGGA,081024.00,2756.92223,S,02449.88536,E,4,18,0.7,94.056,M,28.000,M,1.0,0000*75
$GNGST,081024.00,0.012,0.015,0.011,32.1,0.011,0.013,0.021*70
$GNRMC,081024.00,A,2756.92223,S,02449.88536,E,3.50,0.0,120826,,,R*7D
$GNGGA,081024.20,2756.92203,S,02449.88536,E,4,18,0.7,94.057,M,28.000,M,1.0,0000*74
$GNGST,081024.20,0.012,0.015,0.011,32.1,0.011,0.013,0.021*72
$GNRMC,081024.20,A,2756.92203,S,02449.88536,E,3.50,0.0,120826,,,R*7D
$GNGGA,081024.40,2756.92184,S,02449.88536,E,4,18,0.7,94.058,M,28.000,M,1.0,0000*71
$GNGST,081024.40,0.012,0.015,0.011,32.1,0.011,0.013,0.021*74
$GNRMC,081024.40,A,2756.92184,S,02449.88536,E,3.50,0.0,120826,,,R*77
$GNGGA,081024.60,2756.92164,S,02449.88536,E,4,18,0.7,94.059,M,28.000,M,1.0,0000*7C
$GNGST,081024.60,0.012,0.015,0.011,32.1,0.011,0.013,0.021*76
$GNRMC,081024.60,A,2756.92164,S,02449.88536,E,3.50,0.0,120826,,,R*7B
$GNGGA,081024.80,2756.92145,S,02449.88536,E,4,18,0.7,94.060,M,28.000,M,1.0,0000*7B
$GNGST,081024.80,0.012,0.015,0.011,32.1,0.011,0.013,0.021*78
$GNRMC,081024.80,A,2756.92145,S,02449.88536,E,3.50,0.0,120826,,,R*76
$GNGGA,081025.00,2756.92126,S,02449.88536,E,4,18,0.7,94.061,M,28.000,M,1.0,0000*76
$GNGST,081025.00,0.012,0.015,0.011,32.1,0.011,0.013,0.021*71
$GNRMC,081025.00,A,2756.92126,S,02449.88536,E,3.50,0.0,120826,,,R*7A
$GNGGA,081025.20,2756.92106,S,02449.88536,E,4,18,0.7,94.062,M,28.000,M,1.0,0000*75
$GNGST,081025.20,0.012,0.015,0.011,32.1,0.011,0.013,0.021*73
$GNRMC,081025.20,A,2756.92106,S,02449.88536,E,3.50,0.0,120826,,,R*7A
$GNGGA,081025.40,2756.92087,S,02449.88536,E,4,18,0.7,94.063,M,28.000,M,1.0,0000*7A
$GNGST,081025.40,0.012,0.015,0.011,32.1,0.011,0.013,0.021*75
$GNRMC,081025.40,A,2756.92087,S,02449.88536,E,3.50,0.0,120826,,,R*74
$GNGGA,081025.60,2756.92067,S,02449.88536,E,4,18,0.7,94.064,M,28.000,M,1.0,0000*71
$GNGST,081025.60,0.012,0.015,0.011,32.1,0.011,0.013,0.021*77
$GNRMC,081025.60,A,2756.92067,S,02449.88536,E,3.50,0.0,120826,,,R*78
$GNGGA,081025.80,2756.92048,S,02449.88536,E,4,18,0.7,94.065,M,28.000,M,1.0,0000*73
$GNGST,081025.80,0.012,0.015,0.011,32.1,0.011,0.013,0.021*79
$GNRMC,081025.80,A,2756.92048,S,02449.88536,E,3.50,0.0,120826,,,R*7B
$GNGGA,081026.00,2756.92028,S,02449.88536,E,4,18,0.7,94.066,M,28.000,M,1.0,0000*7D
$GNGST,081026.00,0.012,0.015,0.011,32.1,0.011,0.013,0.021*72
$GNRMC,081026.00,A,2756.92028,S,02449.88536,E,3.50,0.0,120826,,,R*76
$GNGGA,081026.20,2756.92009,S,02449.88536,E,4,18,0.7,94.067,M,28.000,M,1.0,0000*7D
$GNGST,081026.20,0.012,0.015,0.011,32.1,0.011,0.013,0.021*70
$GNRMC,081026.20,A,2756.92009,S,02449.88536,E,3.50,0.0,120826,,,R*77
$GNGGA,081026.40,2756.91989,S,02449.88536,E,4,18,0.7,94.068,M,28.000,M,1.0,0000*76
$GNGST,081026.40,0.012,0.015,0.011,32.1,0.011,0.013,0.021*76
$GNRMC,081026.40,A,2756.91989,S,02449.88536,E,3.50,0.0,120826,,,R*73
$GNGGA,081026.60,2756.91970,S,02449.88536,E,4,18,0.7,94.069,M,28.000,M,1.0,0000*73
$GNGST,081026.60,0.012,0.015,0.011,32.1,0.011,0.013,0.021*74
$GNRMC,081026.60,A,2756.91970,S,02449.88536,E,3.50,0.0,120826,,,R*77
$GNGGA,081026.80,2756.91950,S,02449.88536,E,4,18,0.7,94.070,M,28.000,M,1.0,0000*77
$GNGST,081026.80,0.012,0.015,0.011,32.1,0.011,0.013,0.021*7A
$GNRMC,081026.80,A,2756.91950,S,02449.88536,E,3.50,0.0,120826,,,R*7B
$GNGGA,081027.00,2756.91931,S,02449.88536,E,4,18,0.7,94.071,M,28.000,M,1.0,0000*78
$GNGST,081027.00,0.012,0.015,0.011,32.1,0.011,0.013,0.021*73
$GNRMC,081027.00,A,2756.91931,S,02449.88536,E,3.50,0.0,120826,,,R*75
$GNGGA,081027.20,2756.91911,S,02449.88536,E,4,18,0.7,94.072,M,28.000,M,1.0,0000*7B
$GNGST,081027.20,0.012,0.015,0.011,32.1,0.011,0.013,0.021*71
$GNRMC,081027.20,A,2756.91911,S,02449.88536,E,3.50,0.0,120826,,,R*75
$GNGGA,081027.40,2756.91892,S,02449.88536,E,4,18,0.7,94.073,M,28.000,M,1.0,0000*76
$GNGST,081027.40,0.012,0.015,0.011,32.1,0.011,0.013,0.021*77
$GNRMC,081027.40,A,2756.91892,S,02449.88536,E,3.50,0.0,120826,,,R*79
$GNGGA,081027.60,2756.91872,S,02449.88536,E,4,18,0.7,94.074,M,28.000,M,1.0,0000*7D
$GNGST,081027.60,0.012,0.015,0.011,32.1,0.011,0.013,0.021*75
$GNRMC,081027.60,A,2756.91872,S,02449.88536,E,3.50,0.0,120826,,,R*75
$GNGGA,081027.80,2756.91853,S,02449.88536,E,4,18,0.7,94.075,M,28.000,M,1.0,0000*71
$GNGST,081027.80,0.012,0.015,0.011,32.1,0.011,0.013,0.021*7B
$GNRMC,081027.80,A,2756.91853,S,02449.88536,E,3.50,0.0,120826,,,R*78
$GNGGA,081028.00,2756.91833,S,02449.88536,E,4,18,0.7,94.076,M,28.000,M,1.0,0000*73
$GNGST,081028.00,0.012,0.015,0.011,32.1,0.011,0.013,0.021*7C
$GNRMC,081028.00,A,2756.91833,S,02449.88536,E,3.50,0.0,120826,,,R*79
$GNGGA,081028.20,2756.91814,S,02449.88536,E,4,18,0.7,94.077,M,28.000,M,1.0,0000*75
$GNGST,081028.20,0.012,0.015,0.011,32.1,0.011,0.013,0.021*7E
$GNRMC,081028.20,A,2756.91814,S,02449.88536,E,3.50,0.0,120826,,,R*7E
$GNGGA,081028.40,2756.91794,S,02449.88536,E,4,18,0.7,94.078,M,28.000,M,1.0,0000*7B
$GNGST,081028.40,0.012,0.015,0.011,32.1,0.011,0.013,0.021*78
$GNRMC,081028.40,A,2756.91794,S,02449.88536,E,3.50,0.0,120826,,,R*7F
$GNGGA,081028.60,2756.91805,S,02449.88554,E,4,18,0.7,94.077,M,28.000,M,1.0,0000*75
$GNGST,081028.60,0.012,0.015,0.011,32.1,0.011,0.013,0.021*7A
$GNRMC,081028.60,A,2756.91805,S,02449.88554,E,3.50,123.7,120826,,,R*79
$GNGGA,081028.80,2756.91816,S,02449.88573,E,4,18,0.7,94.077,M,28.000,M,1.0,0000*7C
$GNGST,081028.80,0.012,0.015,0.011,32.1,0.011,0.013,0.021*74
$GNRMC,081028.80,A,2756.91816,S,02449.88573,E,3.50,123.7,120826,,,R*70
$GNGGA,081029.00,2756.91827,S,02449.88591,E,4,18,0.7,94.077,M,28.000,M,1.0,0000*7B
$GNGST,081029.00,0.012,0.015,0.011,32.1,0.011,0.013,0.021*7D
$GNRMC,081029.00,A,2756.91827,S,02449.88591,E,3.50,123.7,120826,,,R*77
$GNGGA,081029.20,2756.91838,S,02449.88610,E,4,18,0.7,94.077,M,28.000,M,1.0,0000*7D
$GNGST,081029.20,0.012,0.015,0.011,32.1,0.011,0.013,0.021*7F
$GNRMC,081029.20,A,2756.91838,S,02449.88610,E,3.50,123.7,120826,,,R*71
$GNGGA,081029.40,2756.91849,S,02449.88628,E,4,18,0.7,94.076,M,28.000,M,1.0,0000*77
$GNGST,081029.40,0.012,0.015,0.011,32.1,0.011,0.013,0.021*79
$GNRMC,081029.40,A,2756.91849,S,02449.88628,E,3.50,123.7,120826,,,R*7A
$GNGGA,081029.60,2756.91860,S,02449.88647,E,4,18,0.7,94.076,M,28.000,M,1.0,0000*77
$GNGST,081029.60,0.012,0.015,0.011,32.1,0.011,0.013,0.021*7B
$GNRMC,081029.60,A,2756.91860,S,02449.88647,E,3.50,123.7,120826,,,R*7A
$GNGGA,081029.80,2756.91871,S,02449.88665,E,4,18,0.7,94.076,M,28.000,M,1.0,0000*79
$GNGST,081029.80,0.012,0.015,0.011,32.1,0.011,0.013,0.021*75
$GNRMC,081029.80,A,2756.91871,S,02449.88665,E,3.50,123.7,120826,,,R*74
$GNGGA,081030.00,2756.91882,S,02449.88684,E,4,18,0.7,94.076,M,28.000,M,1.0,0000*7A
$GNGST,081030.00,0.012,0.015,0.011,32.1,0.011,0.013,0.021*75
$GNRMC,081030.00,A,2756.91882,S,02449.88684,E,3.50,123.7,120826,,,R*77
$GNGGA,081030.20,2756.91893,S,02449.88702,E,4,18,0.7,94.075,M,28.000,M,1.0,0000*74
$GNGST,081030.20,0.012,0.015,0.011,32.1,0.011,0.013,0.021*77
$GNRMC,081030.20,A,2756.91893,S,02449.88702,E,3.50,123.7,120826,,,R*7A
$GNGGA,081030.40,2756.91903,S,02449.88721,E,4,18,0.7,94.075,M,28.000,M,1.0,0000*7B
$GNGST,081030.40,0.012,0.015,0.011,32.1,0.011,0.013,0.021*71
$GNRMC,081030.40,A,2756.91903,S,02449.88721,E,3.50,123.7,120826,,,R*75
$GNGGA,081030.60,2756.91914,S,02449.88739,E,4,18,0.7,94.075,M,28.000,M,1.0,0000*76
$GNGST,081030.60,0.012,0.015,0.011,32.1,0.011,0.013,0.021*73
$GNRMC,081030.60,A,2756.91914,S,02449.88739,E,3.50,123.7,120826,,,R*78
$GNGGA,081030.80,2756.91925,S,02449.88758,E,4,18,0.7,94.075,M,28.000,M,1.0,0000*7D
$GNGST,081030.80,0.012,0.015,0.011,32.1,0.011,0.013,0.021*7D
$GNRMC,081030.80,A,2756.91925,S,02449.88758,E,3.50,123.7,120826,,,R*73
$GNGGA,081031.00,2756.91936,S,02449.88776,E,4,18,0.7,94.074,M,28.000,M,1.0,0000*7B
$GNGST,081031.00,0.012,0.015,0.011,32.1,0.011,0.013,0.021*74
$GNRMC,081031.00,A,2756.91936,S,02449.88776,E,3.50,123.7,120826,,,R*74
$GNGGA,081031.20,2756.91947,S,02449.88795,E,4,18,0.7,94.074,M,28.000,M,1.0,0000*72
$GNGST,081031.20,0.012,0.015,0.011,32.1,0.011,0.013,0.021*76
$GNRMC,081031.20,A,2756.91947,S,02449.88795,E,3.50,123.7,120826,,,R*7D
$GNGGA,081031.40,2756.91958,S,02449.88813,E,4,18,0.7,94.074,M,28.000,M,1.0,0000*7B
$GNGST,081031.40,0.012,0.015,0.011,32.1,0.011,0.013,0.021*70
$GNRMC,081031.40,A,2756.91958,S,02449.88813,E,3.50,123.7,120826,,,R*74
$GNGGA,081031.60,2756.91969,S,02449.88832,E,4,18,0.7,94.074,M,28.000,M,1.0,0000*78
$GNGST,081031.60,0.012,0.015,0.011,32.1,0.011,0.013,0.021*72
$GNRMC,081031.60,A,2756.91969,S,02449.88832,E,3.50,123.7,120826,,,R*77
$GNGGA,081031.80,2756.91980,S,02449.88850,E,4,18,0.7,94.074,M,28.000,M,1.0,0000*75
$GNGST,081031.80,0.012,0.015,0.011,32.1,0.011,0.013,0.021*7C
$GNRMC,081031.80,A,2756.91980,S,02449.88850,E,3.50,123.7,120826,,,R*7A
$GNGGA,081032.00,2756.91991,S,02449.88869,E,4,18,0.7,94.073,M,28.000,M,1.0,0000*73
$GNGST,081032.00,0.012,0.015,0.011,32.1,0.011,0.013,0.021*77
$GNRMC,081032.00,A,2756.91991,S,02449.88869,E,3.50,123.7,120826,,,R*7B
$GNGGA,081032.20,2756.92002,S,02449.88887,E,4,18,0.7,94.073,M,28.000,M,1.0,0000*71
$GNGST,081032.20,0.012,0.015,0.011,32.1,0.011,0.013,0.021*75
$GNRMC,081032.20,A,2756.92002,S,02449.88887,E,3.50,123.7,120826,,,R*79
$GNGGA,081032.40,2756.92013,S,02449.88905,E,4,18,0.7,94.073,M,28.000,M,1.0,0000*7C
$GNGST,081032.40,0.012,0.015,0.011,32.1,0.011,0.013,0.021*73
$GNRMC,081032.40,A,2756.92013,S,02449.88905,E,3.50,123.7,120826,,,R*74
$GNGGA,081032.60,2756.92024,S,02449.88924,E,4,18,0.7,94.073,M,28.000,M,1.0,0000*79
$GNGST,081032.60,0.012,0.015,0.011,32.1,0.011,0.013,0.021*71
$GNRMC,081032.60,A,2756.92024,S,02449.88924,E,3.50,123.7,120826,,,R*71
$GNGGA,081032.80,2756.92035,S,02449.88942,E,4,18,0.7,94.073,M,28.000,M,1.0,0000*77
$GNGST,081032.80,0.012,0.015,0.011,32.1,0.011,0.013,0.021*7F
$GNRMC,081032.80,A,2756.92035,S,02449.88942,E,3.50,123.7,120826,,,R*7F
$GNGGA,081033.00,2756.92045,S,02449.88961,E,4,18,0.7,94.073,M,28.000,M,1.0,0000*78
$GNGST,081033.00,0.012,0.015,0.011,32.1,0.011,0.013,0.021*76
$GNRMC,081033.00,A,2756.92045,S,02449.88961,E,3.50,123.7,120826,,,R*70
$GNGGA,081033.20,2756.92056,S,02449.88979,E,4,18,0.7,94.072,M,28.000,M,1.0,0000*70
$GNGST,081033.20,0.012,0.015,0.011,32.1,0.011,0.013,0.021*74
$GNRMC,081033.20,A,2756.92056,S,02449.88979,E,3.50,123.7,120826,,,R*79
$GNGGA,081033.40,2756.92067,S,02449.88998,E,4,18,0.7,94.072,M,28.000,M,1.0,0000*7B
$GNGST,081033.40,0.012,0.015,0.011,32.1,0.011,0.013,0.021*72
$GNRMC,081033.40,A,2756.92067,S,02449.88998,E,3.50,123.7,120826,,,R*72
$GNGGA,081033.60,2756.92078,S,02449.89016,E,4,18,0.7,94.072,M,28.000,M,1.0,0000*79
$GNGST,081033.60,0.012,0.015,0.011,32.1,0.011,0.013,0.021*70
$GNRMC,081033.60,A,2756.92078,S,02449.89016,E,3.50,123.7,120826,,,R*70
$GNGGA,081033.80,2756.92089,S,02449.89035,E,4,18,0.7,94.072,M,28.000,M,1.0,0000*78
$GNGST,081033.80,0.012,0.015,0.011,32.1,0.011,0.013,0.021*7E
$GNRMC,081033.80,A,2756.92089,S,02449.89035,E,3.50,123.7,120826,,,R*71
$GNGGA,081034.00,2756.92100,S,02449.89053,E,4,18,0.7,94.072,M,28.000,M,1.0,0000*77
$GNGST,081034.00,0.012,0.015,0.011,32.1,0.011,0.013,0.021*71
$GNRMC,081034.00,A,2756.92100,S,02449.89053,E,3.50,123.7,120826,,,R*7E
$GNGGA,081034.20,2756.92111,S,02449.89072,E,4,18,0.7,94.072,M,28.000,M,1.0,0000*76
$GNGST,081034.20,0.012,0.015,0.011,32.1,0.011,0.013,0.021*73
$GNRMC,081034.20,A,2756.92111,S,02449.89072,E,3.50,123.7,120826,,,R*7F
$GNGGA,081034.40,2756.92122,S,02449.89090,E,4,18,0.7,94.071,M,28.000,M,1.0,0000*7F
$GNGST,081034.40,0.012,0.015,0.011,32.1,0.011,0.013,0.021*75
$GNRMC,081034.40,A,2756.92122,S,02449.89090,E,3.50,123.7,120826,,,R*75
$GNGGA,081034.60,2756.92133,S,02449.89109,E,4,18,0.7,94.071,M,28.000,M,1.0,0000*7C
$GNGST,081034.60,0.012,0.015,0.011,32.1,0.011,0.013,0.021*77
$GNRMC,081034.60,A,2756.92133,S,02449.89109,E,3.50,123.7,120826,,,R*76
$GNGGA,081034.80,2756.92144,S,02449.89127,E,4,18,0.7,94.071,M,28.000,M,1.0,0000*7E
$GNGST,081034.80,0.012,0.015,0.011,32.1,0.011,0.013,0.021*79
$GNRMC,081034.80,A,2756.92144,S,02449.89127,E,3.50,123.7,120826,,,R*74
$GNGGA,081035.00,2756.92155,S,02449.89146,E,4,18,0.7,94.071,M,28.000,M,1.0,0000*70
$GNGST,081035.00,0.012,0.015,0.011,32.1,0.011,0.013,0.021*70
$GNRMC,081035.00,A,2756.92155,S,02449.89146,E,3.50,123.7,120826,,,R*7A
$GNGGA,081035.20,2756.92166,S,02449.89164,E,4,18,0.7,94.071,M,28.000,M,1.0,0000*72
$GNGST,081035.20,0.012,0.015,0.011,32.1,0.011,0.013,0.021*72
$GNRMC,081035.20,A,2756.92166,S,02449.89164,E,3.50,123.7,120826,,,R*78
$GNGGA,081035.40,2756.92177,S,02449.89183,E,4,18,0.7,94.071,M,28.000,M,1.0,0000*7D
$GNGST,081035.40,0.012,0.015,0.011,32.1,0.011,0.013,0.021*74
$GNRMC,081035.40,A,2756.92177,S,02449.89183,E,3.50,123.7,120826,,,R*77
$GNGGA,081035.60,2756.92188,S,02449.89201,E,4,18,0.7,94.071,M,28.000,M,1.0,0000*76
$GNGST,081035.60,0.012,0.015,0.011,32.1,0.011,0.013,0.021*76
$GNRMC,081035.60,A,2756.92188,S,02449.89201,E,3.50,123.7,120826,,,R*7C
$GNGGA,081035.80,2756.92198,S,02449.89220,E,4,18,0.7,94.071,M,28.000,M,1.0,0000*7A
$GNGST,081035.80,0.012,0.015,0.011,32.1,0.011,0.013,0.021*78
$GNRMC,081035.80,A,2756.92198,S,02449.89220,E,3.50,123.7,120826,,,R*70
$GNGGA,081036.00,2756.92209,S,02449.89238,E,4,18,0.7,94.070,M,28.000,M,1.0,0000*72
$GNGST,081036.00,0.012,0.015,0.011,32.1,0.011,0.013,0.021*73
$GNRMC,081036.00,A,2756.92209,S,02449.89238,E,3.50,123.7,120826,,,R*79
$GNGGA,081036.20,2756.92220,S,02449.89257,E,4,18,0.7,94.070,M,28.000,M,1.0,0000*72
$GNGST,081036.20,0.012,0.015,0.011,32.1,0.011,0.013,0.021*71
$GNRMC,081036.20,A,2756.92220,S,02449.89257,E,3.50,123.7,120826,,,R*79
$GNGGA,081036.40,2756.92231,S,02449.89275,E,4,18,0.7,94.070,M,28.000,M,1.0,0000*74
$GNGST,081036.40,0.012,0.015,0.011,32.1,0.011,0.013,0.021*77
$GNRMC,081036.40,A,2756.92231,S,02449.89275,E,3.50,123.7,120826,,,R*7F
$GNGGA,081036.60,2756.92242,S,02449.89293,E,4,18,0.7,94.070,M,28.000,M,1.0,0000*7A
$GNGST,081036.60,0.012,0.015,0.011,32.1,0.011,0.013,0.021*75
$GNRMC,081036.60,A,2756.92242,S,02449.89293,E,3.50,123.7,120826,,,R*71
$GNGGA,081036.80,2756.92253,S,02449.89312,E,4,18,0.7,94.070,M,28.000,M,1.0,0000*7C
$GNGST,081036.80,0.012,0.015,0.011,32.1,0.011,0.013,0.021*7B
$GNRMC,081036.80,A,2756.92253,S,02449.89312,E,3.50,123.7,120826,,,R*77
$GNGGA,081037.00,2756.92264,S,02449.89330,E,4,18,0.7,94.070,M,28.000,M,1.0,0000*71
$GNGST,081037.00,0.012,0.015,0.011,32.1,0.011,0.013,0.021*72
$GNRMC,081037.00,A,2756.92264,S,02449.89330,E,3.50,123.7,120826,,,R*7A
$GNGGA,081037.20,2756.92275,S,02449.89349,E,4,18,0.7,94.070,M,28.000,M,1.0,0000*7D
$GNGST,081037.20,0.012,0.015,0.011,32.1,0.011,0.013,0.021*70
$GNRMC,081037.20,A,2756.92275,S,02449.89349,E,3.50,123.7,120826,,,R*76
$GNGGA,081037.40,2756.92286,S,02449.89367,E,4,18,0.7,94.070,M,28.000,M,1.0,0000*7B
$GNGST,081037.40,0.012,0.015,0.011,32.1,0.011,0.013,0.021*76
$GNRMC,081037.40,A,2756.92286,S,02449.89367,E,3.50,123.7,120826,,,R*70
$GNGGA,081037.60,2756.92297,S,02449.89386,E,4,18,0.7,94.070,M,28.000,M,1.0,0000*76
$GNGST,081037.60,0.012,0.015,0.011,32.1,0.011,0.013,0.021*74
$GNRMC,081037.60,A,2756.92297,S,02449.89386,E,3.50,123.7,120826,,,R*7D
$GNGGA,081037.80,2756.92308,S,02449.89404,E,4,18,0.7,94.070,M,28.000,M,1.0,0000*72
$GNGST,081037.80,0.012,0.015,0.011,32.1,0.011,0.013,0.021*7A
$GNRMC,081037.80,A,2756.92308,S,02449.89404,E,3.50,123.7,120826,,,R*79
$GNGGA,081038.00,2756.92319,S,02449.89423,E,4,18,0.7,94.069,M,28.000,M,1.0,0000*78
$GNGST,081038.00,0.012,0.015,0.011,32.1,0.011,0.013,0.021*7D
$GNRMC,081038.00,A,2756.92319,S,02449.89423,E,3.50,123.7,120826,,,R*7B
$GNGGA,081038.20,2756.92330,S,02449.89441,E,4,18,0.7,94.069,M,28.000,M,1.0,0000*75
$GNGST,081038.20,0.012,0.015,0.011,32.1,0.011,0.013,0.021*7F
$GNRMC,081038.20,A,2756.92330,S,02449.89441,E,3.50,123.7,120826,,,R*76
$GNGGA,081038.40,2756.92341,S,02449.89460,E,4,18,0.7,94.069,M,28.000,M,1.0,0000*76
$GNGST,081038.40,0.012,0.015,0.011,32.1,0.011,0.013,0.021*79
$GNRMC,081038.40,A,2756.92341,S,02449.89460,E,3.50,123.7,120826,,,R*75
$GNGGA,081038.60,2756.92351,S,02449.89478,E,4,18,0.7,94.069,M,28.000,M,1.0,0000*7C
$GNGST,081038.60,0.012,0.015,0.011,32.1,0.011,0.013,0.021*7B
$GNRMC,081038.60,A,2756.92351,S,02449.89478,E,3.50,123.7,120826,,,R*7F
$GNGGA,081038.80,2756.92362,S,02449.89497,E,4,18,0.7,94.069,M,28.000,M,1.0,0000*73
$GNGST,081038.80,0.012,0.015,0.011,32.1,0.011,0.013,0.021*75
$GNRMC,081038.80,A,2756.92362,S,02449.89497,E,3.50,123.7,120826,,,R*70
$GNGGA,081039.00,2756.92373,S,02449.89515,E,4,18,0.7,94.069,M,28.000,M,1.0,0000*71
$GNGST,081039.00,0.012,0.015,0.011,32.1,0.011,0.013,0.021*7C
$GNRMC,081039.00,A,2756.92373,S,02449.89515,E,3.50,123.7,120826,,,R*72
$GNGGA,081039.20,2756.92384,S,02449.89534,E,4,18,0.7,94.069,M,28.000,M,1.0,0000*78
$GNGST,081039.20,0.012,0.015,0.011,32.1,0.011,0.013,0.021*7E
$GNRMC,081039.20,A,2756.92384,S,02449.89534,E,3.50,123.7,120826,,,R*7B
$GNGGA,081039.40,2756.92395,S,02449.89552,E,4,18,0.7,94.069,M,28.000,M,1.0,0000*7E
$GNGST,081039.40,0.012,0.015,0.011,32.1,0.011,0.013,0.021*78
$GNRMC,081039.40,A,2756.92395,S,02449.89552,E,3.50,123.7,120826,,,R*7D
$GNGGA,081039.60,2756.92406,S,02449.89571,E,4,18,0.7,94.069,M,28.000,M,1.0,0000*70
$GNGST,081039.60,0.012,0.015,0.011,32.1,0.011,0.013,0.021*7A
$GNRMC,081039.60,A,2756.92406,S,02449.89571,E,3.50,123.7,120826,,,R*73
$GNGGA,081039.80,2756.92417,S,02449.89589,E,4,18,0.7,94.069,M,28.000,M,1.0,0000*79
$GNGST,081039.80,0.012,0.015,0.011,32.1,0.011,0.013,0.021*74
$GNRMC,081039.80,A,2756.92417,S,02449.89589,E,3.50,123.7,120826,,,R*7A
$GNGGA,081040.00,2756.92428,S,02449.89608,E,4,18,0.7,94.069,M,28.000,M,1.0,0000*79
$GNGST,081040.00,0.012,0.015,0.011,32.1,0.011,0.013,0.021*72
$GNRMC,081040.00,A,2756.92428,S,02449.89608,E,3.50,123.7,120826,,,R*7A
$GNGGA,081040.20,2756.92439,S,02449.89626,E,4,18,0.7,94.069,M,28.000,M,1.0,0000*77
$GNGST,081040.20,0.012,0.015,0.011,32.1,0.011,0.013,0.021*70
$GNRMC,081040.20,A,2756.92439,S,02449.89626,E,3.50,123.7,120826,,,R*74
$GNGGA,081040.40,2756.92450,S,02449.89645,E,4,18,0.7,94.069,M,28.000,M,1.0,0000*7B
$GNGST,081040.40,0.012,0.015,0.011,32.1,0.011,0.013,0.021*76
$GNRMC,081040.40,A,2756.92450,S,02449.89645,E,3.50,123.7,120826,,,R*78
$GNGGA,081040.60,2756.92461,S,02449.89663,E,4,18,0.7,94.069,M,28.000,M,1.0,0000*7F
$GNGST,081040.60,0.012,0.015,0.011,32.1,0.011,0.013,0.021*74
$GNRMC,081040.60,A,2756.92461,S,02449.89663,E,3.50,123.7,120826,,,R*7C
$GNGGA,081040.80,2756.92472,S,02449.89681,E,4,18,0.7,94.069,M,28.000,M,1.0,0000*7F
$GNGST,081040.80,0.012,0.015,0.011,32.1,0.011,0.013,0.021*7A
$GNRMC,081040.80,A,2756.92472,S,02449.89681,E,3.50,123.7,120826,,,R*7C
$GNGGA,081041.00,2756.92483,S,02449.89700,E,4,18,0.7,94.069,M,28.000,M,1.0,0000*70
$GNGST,081041.00,0.012,0.015,0.011,32.1,0.011,0.013,0.021*73
$GNRMC,081041.00,A,2756.92483,S,02449.89700,E,3.50,123.7,120826,,,R*73
$GNGGA,081041.20,2756.92493,S,02449.89718,E,4,18,0.7,94.069,M,28.000,M,1.0,0000*7A
$GNGST,081041.20,0.012,0.015,0.011,32.1,0.011,0.013,0.021*71
$GNRMC,081041.20,A,2756.92493,S,02449.89718,E,3.50,123.7,120826,,,R*79
$GNGGA,081041.40,2756.92504,S,02449.89737,E,4,18,0.7,94.069,M,28.000,M,1.0,0000*7E
$GNGST,081041.40,0.012,0.015,0.011,32.1,0.011,0.013,0.021*77
$GNRMC,081041.40,A,2756.92504,S,02449.89737,E,3.50,123.7,120826,,,R*7D
$GNGGA,081041.60,2756.92515,S,02449.89755,E,4,18,0.7,94.069,M,28.000,M,1.0,0000*78
$GNGST,081041.60,0.012,0.015,0.011,32.1,0.011,0.013,0.021*75
$GNRMC,081041.60,A,2756.92515,S,02449.89755,E,3.50,123.7,120826,,,R*7B
$GNGGA,081041.80,2756.92535,S,02449.89755,E,4,18,0.7,94.068,M,28.000,M,1.0,0000*75
$GNGST,081041.80,0.012,0.015,0.011,32.1,0.011,0.013,0.021*7B
$GNRMC,081041.80,A,2756.92535,S,02449.89755,E,3.50,180.0,120826,,,R*79
$GNGGA,081042.00,2756.92554,S,02449.89755,E,4,18,0.7,94.067,M,28.000,M,1.0,0000*76
$GNGST,081042.00,0.012,0.015,0.011,32.1,0.011,0.013,0.021*70
$GNRMC,081042.00,A,2756.92554,S,02449.89755,E,3.50,180.0,120826,,,R*75
$GNGGA,081042.20,2756.92574,S,02449.89755,E,4,18,0.7,94.066,M,28.000,M,1.0,0000*77
$GNGST,081042.20,0.012,0.015,0.011,32.1,0.011,0.013,0.021*72
$GNRMC,081042.20,A,2756.92574,S,02449.89755,E,3.50,180.0,120826,,,R*75
$GNGGA,081042.40,2756.92593,S,02449.89755,E,4,18,0.7,94.066,M,28.000,M,1.0,0000*78
$GNGST,081042.40,0.012,0.015,0.011,32.1,0.011,0.013,0.021*74
$GNRMC,081042.40,A,2756.92593,S,02449.89755,E,3.50,180.0,120826,,,R*7A
$GNGGA,081042.60,2756.92613,S,02449.89755,E,4,18,0.7,94.065,M,28.000,M,1.0,0000*72
$GNGST,081042.60,0.012,0.015,0.011,32.1,0.011,0.013,0.021*76
$GNRMC,081042.60,A,2756.92613,S,02449.89755,E,3.50,180.0,120826,,,R*73
$GNGGA,081042.80,2756.92632,S,02449.89755,E,4,18,0.7,94.064,M,28.000,M,1.0,0000*7E
$GNGST,081042.80,0.012,0.015,0.011,32.1,0.011,0.013,0.021*78
$GNRMC,081042.80,A,2756.92632,S,02449.89755,E,3.50,180.0,120826,,,R*7E
$GNGGA,081043.00,2756.92652,S,02449.89755,E,4,18,0.7,94.063,M,28.000,M,1.0,0000*76
$GNGST,081043.00,0.012,0.015,0.011,32.1,0.011,0.013,0.021*71
$GNRMC,081043.00,A,2756.92652,S,02449.89755,E,3.50,180.0,120826,,,R*71
$GNGGA,081043.20,2756.92671,S,02449.89755,E,4,18,0.7,94.062,M,28.000,M,1.0,0000*74
$GNGST,081043.20,0.012,0.015,0.011,32.1,0.011,0.013,0.021*73
$GNRMC,081043.20,A,2756.92671,S,02449.89755,E,3.50,180.0,120826,,,R*72
$GNGGA,081043.40,2756.92691,S,02449.89755,E,4,18,0.7,94.061,M,28.000,M,1.0,0000*7F
$GNGST,081043.40,0.012,0.015,0.011,32.1,0.011,0.013,0.021*75
$GNRMC,081043.40,A,2756.92691,S,02449.89755,E,3.50,180.0,120826,,,R*7A
$GNGGA,081043.60,2756.92710,S,02449.89755,E,4,18,0.7,94.060,M,28.000,M,1.0,0000*74
$GNGST,081043.60,0.012,0.015,0.011,32.1,0.011,0.013,0.021*77
$GNRMC,081043.60,A,2756.92710,S,02449.89755,E,3.50,180.0,120826,,,R*70
$GNGGA,081043.80,2756.92730,S,02449.89755,E,4,18,0.7,94.060,M,28.000,M,1.0,0000*78
$GNGST,081043.80,0.012,0.015,0.011,32.1,0.011,0.013,0.021*79
$GNRMC,081043.80,A,2756.92730,S,02449.89755,E,3.50,180.0,120826,,,R*7C
$GNGGA,081044.00,2756.92749,S,02449.89755,E,4,18,0.7,94.059,M,28.000,M,1.0,0000*73
$GNGST,081044.00,0.012,0.015,0.011,32.1,0.011,0.013,0.021*76
$GNRMC,081044.00,A,2756.92749,S,02449.89755,E,3.50,180.0,120826,,,R*7D
$GNGGA,081044.20,2756.92769,S,02449.89755,E,4,18,0.7,94.058,M,28.000,M,1.0,0000*72
$GNGST,081044.20,0.012,0.015,0.011,32.1,0.011,0.013,0.021*74
$GNRMC,081044.20,A,2756.92769,S,02449.89755,E,3.50,180.0,120826,,,R*7D
$GNGGA,081044.40,2756.92788,S,02449.89755,E,4,18,0.7,94.057,M,28.000,M,1.0,0000*74
$GNGST,081044.40,0.012,0.015,0.011,32.1,0.011,0.013,0.021*72
$GNRMC,081044.40,A,2756.92788,S,02449.89755,E,3.50,180.0,120826,,,R*74
$GNGGA,081044.60,2756.92808,S,02449.89755,E,4,18,0.7,94.056,M,28.000,M,1.0,0000*70
$GNGST,081044.60,0.012,0.015,0.011,32.1,0.011,0.013,0.021*70
$GNRMC,081044.60,A,2756.92808,S,02449.89755,E,3.50,180.0,120826,,,R*71
$GNGGA,081044.80,2756.92827,S,02449.89755,E,4,18,0.7,94.055,M,28.000,M,1.0,0000*70
$GNGST,081044.80,0.012,0.015,0.011,32.1,0.011,0.013,0.021*7E
$GNRMC,081044.80,A,2756.92827,S,02449.89755,E,3.50,180.0,120826,,,R*72
$GNGGA,081045.00,2756.92847,S,02449.89755,E,4,18,0.7,94.054,M,28.000,M,1.0,0000*7E
$GNGST,081045.00,0.012,0.015,0.011,32.1,0.011,0.013,0.021*77
$GNRMC,081045.00,A,2756.92847,S,02449.89755,E,3.50,180.0,120826,,,R*7D
$GNGGA,081045.20,2756.92866,S,02449.89755,E,4,18,0.7,94.054,M,28.000,M,1.0,0000*7F
$GNGST,081045.20,0.012,0.015,0.011,32.1,0.011,0.013,0.021*75
$GNRMC,081045.20,A,2756.92866,S,02449.89755,E,3.50,180.0,120826,,,R*7C
$GNGGA,081045.40,2756.92886,S,02449.89755,E,4,18,0.7,94.053,M,28.000,M,1.0,0000*70
$GNGST,081045.40,0.012,0.015,0.011,32.1,0.011,0.013,0.021*73
$GNRMC,081045.40,A,2756.92886,S,02449.89755,E,3.50,180.0,120826,,,R*74
$GNGGA,081045.60,2756.92905,S,02449.89755,E,4,18,0.7,94.052,M,28.000,M,1.0,0000*79
$GNGST,081045.60,0.012,0.015,0.011,32.1,0.011,0.013,0.021*71
$GNRMC,081045.60,A,2756.92905,S,02449.89755,E,3.50,180.0,120826,,,R*7C
$GNGGA,081045.80,2756.92925,S,02449.89755,E,4,18,0.7,94.051,M,28.000,M,1.0,0000*76
$GNGST,081045.80,0.012,0.015,0.011,32.1,0.011,0.013,0.021*7F
$GNRMC,081045.80,A,2756.92925,S,02449.89755,E,3.50,180.0,120826,,,R*70
$GNGGA,081046.00,2756.92944,S,02449.89755,E,4,18,0.7,94.050,M,28.000,M,1.0,0000*7B
$GNGST,081046.00,0.012,0.015,0.011,32.1,0.011,0.013,0.021*74
$GNRMC,081046.00,A,2756.92944,S,02449.89755,E,3.50,180.0,120826,,,R*7C
$GNGGA,081046.20,2756.92964,S,02449.89755,E,4,18,0.7,94.049,M,28.000,M,1.0,0000*73
$GNGST,081046.20,0.012,0.015,0.011,32.1,0.011,0.013,0.021*76
$GNRMC,081046.20,A,2756.92964,S,02449.89755,E,3.50,180.0,120826,,,R*7C
$GNGGA,081046.40,2756.92983,S,02449.89755,E,4,18,0.7,94.048,M,28.000,M,1.0,0000*7D
$GNGST,081046.40,0.012,0.015,0.011,32.1,0.011,0.013,0.021*70
$GNRMC,081046.40,A,2756.92983,S,02449.89755,E,3.50,180.0,120826,,,R*73
$GNGGA,081046.60,2756.93003,S,02449.89755,E,4,18,0.7,94.048,M,28.000,M,1.0,0000*7F
$GNGST,081046.60,0.012,0.015,0.011,32.1,0.011,0.013,0.021*72
$GNRMC,081046.60,A,2756.93003,S,02449.89755,E,3.50,180.0,120826,,,R*71
$GNGGA,081046.80,2756.93022,S,02449.89755,E,4,18,0.7,94.047,M,28.000,M,1.0,0000*7D
$GNGST,081046.80,0.012,0.015,0.011,32.1,0.011,0.013,0.021*7C
$GNRMC,081046.80,A,2756.93022,S,02449.89755,E,3.50,180.0,120826,,,R*7C
$GNGGA,081047.00,2756.93042,S,02449.89755,E,4,18,0.7,94.046,M,28.000,M,1.0,0000*73
$GNGST,081047.00,0.012,0.015,0.011,32.1,0.011,0.013,0.021*75
$GNRMC,081047.00,A,2756.93042,S,02449.89755,E,3.50,180.0,120826,,,R*73
$GNGGA,081047.20,2756.93061,S,02449.89755,E,4,18,0.7,94.045,M,28.000,M,1.0,0000*73
$GNGST,081047.20,0.012,0.015,0.011,32.1,0.011,0.013,0.021*77
$GNRMC,081047.20,A,2756.93061,S,02449.89755,E,3.50,180.0,120826,,,R*70
$GNGGA,081047.40,2756.93081,S,02449.89755,E,4,18,0.7,94.044,M,28.000,M,1.0,0000*7A
$GNGST,081047.40,0.012,0.015,0.011,32.1,0.011,0.013,0.021*71
$GNRMC,081047.40,A,2756.93081,S,02449.89755,E,3.50,180.0,120826,,,R*78
$GNGGA,081047.60,2756.93100,S,02449.89755,E,4,18,0.7,94.043,M,28.000,M,1.0,0000*77
$GNGST,081047.60,0.012,0.015,0.011,32.1,0.011,0.013,0.021*73
$GNRMC,081047.60,A,2756.93100,S,02449.89755,E,3.50,180.0,120826,,,R*72
$GNGGA,081047.80,2756.93120,S,02449.89755,E,4,18,0.7,94.043,M,28.000,M,1.0,0000*7B
$GNGST,081047.80,0.012,0.015,0.011,32.1,0.011,0.013,0.021*7D
$GNRMC,081047.80,A,2756.93120,S,02449.89755,E,3.50,180.0,120826,,,R*7E
$GNGGA,081048.00,2756.93139,S,02449.89755,E,4,18,0.7,94.042,M,28.000,M,1.0,0000*75
$GNGST,081048.00,0.012,0.015,0.011,32.1,0.011,0.013,0.021*7A
$GNRMC,081048.00,A,2756.93139,S,02449.89755,E,3.50,180.0,120826,,,R*71
$GNGGA,081048.20,2756.93159,S,02449.89755,E,4,18,0.7,94.041,M,28.000,M,1.0,0000*72
$GNGST,081048.20,0.012,0.015,0.011,32.1,0.011,0.013,0.021*78
$GNRMC,081048.20,A,2756.93159,S,02449.89755,E,3.50,180.0,120826,,,R*75
$GNGGA,081048.40,2756.93178,S,02449.89755,E,4,18,0.7,94.040,M,28.000,M,1.0,0000*76
$GNGST,081048.40,0.012,0.015,0.011,32.1,0.011,0.013,0.021*7E
$GNRMC,081048.40,A,2756.93178,S,02449.89755,E,3.50,180.0,120826,,,R*70
$GNGGA,081048.60,2756.93198,S,02449.89755,E,4,18,0.7,94.039,M,28.000,M,1.0,0000*74
$GNGST,081048.60,0.012,0.015,0.011,32.1,0.011,0.013,0.021*7C
$GNRMC,081048.60,A,2756.93198,S,02449.89755,E,3.50,180.0,120826,,,R*7C
$GNGGA,081048.80,2756.93217,S,02449.89755,E,4,18,0.7,94.038,M,28.000,M,1.0,0000*7F
$GNGST,081048.80,0.012,0.015,0.011,32.1,0.011,0.013,0.021*72
$GNRMC,081048.80,A,2756.93217,S,02449.89755,E,3.50,180.0,120826,,,R*76
$GNGGA,081049.00,2756.93237,S,02449.89755,E,4,18,0.7,94.038,M,28.000,M,1.0,0000*74
$GNGST,081049.00,0.012,0.015,0.011,32.1,0.011,0.013,0.021*7B
$GNRMC,081049.00,A,2756.93237,S,02449.89755,E,3.50,180.0,120826,,,R*7D
$GNGGA,081049.20,2756.93256,S,02449.89755,E,4,18,0.7,94.037,M,28.000,M,1.0,0000*7E
$GNGST,081049.20,0.012,0.015,0.011,32.1,0.011,0.013,0.021*79
$GNRMC,081049.20,A,2756.93256,S,02449.89755,E,3.50,180.0,120826,,,R*78
$GNGGA,081049.40,2756.93275,S,02449.89755,E,4,18,0.7,94.036,M,28.000,M,1.0,0000*78
$GNGST,081049.40,0.012,0.015,0.011,32.1,0.011,0.013,0.021*7F
$GNRMC,081049.40,A,2756.93275,S,02449.89755,E,3.50,180.0,120826,,,R*7F
$GNGGA,081049.60,2756.93295,S,02449.89755,E,4,18,0.7,94.035,M,28.000,M,1.0,0000*77
$GNGST,081049.60,0.012,0.015,0.011,32.1,0.011,0.013,0.021*7D
$GNRMC,081049.60,A,2756.93295,S,02449.89755,E,3.50,180.0,120826,,,R*73
$GNGGA,081049.80,2756.93314,S,02449.89755,E,4,18,0.7,94.034,M,28.000,M,1.0,0000*70
$GNGST,081049.80,0.012,0.015,0.011,32.1,0.011,0.013,0.021*73
$GNRMC,081049.80,A,2756.93314,S,02449.89755,E,3.50,180.0,120826,,,R*75
$GNGGA,081050.00,2756.93334,S,02449.89755,E,4,18,0.7,94.034,M,28.000,M,1.0,0000*72
$GNGST,081050.00,0.012,0.015,0.011,32.1,0.011,0.013,0.021*73
$GNRMC,081050.00,A,2756.93334,S,02449.89755,E,3.50,180.0,120826,,,R*77
$GNGGA,081050.20,2756.93353,S,02449.89755,E,4,18,0.7,94.033,M,28.000,M,1.0,0000*76
$GNGST,081050.20,0.012,0.015,0.011,32.1,0.011,0.013,0.021*71
$GNRMC,081050.20,A,2756.93353,S,02449.89755,E,3.50,180.0,120826,,,R*74
$GNGGA,081050.40,2756.93373,S,02449.89755,E,4,18,0.7,94.032,M,28.000,M,1.0,0000*73
$GNGST,081050.40,0.012,0.015,0.011,32.1,0.011,0.013,0.021*77
$GNRMC,081050.40,A,2756.93373,S,02449.89755,E,3.50,180.0,120826,,,R*70
$GNGGA,081050.60,2756.93392,S,02449.89755,E,4,18,0.7,94.031,M,28.000,M,1.0,0000*7D
$GNGST,081050.60,0.012,0.015,0.011,32.1,0.011,0.013,0.021*75
$GNRMC,081050.60,A,2756.93392,S,02449.89755,E,3.50,180.0,120826,,,R*7D
$GNGGA,081050.80,2756.93412,S,02449.89755,E,4,18,0.7,94.030,M,28.000,M,1.0,0000*7D
$GNGST,081050.80,0.012,0.015,0.011,32.1,0.011,0.013,0.021*7B
$GNRMC,081050.80,A,2756.93412,S,02449.89755,E,3.50,180.0,120826,,,R*7C
$GNGGA,081051.00,2756.93431,S,02449.89755,E,4,18,0.7,94.030,M,28.000,M,1.0,0000*75
$GNGST,081051.00,0.012,0.015,0.011,32.1,0.011,0.013,0.021*72
$GNRMC,081051.00,A,2756.93431,S,02449.89755,E,3.50,180.0,120826,,,R*74
$GNGGA,081051.20,2756.93451,S,02449.89755,E,4,18,0.7,94.029,M,28.000,M,1.0,0000*79
$GNGST,081051.20,0.012,0.015,0.011,32.1,0.011,0.013,0.021*70
$GNRMC,081051.20,A,2756.93451,S,02449.89755,E,3.50,180.0,120826,,,R*70
$GNGGA,081051.40,2756.93470,S,02449.89755,E,4,18,0.7,94.028,M,28.000,M,1.0,0000*7D
$GNGST,081051.40,0.012,0.015,0.011,32.1,0.011,0.013,0.021*76
$GNRMC,081051.40,A,2756.93470,S,02449.89755,E,3.50,180.0,120826,,,R*75
$GNGGA,081051.60,2756.93490,S,02449.89755,E,4,18,0.7,94.027,M,28.000,M,1.0,0000*7E
$GNGST,081051.60,0.012,0.015,0.011,32.1,0.011,0.013,0.021*74
$GNRMC,081051.60,A,2756.93490,S,02449.89755,E,3.50,180.0,120826,,,R*79
$GNGGA,081051.80,2756.93509,S,02449.89755,E,4,18,0.7,94.027,M,28.000,M,1.0,0000*71
$GNGST,081051.80,0.012,0.015,0.011,32.1,0.011,0.013,0.021*7A
$GNRMC,081051.80,A,2756.93509,S,02449.89755,E,3.50,180.0,120826,,,R*76
$GNGGA,081052.00,2756.93529,S,02449.89755,E,4,18,0.7,94.026,M,28.000,M,1.0,0000*79
$GNGST,081052.00,0.012,0.015,0.011,32.1,0.011,0.013,0.021*71
$GNRMC,081052.00,A,2756.93529,S,02449.89755,E,3.50,180.0,120826,,,R*7F
$GNGGA,081052.20,2756.93548,S,02449.89755,E,4,18,0.7,94.025,M,28.000,M,1.0,0000*7F
$GNGST,081052.20,0.012,0.015,0.011,32.1,0.011,0.013,0.021*73
$GNRMC,081052.20,A,2756.93548,S,02449.89755,E,3.50,180.0,120826,,,R*7A
$GNGGA,081052.40,2756.93568,S,02449.89755,E,4,18,0.7,94.024,M,28.000,M,1.0,0000*7A
$GNGST,081052.40,0.012,0.015,0.011,32.1,0.011,0.013,0.021*75
$GNRMC,081052.40,A,2756.93568,S,02449.89755,E,3.50,180.0,120826,,,R*7E
$GNGGA,081052.60,2756.93587,S,02449.89755,E,4,18,0.7,94.024,M,28.000,M,1.0,0000*79
$GNGST,081052.60,0.012,0.015,0.011,32.1,0.011,0.013,0.021*77
$GNRMC,081052.60,A,2756.93587,S,02449.89755,E,3.50,180.0,120826,,,R*7D
$GNGGA,081052.80,2756.93607,S,02449.89755,E,4,18,0.7,94.023,M,28.000,M,1.0,0000*7B
$GNGST,081052.80,0.012,0.015,0.011,32.1,0.011,0.013,0.021*79
$GNRMC,081052.80,A,2756.93607,S,02449.89755,E,3.50,180.0,120826,,,R*78
$GNGGA,081053.00,2756.93626,S,02449.89755,E,4,18,0.7,94.022,M,28.000,M,1.0,0000*70
$GNGST,081053.00,0.012,0.015,0.011,32.1,0.011,0.013,0.021*70
$GNRMC,081053.00,A,2756.93626,S,02449.89755,E,3.50,180.0,120826,,,R*72
$GNGGA,081053.20,2756.93646,S,02449.89755,E,4,18,0.7,94.022,M,28.000,M,1.0,0000*74
$GNGST,081053.20,0.012,0.015,0.011,32.1,0.011,0.013,0.021*72
$GNRMC,081053.20,A,2756.93646,S,02449.89755,E,3.50,180.0,120826,,,R*76
$GNGGA,081053.40,2756.93665,S,02449.89755,E,4,18,0.7,94.021,M,28.000,M,1.0,0000*70
$GNGST,081053.40,0.012,0.015,0.011,32.1,0.011,0.013,0.021*74
$GNRMC,081053.40,A,2756.93665,S,02449.89755,E,3.50,180.0,120826,,,R*71
$GNGGA,081053.60,2756.93685,S,02449.89755,E,4,18,0.7,94.020,M,28.000,M,1.0,0000*7D
$GNGST,081053.60,0.012,0.015,0.011,32.1,0.011,0.013,0.021*76
$GNRMC,081053.60,A,2756.93685,S,02449.89755,E,3.50,180.0,120826,,,R*7D
$GNGGA,081053.80,2756.93704,S,02449.89755,E,4,18,0.7,94.019,M,28.000,M,1.0,0000*71
$GNGST,081053.80,0.012,0.015,0.011,32.1,0.011,0.013,0.021*78
$GNRMC,081053.80,A,2756.93704,S,02449.89755,E,3.50,180.0,120826,,,R*7B
$GNGGA,081054.00,2756.93724,S,02449.89755,E,4,18,0.7,94.019,M,28.000,M,1.0,0000*7C
$GNGST,081054.00,0.012,0.015,0.011,32.1,0.011,0.013,0.021*77
$GNRMC,081054.00,A,2756.93724,S,02449.89755,E,3.50,180.0,120826,,,R*76
$GNGGA,081054.20,2756.93743,S,02449.89755,E,4,18,0.7,94.018,M,28.000,M,1.0,0000*7E
$GNGST,081054.20,0.012,0.015,0.011,32.1,0.011,0.013,0.021*75
$GNRMC,081054.20,A,2756.93743,S,02449.89755,E,3.50,180.0,120826,,,R*75
$GNGGA,081054.40,2756.93763,S,02449.89755,E,4,18,0.7,94.017,M,28.000,M,1.0,0000*75
$GNGST,081054.40,0.012,0.015,0.011,32.1,0.011,0.013,0.021*73
$GNRMC,081054.40,A,2756.93763,S,02449.89755,E,3.50,180.0,120826,,,R*71
$GNGGA,081054.60,2756.93782,S,02449.89755,E,4,18,0.7,94.017,M,28.000,M,1.0,0000*78
$GNGST,081054.60,0.012,0.015,0.011,32.1,0.011,0.013,0.021*71
$GNRMC,081054.60,A,2756.93782,S,02449.89755,E,3.50,180.0,120826,,,R*7C
$GNGGA,081054.80,2756.93802,S,02449.89755,E,4,18,0.7,94.016,M,28.000,M,1.0,0000*70
$GNGST,081054.80,0.012,0.015,0.011,32.1,0.011,0.013,0.021*7F
$GNRMC,081054.80,A,2756.93802,S,02449.89755,E,3.50,180.0,120826,,,R*75
$GNGGA,081055.00,2756.93821,S,02449.89755,E,4,18,0.7,94.015,M,28.000,M,1.0,0000*7B
$GNGST,081055.00,0.012,0.015,0.011,32.1,0.011,0.013,0.021*76
$GNRMC,081055.00,A,2756.93821,S,02449.89755,E,3.50,180.0,120826,,,R*7D
$GNGGA,081055.20,2756.93841,S,02449.89755,E,4,18,0.7,94.015,M,28.000,M,1.0,0000*7F
$GNGST,081055.20,0.012,0.015,0.011,32.1,0.011,0.013,0.021*74
$GNRMC,081055.20,A,2756.93841,S,02449.89755,E,3.50,180.0,120826,,,R*79
$GNGGA,081055.40,2756.93860,S,02449.89755,E,4,18,0.7,94.014,M,28.000,M,1.0,0000*7B
$GNGST,081055.40,0.012,0.015,0.011,32.1,0.011,0.013,0.021*72
$GNRMC,081055.40,A,2756.93860,S,02449.89755,E,3.50,180.0,120826,,,R*7C
$GNGGA,081055.60,2756.93880,S,02449.89755,E,4,18,0.7,94.013,M,28.000,M,1.0,0000*70
$GNGST,081055.60,0.012,0.015,0.011,32.1,0.011,0.013,0.021*70
$GNRMC,081055.60,A,2756.93880,S,02449.89755,E,3.50,180.0,120826,,,R*70
$GNGGA,081055.80,2756.93899,S,02449.89755,E,4,18,0.7,94.013,M,28.000,M,1.0,0000*76
$GNGST,081055.80,0.012,0.015,0.011,32.1,0.011,0.013,0.021*7E
$GNRMC,081055.80,A,2756.93899,S,02449.89755,E,3.50,180.0,120826,,,R*76
$GNGGA,081056.00,2756.93919,S,02449.89755,E,4,18,0.7,94.012,M,28.000,M,1.0,0000*75
$GNGST,081056.00,0.012,0.015,0.011,32.1,0.011,0.013,0.021*75
$GNRMC,081056.00,A,2756.93919,S,02449.89755,E,3.50,180.0,120826,,,R*74
$GNGGA,081056.20,2756.93938,S,02449.89755,E,4,18,0.7,94.011,M,28.000,M,1.0,0000*77
$GNGST,081056.20,0.012,0.015,0.011,32.1,0.011,0.013,0.021*77
$GNRMC,081056.20,A,2756.93938,S,02449.89755,E,3.50,180.0,120826,,,R*75
$GNGGA,081056.40,2756.93958,S,02449.89755,E,4,18,0.7,94.011,M,28.000,M,1.0,0000*77
$GNGST,081056.40,0.012,0.015,0.011,32.1,0.011,0.013,0.021*71
$GNRMC,081056.40,A,2756.93958,S,02449.89755,E,3.50,180.0,120826,,,R*75
$GNGGA,081056.60,2756.93977,S,02449.89755,E,4,18,0.7,94.010,M,28.000,M,1.0,0000*79
$GNGST,081056.60,0.012,0.015,0.011,32.1,0.011,0.013,0.021*73
$GNRMC,081056.60,A,2756.93977,S,02449.89755,E,3.50,180.0,120826,,,R*7A
$GNGGA,081056.80,2756.93997,S,02449.89755,E,4,18,0.7,94.010,M,28.000,M,1.0,0000*79
$GNGST,081056.80,0.012,0.015,0.011,32.1,0.011,0.013,0.021*7D
$GNRMC,081056.80,A,2756.93997,S,02449.89755,E,3.50,180.0,120826,,,R*7A
$GNGGA,081057.00,2756.94016,S,02449.89755,E,4,18,0.7,94.009,M,28.000,M,1.0,0000*7F
$GNGST,081057.00,0.012,0.015,0.011,32.1,0.011,0.013,0.021*74
$GNRMC,081057.00,A,2756.94016,S,02449.89755,E,3.50,180.0,120826,,,R*74
$GNGGA,081057.20,2756.94036,S,02449.89755,E,4,18,0.7,94.008,M,28.000,M,1.0,0000*7E
$GNGST,081057.20,0.012,0.015,0.011,32.1,0.011,0.013,0.021*76
$GNRMC,081057.20,A,2756.94036,S,02449.89755,E,3.50,180.0,120826,,,R*74
$GNGGA,081057.40,2756.94055,S,02449.89755,E,4,18,0.7,94.008,M,28.000,M,1.0,0000*7D
$GNGST,081057.40,0.012,0.015,0.011,32.1,0.011,0.013,0.021*70
$GNRMC,081057.40,A,2756.94055,S,02449.89755,E,3.50,180.0,120826,,,R*77
$GNGGA,081057.60,2756.94075,S,02449.89755,E,4,18,0.7,94.007,M,28.000,M,1.0,0000*72
$GNGST,081057.60,0.012,0.015,0.011,32.1,0.011,0.013,0.021*72
$GNRMC,081057.60,A,2756.94075,S,02449.89755,E,3.50,180.0,120826,,,R*77
$GNGGA,081057.80,2756.94094,S,02449.89755,E,4,18,0.7,94.007,M,28.000,M,1.0,0000*73
$GNGST,081057.80,0.012,0.015,0.011,32.1,0.011,0.013,0.021*7C
$GNRMC,081057.80,A,2756.94094,S,02449.89755,E,3.50,180.0,120826,,,R*76
$GNGGA,081058.00,2756.94114,S,02449.89755,E,4,18,0.7,94.006,M,28.000,M,1.0,0000*7C
$GNGST,081058.00,0.012,0.015,0.011,32.1,0.011,0.013,0.021*7B
$GNRMC,081058.00,A,2756.94114,S,02449.89755,E,3.50,180.0,120826,,,R*78
$GNGGA,081058.20,2756.94133,S,02449.89755,E,4,18,0.7,94.005,M,28.000,M,1.0,0000*78
$GNGST,081058.20,0.012,0.015,0.011,32.1,0.011,0.013,0.021*79
$GNRMC,081058.20,A,2756.94133,S,02449.89755,E,3.50,180.0,120826,,,R*7F
$GNGGA,081058.40,2756.94153,S,02449.89755,E,4,18,0.7,94.005,M,28.000,M,1.0,0000*78
$GNGST,081058.40,0.012,0.015,0.011,32.1,0.011,0.013,0.021*7F
$GNRMC,081058.40,A,2756.94153,S,02449.89755,E,3.50,180.0,120826,,,R*7F
$GNGGA,081058.60,2756.94172,S,02449.89755,E,4,18,0.7,94.004,M,28.000,M,1.0,0000*78
$GNGST,081058.60,0.012,0.015,0.011,32.1,0.011,0.013,0.021*7D
$GNRMC,081058.60,A,2756.94172,S,02449.89755,E,3.50,180.0,120826,,,R*7E
$GNGGA,081058.80,2756.94192,S,02449.89755,E,4,18,0.7,94.004,M,28.000,M,1.0,0000*78
$GNGST,081058.80,0.012,0.015,0.011,32.1,0.011,0.013,0.021*73
$GNRMC,081058.80,A,2756.94192,S,02449.89755,E,3.50,180.0,120826,,,R*7E
$GNGGA,081059.00,2756.94211,S,02449.89755,E,4,18,0.7,94.003,M,28.000,M,1.0,0000*7E
$GNGST,081059.00,0.012,0.015,0.011,32.1,0.011,0.013,0.021*7A
$GNRMC,081059.00,A,2756.94211,S,02449.89755,E,3.50,180.0,120826,,,R*7F
$GNGGA,081059.20,2756.94231,S,02449.89755,E,4,18,0.7,94.003,M,28.000,M,1.0,0000*7E
$GNGST,081059.20,0.012,0.015,0.011,32.1,0.011,0.013,0.021*78
$GNRMC,081059.20,A,2756.94231,S,02449.89755,E,3.50,180.0,120826,,,R*7F
$GNGGA,081059.40,2756.94250,S,02449.89755,E,4,18,0.7,94.002,M,28.000,M,1.0,0000*7E
$GNGST,081059.40,0.012,0.015,0.011,32.1,0.011,0.013,0.021*7E
$GNRMC,081059.40,A,2756.94250,S,02449.89755,E,3.50,180.0,120826,,,R*7E
$GNGGA,081059.60,2756.94270,S,02449.89755,E,4,18,0.7,94.002,M,28.000,M,1.0,0000*7E
$GNGST,081059.60,0.012,0.015,0.011,32.1,0.011,0.013,0.021*7C
$GNRMC,081059.60,A,2756.94270,S,02449.89755,E,3.50,180.0,120826,,,R*7E
$GNGGA,081059.80,2756.94289,S,02449.89755,E,4,18,0.7,94.001,M,28.000,M,1.0,0000*75
$GNGST,081059.80,0.012,0.015,0.011,32.1,0.011,0.013,0.021*72
$GNRMC,081059.80,A,2756.94289,S,02449.89755,E,3.50,180.0,120826,,,R*76
$GNGGA,081100.00,2756.94309,S,02449.89755,E,4,18,0.7,94.001,M,28.000,M,1.0,0000*79
$GNGST,081100.00,0.012,0.015,0.011,32.1,0.011,0.013,0.021*77
$GNRMC,081100.00,A,2756.94309,S,02449.89755,E,3.50,180.0,120826,,,R*7A
$GNGGA,081100.20,2756.94328,S,02449.89755,E,4,18,0.7,94.000,M,28.000,M,1.0,0000*79
$GNGST,081100.20,0.012,0.015,0.011,32.1,0.011,0.013,0.021*75
$GNRMC,081100.20,A,2756.94328,S,02449.89755,E,3.50,180.0,120826,,,R*7B
$GNGGA,081100.40,2756.94348,S,02449.89755,E,4,18,0.7,94.000,M,28.000,M,1.0,0000*79
$GNGST,081100.40,0.012,0.015,0.011,32.1,0.011,0.013,0.021*73
$GNRMC,081100.40,A,2756.94348,S,02449.89755,E,3.50,180.0,120826,,,R*7B
$GNGGA,081100.60,2756.94367,S,02449.89755,E,4,18,0.7,93.999,M,28.000,M,1.0,0000*78
$GNGST,081100.60,0.012,0.015,0.011,32.1,0.011,0.013,0.021*71
$GNRMC,081100.60,A,2756.94367,S,02449.89755,E,3.50,180.0,120826,,,R*74
$GNGGA,081100.80,2756.94387,S,02449.89755,E,4,18,0.7,93.999,M,28.000,M,1.0,0000*78
$GNGST,081100.80,0.012,0.015,0.011,32.1,0.011,0.013,0.021*7F
$GNRMC,081100.80,A,2756.94387,S,02449.89755,E,3.50,180.0,120826,,,R*74
$GNGGA,081101.00,2756.94406,S,02449.89755,E,4,18,0.7,93.998,M,28.000,M,1.0,0000*7E
$GNGST,081101.00,0.012,0.015,0.011,32.1,0.011,0.013,0.021*76
$GNRMC,081101.00,A,2756.94406,S,02449.89755,E,3.50,180.0,120826,,,R*73
$GNGGA,081101.20,2756.94425,S,02449.89755,E,4,18,0.7,93.998,M,28.000,M,1.0,0000*7D
$GNGST,081101.20,0.012,0.015,0.011,32.1,0.011,0.013,0.021*74
$GNRMC,081101.20,A,2756.94425,S,02449.89755,E,3.50,180.0,120826,,,R*70
$GNGGA,081101.40,2756.94445,S,02449.89755,E,4,18,0.7,93.997,M,28.000,M,1.0,0000*72
$GNGST,081101.40,0.012,0.015,0.011,32.1,0.011,0.013,0.021*72
$GNRMC,081101.40,A,2756.94445,S,02449.89755,E,3.50,180.0,120826,,,R*70
$GNGGA,081101.60,2756.94464,S,02449.89755,E,4,18,0.7,93.997,M,28.000,M,1.0,0000*73
$GNGST,081101.60,0.012,0.015,0.011,32.1,0.011,0.013,0.021*70
$GNRMC,081101.60,A,2756.94464,S,02449.89755,E,3.50,180.0,120826,,,R*71
$GNGGA,081101.80,2756.94484,S,02449.89755,E,4,18,0.7,93.997,M,28.000,M,1.0,0000*73
$GNGST,081101.80,0.012,0.015,0.011,32.1,0.011,0.013,0.021*7E
$GNRMC,081101.80,A,2756.94484,S,02449.89755,E,3.50,180.0,120826,,,R*71
$GNGGA,081102.00,2756.94503,S,02449.89755,E,4,18,0.7,93.996,M,28.000,M,1.0,0000*77
$GNGST,081102.00,0.012,0.015,0.011,32.1,0.011,0.013,0.021*75
$GNRMC,081102.00,A,2756.94503,S,02449.89755,E,3.50,180.0,120826,,,R*74
$GNGGA,081102.20,2756.94523,S,02449.89755,E,4,18,0.7,93.996,M,28.000,M,1.0,0000*77
$GNGST,081102.20,0.012,0.015,0.011,32.1,0.011,0.013,0.021*77
$GNRMC,081102.20,A,2756.94523,S,02449.89755,E,3.50,180.0,120826,,,R*74
$GNGGA,081102.40,2756.94542,S,02449.89755,E,4,18,0.7,93.995,M,28.000,M,1.0,0000*75
$GNGST,081102.40,0.012,0.015,0.011,32.1,0.011,0.013,0.021*71
$GNRMC,081102.40,A,2756.94542,S,02449.89755,E,3.50,180.0,120826,,,R*75
$GNGGA,081102.60,2756.94562,S,02449.89755,E,4,18,0.7,93.995,M,28.000,M,1.0,0000*75
$GNGST,081102.60,0.012,0.015,0.011,32.1,0.011,0.013,0.021*73
$GNRMC,081102.60,A,2756.94562,S,02449.89755,E,3.50,180.0,120826,,,R*75
$GNGGA,081102.80,2756.94581,S,02449.89755,E,4,18,0.7,93.994,M,28.000,M,1.0,0000*77
$GNGST,081102.80,0.012,0.015,0.011,32.1,0.011,0.013,0.021*7D
$GNRMC,081102.80,A,2756.94581,S,02449.89755,E,3.50,180.0,120826,,,R*76
$GNGGA,081103.00,2756.94601,S,02449.89755,E,4,18,0.7,93.994,M,28.000,M,1.0,0000*75
$GNGST,081103.00,0.012,0.015,0.011,32.1,0.011,0.013,0.021*74
$GNRMC,081103.00,A,2756.94601,S,02449.89755,E,3.50,180.0,120826,,,R*74
$GNGGA,081103.20,2756.94620,S,02449.89755,E,4,18,0.7,93.994,M,28.000,M,1.0,0000*74
$GNGST,081103.20,0.012,0.015,0.011,32.1,0.011,0.013,0.021*76
$GNRMC,081103.20,A,2756.94620,S,02449.89755,E,3.50,180.0,120826,,,R*75
$GNGGA,081103.40,2756.94640,S,02449.89755,E,4,18,0.7,93.993,M,28.000,M,1.0,0000*73
$GNGST,081103.40,0.012,0.015,0.011,32.1,0.011,0.013,0.021*70
$GNRMC,081103.40,A,2756.94640,S,02449.89755,E,3.50,180.0,120826,,,R*75
$GNGGA,081103.60,2756.94659,S,02449.89755,E,4,18,0.7,93.993,M,28.000,M,1.0,0000*79
$GNGST,081103.60,0.012,0.015,0.011,32.1,0.011,0.013,0.021*72
$GNRMC,081103.60,A,2756.94659,S,02449.89755,E,3.50,180.0,120826,,,R*7F
$GNGGA,081103.80,2756.94679,S,02449.89755,E,4,18,0.7,93.993,M,28.000,M,1.0,0000*75
$GNGST,081103.80,0.012,0.015,0.011,32.1,0.011,0.013,0.021*7C
$GNRMC,081103.80,A,2756.94679,S,02449.89755,E,3.50,180.0,120826,,,R*73
$GNGGA,081104.00,2756.94698,S,02449.89755,E,4,18,0.7,93.992,M,28.000,M,1.0,0000*74
$GNGST,081104.00,0.012,0.015,0.011,32.1,0.011,0.013,0.021*73
$GNRMC,081104.00,A,2756.94698,S,02449.89755,E,3.50,180.0,120826,,,R*73
$GNGGA,081104.20,2756.94718,S,02449.89755,E,4,18,0.7,93.992,M,28.000,M,1.0,0000*7F
$GNGST,081104.20,0.012,0.015,0.011,32.1,0.011,0.013,0.021*71
$GNRMC,081104.20,A,2756.94718,S,02449.89755,E,3.50,180.0,120826,,,R*78
$GNGGA,081104.40,2756.94737,S,02449.89755,E,4,18,0.7,93.992,M,28.000,M,1.0,0000*74
$GNGST,081104.40,0.012,0.015,0.011,32.1,0.011,0.013,0.021*77
$GNRMC,081104.40,A,2756.94737,S,02449.89755,E,3.50,180.0,120826,,,R*73
$GNGGA,081104.60,2756.94757,S,02449.89755,E,4,18,0.7,93.991,M,28.000,M,1.0,0000*73
$GNGST,081104.60,0.012,0.015,0.011,32.1,0.011,0.013,0.021*75
$GNRMC,081104.60,A,2756.94757,S,02449.89755,E,3.50,180.0,120826,,,R*77
$GNGGA,081104.80,2756.94776,S,02449.89755,E,4,18,0.7,93.991,M,28.000,M,1.0,0000*7E
$GNGST,081104.80,0.012,0.015,0.011,32.1,0.011,0.013,0.021*7B
$GNRMC,081104.80,A,2756.94776,S,02449.89755,E,3.50,180.0,120826,,,R*7A
$GNGGA,081105.00,2756.94796,S,02449.89755,E,4,18,0.7,93.991,M,28.000,M,1.0,0000*79
$GNGST,081105.00,0.012,0.015,0.011,32.1,0.011,0.013,0.021*72
$GNRMC,081105.00,A,2756.94796,S,02449.89755,E,3.50,180.0,120826,,,R*7D
$GNGGA,081105.20,2756.94815,S,02449.89755,E,4,18,0.7,93.990,M,28.000,M,1.0,0000*7E
$GNGST,081105.20,0.012,0.015,0.011,32.1,0.011,0.013,0.021*70
$GNRMC,081105.20,A,2756.94815,S,02449.89755,E,3.50,180.0,120826,,,R*7B
$GNGGA,081105.40,2756.94835,S,02449.89755,E,4,18,0.7,93.990,M,28.000,M,1.0,0000*7A
$GNGST,081105.40,0.012,0.015,0.011,32.1,0.011,0.013,0.021*76
$GNRMC,081105.40,A,2756.94835,S,02449.89755,E,3.50,180.0,120826,,,R*7F
$GNGGA,081105.60,2756.94854,S,02449.89755,E,4,18,0.7,93.990,M,28.000,M,1.0,0000*7F
$GNGST,081105.60,0.012,0.015,0.011,32.1,0.011,0.013,0.021*74
$GNRMC,081105.60,A,2756.94854,S,02449.89755,E,3.50,180.0,120826,,,R*7A
$GNGGA,081105.80,2756.94874,S,02449.89755,E,4,18,0.7,93.990,M,28.000,M,1.0,0000*73
$GNGST,081105.80,0.012,0.015,0.011,32.1,0.011,0.013,0.021*7A
$GNRMC,081105.80,A,2756.94874,S,02449.89755,E,3.50,180.0,120826,,,R*76
$GNGGA,081106.00,2756.94893,S,02449.89755,E,4,18,0.7,93.989,M,28.000,M,1.0,0000*79
$GNGST,081106.00,0.012,0.015,0.011,32.1,0.011,0.013,0.021*71
$GNRMC,081106.00,A,2756.94893,S,02449.89755,E,3.50,180.0,120826,,,R*74
$GNGGA,081106.20,2756.94913,S,02449.89755,E,4,18,0.7,93.989,M,28.000,M,1.0,0000*72
$GNGST,081106.20,0.012,0.015,0.011,32.1,0.011,0.013,0.021*73
$GNRMC,081106.20,A,2756.94913,S,02449.89755,E,3.50,180.0,120826,,,R*7F
$GNGGA,081106.40,2756.94932,S,02449.89755,E,4,18,0.7,93.989,M,28.000,M,1.0,0000*77
$GNGST,081106.40,0.012,0.015,0.011,32.1,0.011,0.013,0.021*75
$GNRMC,081106.40,A,2756.94932,S,02449.89755,E,3.50,180.0,120826,,,R*7A
$GNGGA,081106.60,2756.94952,S,02449.89755,E,4,18,0.7,93.989,M,28.000,M,1.0,0000*73
$GNGST,081106.60,0.012,0.015,0.011,32.1,0.011,0.013,0.021*77
$GNRMC,081106.60,A,2756.94952,S,02449.89755,E,3.50,180.0,120826,,,R*7E
$GNGGA,081106.80,2756.94971,S,02449.89755,E,4,18,0.7,93.988,M,28.000,M,1.0,0000*7D
$GNGST,081106.80,0.012,0.015,0.011,32.1,0.011,0.013,0.021*79
$GNRMC,081106.80,A,2756.94971,S,02449.89755,E,3.50,180.0,120826,,,R*71
$GNGGA,081107.00,2756.94991,S,02449.89755,E,4,18,0.7,93.988,M,28.000,M,1.0,0000*7A
$GNGST,081107.00,0.012,0.015,0.011,32.1,0.011,0.013,0.021*70
$GNRMC,081107.00,A,2756.94991,S,02449.89755,E,3.50,180.0,120826,,,R*76
$GNGGA,081107.20,2756.95010,S,02449.89755,E,4,18,0.7,93.988,M,28.000,M,1.0,0000*79
$GNGST,081107.20,0.012,0.015,0.011,32.1,0.011,0.013,0.021*72
$GNRMC,081107.20,A,2756.95010,S,02449.89755,E,3.50,180.0,120826,,,R*75
$GNGGA,081107.40,2756.95030,S,02449.89755,E,4,18,0.7,93.988,M,28.000,M,1.0,0000*7D
$GNGST,081107.40,0.012,0.015,0.011,32.1,0.011,0.013,0.021*74
$GNRMC,081107.40,A,2756.95030,S,02449.89755,E,3.50,180.0,120826,,,R*71
$GNGGA,081107.60,2756.95049,S,02449.89755,E,4,18,0.7,93.988,M,28.000,M,1.0,0000*71
$GNGST,081107.60,0.012,0.015,0.011,32.1,0.011,0.013,0.021*76
$GNRMC,081107.60,A,2756.95049,S,02449.89755,E,3.50,180.0,120826,,,R*7D
$GNGGA,081107.80,2756.95069,S,02449.89755,E,4,18,0.7,93.987,M,28.000,M,1.0,0000*72
$GNGST,081107.80,0.012,0.015,0.011,32.1,0.011,0.013,0.021*78
$GNRMC,081107.80,A,2756.95069,S,02449.89755,E,3.50,180.0,120826,,,R*71
$GNGGA,081108.00,2756.95088,S,02449.89755,E,4,18,0.7,93.987,M,28.000,M,1.0,0000*7A
$GNGST,081108.00,0.012,0.015,0.011,32.1,0.011,0.013,0.021*7F
$GNRMC,081108.00,A,2756.95088,S,02449.89755,E,3.50,180.0,120826,,,R*79
$GNGGA,081108.20,2756.95108,S,02449.89755,E,4,18,0.7,93.987,M,28.000,M,1.0,0000*71
$GNGST,081108.20,0.012,0.015,0.011,32.1,0.011,0.013,0.021*7D
$GNRMC,081108.20,A,2756.95108,S,02449.89755,E,3.50,180.0,120826,,,R*72
$GNGGA,081108.40,2756.95127,S,02449.89755,E,4,18,0.7,93.987,M,28.000,M,1.0,0000*7A
$GNGST,081108.40,0.012,0.015,0.011,32.1,0.011,0.013,0.021*7B
$GNRMC,081108.40,A,2756.95127,S,02449.89755,E,3.50,180.0,120826,,,R*79
$GNGGA,081108.60,2756.95147,S,02449.89755,E,4,18,0.7,93.987,M,28.000,M,1.0,0000*7E
$GNGST,081108.60,0.012,0.015,0.011,32.1,0.011,0.013,0.021*79
$GNRMC,081108.60,A,2756.95147,S,02449.89755,E,3.50,180.0,120826,,,R*7D
$GNGGA,081108.80,2756.95166,S,02449.89755,E,4,18,0.7,93.987,M,28.000,M,1.0,0000*73
$GNGST,081108.80,0.012,0.015,0.011,32.1,0.011,0.013,0.021*77
$GNRMC,081108.80,A,2756.95166,S,02449.89755,E,3.50,180.0,120826,,,R*70
$GNGGA,081109.00,2756.95186,S,02449.89755,E,4,18,0.7,93.986,M,28.000,M,1.0,0000*75
$GNGST,081109.00,0.012,0.015,0.011,32.1,0.011,0.013,0.021*7E
$GNRMC,081109.00,A,2756.95186,S,02449.89755,E,3.50,180.0,120826,,,R*77
$GNGGA,081109.20,2756.95205,S,02449.89755,E,4,18,0.7,93.986,M,28.000,M,1.0,0000*7F
$GNGST,081109.20,0.012,0.015,0.011,32.1,0.011,0.013,0.021*7C
$GNRMC,081109.20,A,2756.95205,S,02449.89755,E,3.50,180.0,120826,,,R*7D
$GNGGA,081109.40,2756.95225,S,02449.89755,E,4,18,0.7,93.986,M,28.000,M,1.0,0000*7B
$GNGST,081109.40,0.012,0.015,0.011,32.1,0.011,0.013,0.021*7A
$GNRMC,081109.40,A,2756.95225,S,02449.89755,E,3.50,180.0,120826,,,R*79
$GNGGA,081109.60,2756.95244,S,02449.89755,E,4,18,0.7,93.986,M,28.000,M,1.0,0000*7E
$GNGST,081109.60,0.012,0.015,0.011,32.1,0.011,0.013,0.021*78
$GNRMC,081109.60,A,2756.95244,S,02449.89755,E,3.50,180.0,120826,,,R*7C
$GNGGA,081109.80,2756.95264,S,02449.89755,E,4,18,0.7,93.986,M,28.000,M,1.0,0000*72
$GNGST,081109.80,0.012,0.015,0.011,32.1,0.011,0.013,0.021*76
$GNRMC,081109.80,A,2756.95264,S,02449.89755,E,3.50,180.0,120826,,,R*70
$GNGGA,081110.00,2756.95283,S,02449.89755,E,4,18,0.7,93.986,M,28.000,M,1.0,0000*7B
$GNGST,081110.00,0.012,0.015,0.011,32.1,0.011,0.013,0.021*76
$GNRMC,081110.00,A,2756.95283,S,02449.89755,E,3.50,180.0,120826,,,R*79
$GNGGA,081110.20,2756.95303,S,02449.89755,E,4,18,0.7,93.986,M,28.000,M,1.0,0000*70
$GNGST,081110.20,0.012,0.015,0.011,32.1,0.011,0.013,0.021*74
$GNRMC,081110.20,A,2756.95303,S,02449.89755,E,3.50,180.0,120826,,,R*72
$GNGGA,081110.40,2756.95322,S,02449.89755,E,4,18,0.7,93.986,M,28.000,M,1.0,0000*75
$GNGST,081110.40,0.012,0.015,0.011,32.1,0.011,0.013,0.021*72
$GNRMC,081110.40,A,2756.95322,S,02449.89755,E,3.50,180.0,120826,,,R*77
$GNGGA,081110.60,2756.95342,S,02449.89755,E,4,18,0.7,93.986,M,28.000,M,1.0,0000*71
$GNGST,081110.60,0.012,0.015,0.011,32.1,0.011,0.013,0.021*70
$GNRMC,081110.60,A,2756.95342,S,02449.89755,E,3.50,180.0,120826,,,R*73
$GNGGA,081110.80,2756.95361,S,02449.89755,E,4,18,0.7,93.985,M,28.000,M,1.0,0000*7D
$GNGST,081110.80,0.012,0.015,0.011,32.1,0.011,0.013,0.021*7E
$GNRMC,081110.80,A,2756.95361,S,02449.89755,E,3.50,180.0,120826,,,R*7C
$GNGGA,081111.00,2756.95381,S,02449.89755,E,4,18,0.7,93.985,M,28.000,M,1.0,0000*7A
$GNGST,081111.00,0.012,0.015,0.011,32.1,0.011,0.013,0.021*77
$GNRMC,081111.00,A,2756.95381,S,02449.89755,E,3.50,180.0,120826,,,R*7B
$GNGGA,081111.20,2756.95400,S,02449.89755,E,4,18,0.7,93.985,M,28.000,M,1.0,0000*76
$GNGST,081111.20,0.012,0.015,0.011,32.1,0.011,0.013,0.021*75
$GNRMC,081111.20,A,2756.95400,S,02449.89755,E,3.50,180.0,120826,,,R*77
$GNGGA,081111.40,2756.95420,S,02449.89755,E,4,18,0.7,93.985,M,28.000,M,1.0,0000*72
$GNGST,081111.40,0.012,0.015,0.011,32.1,0.011,0.013,0.021*73
$GNRMC,081111.40,A,2756.95420,S,02449.89755,E,3.50,180.0,120826,,,R*73
$GNGGA,081111.60,2756.95439,S,02449.89755,E,4,18,0.7,93.985,M,28.000,M,1.0,0000*78
$GNGST,081111.60,0.012,0.015,0.011,32.1,0.011,0.013,0.021*71
$GNRMC,081111.60,A,2756.95439,S,02449.89755,E,3.50,180.0,120826,,,R*79
$GNGGA,081111.80,2756.95459,S,02449.89755,E,4,18,0.7,93.985,M,28.000,M,1.0,0000*70
$GNGST,081111.80,0.012,0.015,0.011,32.1,0.011,0.013,0.021*7F
$GNRMC,081111.80,A,2756.95459,S,02449.89755,E,3.50,180.0,120826,,,R*71
$GNGGA,081112.00,2756.95478,S,02449.89755,E,4,18,0.7,93.985,M,28.000,M,1.0,0000*78
$GNGST,081112.00,0.012,0.015,0.011,32.1,0.011,0.013,0.021*74
$GNRMC,081112.00,A,2756.95478,S,02449.89755,E,3.50,180.0,120826,,,R*79
$GNGGA,081112.20,2756.95498,S,02449.89755,E,4,18,0.7,93.985,M,28.000,M,1.0,0000*74
$GNGST,081112.20,0.012,0.015,0.011,32.1,0.011,0.013,0.021*76
$GNRMC,081112.20,A,2756.95498,S,02449.89755,E,3.50,180.0,120826,,,R*75
$GNGGA,081112.40,2756.95517,S,02449.89755,E,4,18,0.7,93.985,M,28.000,M,1.0,0000*74
$GNGST,081112.40,0.012,0.015,0.011,32.1,0.011,0.013,0.021*70
$GNRMC,081112.40,A,2756.95517,S,02449.89755,E,3.50,180.0,120826,,,R*75
$GNGGA,081112.60,2756.95536,S,02449.89755,E,4,18,0.7,93.985,M,28.000,M,1.0,0000*75
$GNGST,081112.60,0.012,0.015,0.011,32.1,0.011,0.013,0.021*72
$GNRMC,081112.60,A,2756.95536,S,02449.89755,E,3.50,180.0,120826,,,R*74
$GNGGA,081112.80,2756.95556,S,02449.89755,E,4,18,0.7,93.985,M,28.000,M,1.0,0000*7D
$GNGST,081112.80,0.012,0.015,0.011,32.1,0.011,0.013,0.021*7C
$GNRMC,081112.80,A,2756.95556,S,02449.89755,E,3.50,180.0,120826,,,R*7C
$GNGGA,081113.00,2756.95575,S,02449.89755,E,4,18,0.7,93.985,M,28.000,M,1.0,0000*75
$GNGST,081113.00,0.012,0.015,0.011,32.1,0.011,0.013,0.021*75
$GNRMC,081113.00,A,2756.95575,S,02449.89755,E,3.50,180.0,120826,,,R*74
$GNGGA,081113.20,2756.95595,S,02449.89755,E,4,18,0.7,93.985,M,28.000,M,1.0,0000*79
$GNGST,081113.20,0.012,0.015,0.011,32.1,0.011,0.013,0.021*77
$GNRMC,081113.20,A,2756.95595,S,02449.89755,E,3.50,180.0,120826,,,R*78
$GNGGA,081113.40,2756.95614,S,02449.89755,E,4,18,0.7,93.985,M,28.000,M,1.0,0000*75
$GNGST,081113.40,0.012,0.015,0.011,32.1,0.011,0.013,0.021*71
$GNRMC,081113.40,A,2756.95614,S,02449.89755,E,3.50,180.0,120826,,,R*74
$GNGGA,081113.60,2756.95634,S,02449.89755,E,4,18,0.7,93.985,M,28.000,M,1.0,0000*75
$GNGST,081113.60,0.012,0.015,0.011,32.1,0.011,0.013,0.021*73
$GNRMC,081113.60,A,2756.95634,S,02449.89755,E,3.50,180.0,120826,,,R*74
$GNGGA,081113.80,2756.95653,S,02449.89755,E,4,18,0.7,93.985,M,28.000,M,1.0,0000*7A
$GNGST,081113.80,0.012,0.015,0.011,32.1,0.011,0.013,0.021*7D
$GNRMC,081113.80,A,2756.95653,S,02449.89755,E,3.50,180.0,120826,,,R*7B
$GNGGA,081114.00,2756.95673,S,02449.89755,E,4,18,0.7,93.985,M,28.000,M,1.0,0000*77
$GNGST,081114.00,0.012,0.015,0.011,32.1,0.011,0.013,0.021*72
$GNRMC,081114.00,A,2756.95673,S,02449.89755,E,3.50,180.0,120826,,,R*76
$GNGGA,081114.20,2756.95692,S,02449.89755,E,4,18,0.7,93.985,M,28.000,M,1.0,0000*7A
$GNGST,081114.20,0.012,0.015,0.011,32.1,0.011,0.013,0.021*70
$GNRMC,081114.20,A,2756.95692,S,02449.89755,E,3.50,180.0,120826,,,R*7B
$GNGGA,081114.40,2756.95712,S,02449.89755,E,4,18,0.7,93.985,M,28.000,M,1.0,0000*75
$GNGST,081114.40,0.012,0.015,0.011,32.1,0.011,0.013,0.021*76
$GNRMC,081114.40,A,2756.95712,S,02449.89755,E,3.50,180.0,120826,,,R*74
$GNGGA,081114.60,2756.95731,S,02449.89755,E,4,18,0.7,93.985,M,28.000,M,1.0,0000*76
$GNGST,081114.60,0.012,0.015,0.011,32.1,0.011,0.013,0.021*74
$GNRMC,081114.60,A,2756.95731,S,02449.89755,E,3.50,180.0,120826,,,R*77
$GNGGA,081114.80,2756.95751,S,02449.89755,E,4,18,0.7,93.985,M,28.000,M,1.0,0000*7E
$GNGST,081114.80,0.012,0.015,0.011,32.1,0.011,0.013,0.021*7A
$GNRMC,081114.80,A,2756.95751,S,02449.89755,E,3.50,180.0,120826,,,R*7F
$GNGGA,081115.00,2756.95770,S,02449.89755,E,4,18,0.7,93.985,M,28.000,M,1.0,0000*74
$GNGST,081115.00,0.012,0.015,0.011,32.1,0.011,0.013,0.021*73
$GNRMC,081115.00,A,2756.95770,S,02449.89755,E,3.50,180.0,120826,,,R*75
$GNGGA,081115.20,2756.95790,S,02449.89755,E,4,18,0.7,93.986,M,28.000,M,1.0,0000*7B
$GNGST,081115.20,0.012,0.015,0.011,32.1,0.011,0.013,0.021*71
$GNRMC,081115.20,A,2756.95790,S,02449.89755,E,3.50,180.0,120826,,,R*79
$GNGGA,081115.40,2756.95809,S,02449.89755,E,4,18,0.7,93.986,M,28.000,M,1.0,0000*72
$GNGST,081115.40,0.012,0.015,0.011,32.1,0.011,0.013,0.021*77
$GNRMC,081115.40,A,2756.95809,S,02449.89755,E,3.50,180.0,120826,,,R*70
$GNGGA,081115.60,2756.95829,S,02449.89755,E,4,18,0.7,93.986,M,28.000,M,1.0,0000*72
$GNGST,081115.60,0.012,0.015,0.011,32.1,0.011,0.013,0.021*75
$GNRMC,081115.60,A,2756.95829,S,02449.89755,E,3.50,180.0,120826,,,R*70
$GNGGA,081115.80,2756.95848,S,02449.89755,E,4,18,0.7,93.986,M,28.000,M,1.0,0000*7B
$GNGST,081115.80,0.012,0.015,0.011,32.1,0.011,0.013,0.021*7B
$GNRMC,081115.80,A,2756.95848,S,02449.89755,E,3.50,180.0,120826,,,R*79
$GNGGA,081116.00,2756.95868,S,02449.89755,E,4,18,0.7,93.986,M,28.000,M,1.0,0000*72
$GNGST,081116.00,0.012,0.015,0.011,32.1,0.011,0.013,0.021*70
$GNRMC,081116.00,A,2756.95868,S,02449.89755,E,3.50,180.0,120826,,,R*70
$GNGGA,081116.20,2756.95887,S,02449.89755,E,4,18,0.7,93.986,M,28.000,M,1.0,0000*71
$GNGST,081116.20,0.012,0.015,0.011,32.1,0.011,0.013,0.021*72
$GNRMC,081116.20,A,2756.95887,S,02449.89755,E,3.50,180.0,120826,,,R*73
$GNGGA,081116.40,2756.95907,S,02449.89755,E,4,18,0.7,93.986,M,28.000,M,1.0,0000*7E
$GNGST,081116.40,0.012,0.015,0.011,32.1,0.011,0.013,0.021*74
$GNRMC,081116.40,A,2756.95907,S,02449.89755,E,3.50,180.0,120826,,,R*7C
$GNGGA,081116.60,2756.95926,S,02449.89755,E,4,18,0.7,93.986,M,28.000,M,1.0,0000*7F
$GNGST,081116.60,0.012,0.015,0.011,32.1,0.011,0.013,0.021*76
$GNRMC,081116.60,A,2756.95926,S,02449.89755,E,3.50,180.0,120826,,,R*7D
$GNGGA,081116.80,2756.95946,S,02449.89755,E,4,18,0.7,93.986,M,28.000,M,1.0,0000*77
$GNGST,081116.80,0.012,0.015,0.011,32.1,0.011,0.013,0.021*78
$GNRMC,081116.80,A,2756.95946,S,02449.89755,E,3.50,180.0,120826,,,R*75
$GNGGA,081117.00,2756.95965,S,02449.89755,E,4,18,0.7,93.986,M,28.000,M,1.0,0000*7F
$GNGST,081117.00,0.012,0.015,0.011,32.1,0.011,0.013,0.021*71
$GNRMC,081117.00,A,2756.95965,S,02449.89755,E,3.50,180.0,120826,,,R*7D
$GNGGA,081117.20,2756.95985,S,02449.89755,E,4,18,0.7,93.987,M,28.000,M,1.0,0000*72
$GNGST,081117.20,0.012,0.015,0.011,32.1,0.011,0.013,0.021*73
$GNRMC,081117.20,A,2756.95985,S,02449.89755,E,3.50,180.0,120826,,,R*71
$GNGGA,081117.40,2756.96004,S,02449.89755,E,4,18,0.7,93.987,M,28.000,M,1.0,0000*77
$GNGST,081117.40,0.012,0.015,0.011,32.1,0.011,0.013,0.021*75
$GNRMC,081117.40,A,2756.96004,S,02449.89755,E,3.50,180.0,120826,,,R*74
$GNGGA,081117.60,2756.96024,S,02449.89755,E,4,18,0.7,93.987,M,28.000,M,1.0,0000*77
$GNGST,081117.60,0.012,0.015,0.011,32.1,0.011,0.013,0.021*77
$GNRMC,081117.60,A,2756.96024,S,02449.89755,E,3.50,180.0,120826,,,R*74
$GNGGA,081117.80,2756.96043,S,02449.89755,E,4,18,0.7,93.987,M,28.000,M,1.0,0000*78
$GNGST,081117.80,0.012,0.015,0.011,32.1,0.011,0.013,0.021*79
$GNRMC,081117.80,A,2756.96043,S,02449.89755,E,3.50,180.0,120826,,,R*7B
$GNGGA,081118.00,2756.96063,S,02449.89755,E,4,18,0.7,93.987,M,28.000,M,1.0,0000*7D
$GNGST,081118.00,0.012,0.015,0.011,32.1,0.011,0.013,0.021*7E
$GNRMC,081118.00,A,2756.96063,S,02449.89755,E,3.50,180.0,120826,,,R*7E
$GNGGA,081118.20,2756.96082,S,02449.89755,E,4,18,0.7,93.987,M,28.000,M,1.0,0000*70
$GNGST,081118.20,0.012,0.015,0.011,32.1,0.011,0.013,0.021*7C
$GNRMC,081118.20,A,2756.96082,S,02449.89755,E,3.50,180.0,120826,,,R*73
$GNGGA,081118.40,2756.96102,S,02449.89755,E,4,18,0.7,93.987,M,28.000,M,1.0,0000*7F
$GNGST,081118.40,0.012,0.015,0.011,32.1,0.011,0.013,0.021*7A
$GNRMC,081118.40,A,2756.96102,S,02449.89755,E,3.50,180.0,120826,,,R*7C
$GNGGA,081118.60,2756.96121,S,02449.89755,E,4,18,0.7,93.988,M,28.000,M,1.0,0000*73
$GNGST,081118.60,0.012,0.015,0.011,32.1,0.011,0.013,0.021*78
$GNRMC,081118.60,A,2756.96121,S,02449.89755,E,3.50,180.0,120826,,,R*7F
$GNGGA,081118.80,2756.96141,S,02449.89755,E,4,18,0.7,93.988,M,28.000,M,1.0,0000*7B
$GNGST,081118.80,0.012,0.015,0.011,32.1,0.011,0.013,0.021*76
$GNRMC,081118.80,A,2756.96141,S,02449.89755,E,3.50,180.0,120826,,,R*77
$GNGGA,081119.00,2756.96160,S,02449.89755,E,4,18,0.7,93.988,M,28.000,M,1.0,0000*71
$GNGST,081119.00,0.012,0.015,0.011,32.1,0.011,0.013,0.021*7F
$GNRMC,081119.00,A,2756.96160,S,02449.89755,E,3.50,180.0,120826,,,R*7D
$GNGGA,081119.20,2756.96180,S,02449.89755,E,4,18,0.7,93.988,M,28.000,M,1.0,0000*7D
$GNGST,081119.20,0.012,0.015,0.011,32.1,0.011,0.013,0.021*7D
$GNRMC,081119.20,A,2756.96180,S,02449.89755,E,3.50,180.0,120826,,,R*71
$GNGGA,081119.40,2756.96199,S,02449.89755,E,4,18,0.7,93.988,M,28.000,M,1.0,0000*73
$GNGST,081119.40,0.012,0.015,0.011,32.1,0.011,0.013,0.021*7B
$GNRMC,081119.40,A,2756.96199,S,02449.89755,E,3.50,180.0,120826,,,R*7F
$GNGGA,081119.60,2756.96219,S,02449.89755,E,4,18,0.7,93.988,M,28.000,M,1.0,0000*7A
$GNGST,081119.60,0.012,0.015,0.011,32.1,0.011,0.013,0.021*79
$GNRMC,081119.60,A,2756.96219,S,02449.89755,E,3.50,180.0,120826,,,R*76
$GNGGA,081119.80,2756.96238,S,02449.89755,E,4,18,0.7,93.989,M,28.000,M,1.0,0000*76
$GNGST,081119.80,0.012,0.015,0.011,32.1,0.011,0.013,0.021*77
$GNRMC,081119.80,A,2756.96238,S,02449.89755,E,3.50,180.0,120826,,,R*7B
$GNGGA,081120.00,2756.96258,S,02449.89755,E,4,18,0.7,93.989,M,28.000,M,1.0,0000*72
$GNGST,081120.00,0.012,0.015,0.011,32.1,0.011,0.013,0.021*75
$GNRMC,081120.00,A,2756.96258,S,02449.89755,E,3.50,180.0,120826,,,R*7F
$GNGGA,081120.20,2756.96277,S,02449.89755,E,4,18,0.7,93.989,M,28.000,M,1.0,0000*7D
$GNGST,081120.20,0.012,0.015,0.011,32.1,0.011,0.013,0.021*77
$GNRMC,081120.20,A,2756.96277,S,02449.89755,E,3.50,180.0,120826,,,R*70
$GNGGA,081120.40,2756.96297,S,02449.89755,E,4,18,0.7,93.989,M,28.000,M,1.0,0000*75
$GNGST,081120.40,0.012,0.015,0.011,32.1,0.011,0.013,0.021*71
$GNRMC,081120.40,A,2756.96297,S,02449.89755,E,3.50,180.0,120826,,,R*78
$GNGGA,081120.60,2756.96316,S,02449.89755,E,4,18,0.7,93.989,M,28.000,M,1.0,0000*7F
$GNGST,081120.60,0.012,0.015,0.011,32.1,0.011,0.013,0.021*73
$GNRMC,081120.60,A,2756.96316,S,02449.89755,E,3.50,180.0,120826,,,R*72
$GNGGA,081120.80,2756.96336,S,02449.89755,E,4,18,0.7,93.989,M,28.000,M,1.0,0000*73
$GNGST,081120.80,0.012,0.015,0.011,32.1,0.011,0.013,0.021*7D
$GNRMC,081120.80,A,2756.96336,S,02449.89755,E,3.50,180.0,120826,,,R*7E
$GNGGA,081121.00,2756.96355,S,02449.89755,E,4,18,0.7,93.990,M,28.000,M,1.0,0000*77
$GNGST,081121.00,0.012,0.015,0.011,32.1,0.011,0.013,0.021*74
$GNRMC,081121.00,A,2756.96355,S,02449.89755,E,3.50,180.0,120826,,,R*72
$GNGGA,081121.20,2756.96375,S,02449.89755,E,4,18,0.7,93.990,M,28.000,M,1.0,0000*77
$GNGST,081121.20,0.012,0.015,0.011,32.1,0.011,0.013,0.021*76
$GNRMC,081121.20,A,2756.96375,S,02449.89755,E,3.50,180.0,120826,,,R*72
$GNGGA,081121.40,2756.96394,S,02449.89755,E,4,18,0.7,93.990,M,28.000,M,1.0,0000*7E
$GNGST,081121.40,0.012,0.015,0.011,32.1,0.011,0.013,0.021*70
$GNRMC,081121.40,A,2756.96394,S,02449.89755,E,3.50,180.0,120826,,,R*7B
$GNGGA,081121.60,2756.96414,S,02449.89755,E,4,18,0.7,93.990,M,28.000,M,1.0,0000*73
$GNGST,081121.60,0.012,0.015,0.011,32.1,0.011,0.013,0.021*72
$GNRMC,081121.60,A,2756.96414,S,02449.89755,E,3.50,180.0,120826,,,R*76
$GNGGA,081121.80,2756.96433,S,02449.89755,E,4,18,0.7,93.990,M,28.000,M,1.0,0000*78
$GNGST,081121.80,0.012,0.015,0.011,32.1,0.011,0.013,0.021*7C
$GNRMC,081121.80,A,2756.96433,S,02449.89755,E,3.50,180.0,120826,,,R*7D
$GNGGA,081122.00,2756.96453,S,02449.89755,E,4,18,0.7,93.991,M,28.000,M,1.0,0000*74
$GNGST,081122.00,0.012,0.015,0.011,32.1,0.011,0.013,0.021*77
$GNRMC,081122.00,A,2756.96453,S,02449.89755,E,3.50,180.0,120826,,,R*70
$GNGGA,081122.20,2756.96472,S,02449.89755,E,4,18,0.7,93.991,M,28.000,M,1.0,0000*75
$GNGST,081122.20,0.012,0.015,0.011,32.1,0.011,0.013,0.021*75
$GNRMC,081122.20,A,2756.96472,S,02449.89755,E,3.50,180.0,120826,,,R*71
$GNGGA,081122.40,2756.96492,S,02449.89755,E,4,18,0.7,93.991,M,28.000,M,1.0,0000*7D
$GNGST,081122.40,0.012,0.015,0.011,32.1,0.011,0.013,0.021*73
$GNRMC,081122.40,A,2756.96492,S,02449.89755,E,3.50,180.0,120826,,,R*79
$GNGGA,081122.60,2756.96511,S,02449.89755,E,4,18,0.7,93.991,M,28.000,M,1.0,0000*75
$GNGST,081122.60,0.012,0.015,0.011,32.1,0.011,0.013,0.021*71
$GNRMC,081122.60,A,2756.96511,S,02449.89755,E,3.50,180.0,120826,,,R*71
$GNGGA,081122.80,2756.96531,S,02449.89755,E,4,18,0.7,93.992,M,28.000,M,1.0,0000*7A
$GNGST,081122.80,0.012,0.015,0.011,32.1,0.011,0.013,0.021*7F
$GNRMC,081122.80,A,2756.96531,S,02449.89755,E,3.50,180.0,120826,,,R*7D
$GNGGA,081123.00,2756.96550,S,02449.89755,E,4,18,0.7,93.992,M,28.000,M,1.0,0000*74
$GNGST,081123.00,0.012,0.015,0.011,32.1,0.011,0.013,0.021*76
$GNRMC,081123.00,A,2756.96550,S,02449.89755,E,3.50,180.0,120826,,,R*73
$GNGGA,081123.20,2756.96570,S,02449.89755,E,4,18,0.7,93.992,M,28.000,M,1.0,0000*74
$GNGST,081123.20,0.012,0.015,0.011,32.1,0.011,0.013,0.021*74
$GNRMC,081123.20,A,2756.96570,S,02449.89755,E,3.50,180.0,120826,,,R*73
$GNGGA,081123.40,2756.96589,S,02449.89755,E,4,18,0.7,93.992,M,28.000,M,1.0,0000*74
$GNGST,081123.40,0.012,0.015,0.011,32.1,0.011,0.013,0.021*72
$GNRMC,081123.40,A,2756.96589,S,02449.89755,E,3.50,180.0,120826,,,R*73
$GNGGA,081123.60,2756.96609,S,02449.89755,E,4,18,0.7,93.992,M,28.000,M,1.0,0000*7D
$GNGST,081123.60,0.012,0.015,0.011,32.1,0.011,0.013,0.021*70
$GNRMC,081123.60,A,2756.96609,S,02449.89755,E,3.50,180.0,120826,,,R*7A
$GNGGA,081123.80,2756.96628,S,02449.89755,E,4,18,0.7,93.993,M,28.000,M,1.0,0000*71
$GNGST,081123.80,0.012,0.015,0.011,32.1,0.011,0.013,0.021*7E
$GNRMC,081123.80,A,2756.96628,S,02449.89755,E,3.50,180.0,120826,,,R*77
$GNGGA,081124.00,2756.96647,S,02449.89755,E,4,18,0.7,93.993,M,28.000,M,1.0,0000*77
$GNGST,081124.00,0.012,0.015,0.011,32.1,0.011,0.013,0.021*71
$GNRMC,081124.00,A,2756.96647,S,02449.89755,E,3.50,180.0,120826,,,R*71
$GNGGA,081124.20,2756.96667,S,02449.89755,E,4,18,0.7,93.993,M,28.000,M,1.0,0000*77
$GNGST,081124.20,0.012,0.015,0.011,32.1,0.011,0.013,0.021*73
$GNRMC,081124.20,A,2756.96667,S,02449.89755,E,3.50,180.0,120826,,,R*71
$GNGGA,081124.40,2756.96686,S,02449.89755,E,4,18,0.7,93.993,M,28.000,M,1.0,0000*7E
$GNGST,081124.40,0.012,0.015,0.011,32.1,0.011,0.013,0.021*75
$GNRMC,081124.40,A,2756.96686,S,02449.89755,E,3.50,180.0,120826,,,R*78
$GNGGA,081124.60,2756.96706,S,02449.89755,E,4,18,0.7,93.993,M,28.000,M,1.0,0000*75
$GNGST,081124.60,0.012,0.015,0.011,32.1,0.011,0.013,0.021*77
$GNRMC,081124.60,A,2756.96706,S,02449.89755,E,3.50,180.0,120826,,,R*73
$GNGGA,081124.80,2756.96725,S,02449.89755,E,4,18,0.7,93.994,M,28.000,M,1.0,0000*7D
$GNGST,081124.80,0.012,0.015,0.011,32.1,0.011,0.013,0.021*79
$GNRMC,081124.80,A,2756.96725,S,02449.89755,E,3.50,180.0,120826,,,R*7C
$GNGGA,081125.00,2756.96745,S,02449.89755,E,4,18,0.7,93.994,M,28.000,M,1.0,0000*72
$GNGST,081125.00,0.012,0.015,0.011,32.1,0.011,0.013,0.021*70
$GNRMC,081125.00,A,2756.96745,S,02449.89755,E,3.50,180.0,120826,,,R*73
$GNGGA,081125.20,2756.96764,S,02449.89755,E,4,18,0.7,93.994,M,28.000,M,1.0,0000*73
$GNGST,081125.20,0.012,0.015,0.011,32.1,0.011,0.013,0.021*72
$GNRMC,081125.20,A,2756.96764,S,02449.89755,E,3.50,180.0,120826,,,R*72
$GNGGA,081125.40,2756.96784,S,02449.89755,E,4,18,0.7,93.994,M,28.000,M,1.0,0000*7B
$GNGST,081125.40,0.012,0.015,0.011,32.1,0.011,0.013,0.021*74
$GNRMC,081125.40,A,2756.96784,S,02449.89755,E,3.50,180.0,120826,,,R*7A
$GNGGA,081125.60,2756.96803,S,02449.89755,E,4,18,0.7,93.995,M,28.000,M,1.0,0000*78
$GNGST,081125.60,0.012,0.015,0.011,32.1,0.011,0.013,0.021*76
$GNRMC,081125.60,A,2756.96803,S,02449.89755,E,3.50,180.0,120826,,,R*78
$GNGGA,081125.80,2756.96823,S,02449.89755,E,4,18,0.7,93.995,M,28.000,M,1.0,0000*74
$GNGST,081125.80,0.012,0.015,0.011,32.1,0.011,0.013,0.021*78
$GNRMC,081125.80,A,2756.96823,S,02449.89755,E,3.50,180.0,120826,,,R*74
$GNGGA,081126.00,2756.96842,S,02449.89755,E,4,18,0.7,93.995,M,28.000,M,1.0,0000*78
$GNGST,081126.00,0.012,0.015,0.011,32.1,0.011,0.013,0.021*73
$GNRMC,081126.00,A,2756.96842,S,02449.89755,E,3.50,180.0,120826,,,R*78
$GNGGA,081126.20,2756.96862,S,02449.89755,E,4,18,0.7,93.995,M,28.000,M,1.0,0000*78
$GNGST,081126.20,0.012,0.015,0.011,32.1,0.011,0.013,0.021*71
$GNRMC,081126.20,A,2756.96862,S,02449.89755,E,3.50,180.0,120826,,,R*78
$GNGGA,081126.40,2756.96881,S,02449.89755,E,4,18,0.7,93.995,M,28.000,M,1.0,0000*73
$GNGST,081126.40,0.012,0.015,0.011,32.1,0.011,0.013,0.021*77
$GNRMC,081126.40,A,2756.96881,S,02449.89755,E,3.50,180.0,120826,,,R*73
$GNGGA,081126.60,2756.96901,S,02449.89755,E,4,18,0.7,93.996,M,28.000,M,1.0,0000*7B
$GNGST,081126.60,0.012,0.015,0.011,32.1,0.011,0.013,0.021*75
$GNRMC,081126.60,A,2756.96901,S,02449.89755,E,3.50,180.0,120826,,,R*78
$GNGGA,081126.80,2756.96920,S,02449.89755,E,4,18,0.7,93.996,M,28.000,M,1.0,0000*76
$GNGST,081126.80,0.012,0.015,0.011,32.1,0.011,0.013,0.021*7B
$GNRMC,081126.80,A,2756.96920,S,02449.89755,E,3.50,180.0,120826,,,R*75
$GNGGA,081127.00,2756.96940,S,02449.89755,E,4,18,0.7,93.996,M,28.000,M,1.0,0000*79
$GNGST,081127.00,0.012,0.015,0.011,32.1,0.011,0.013,0.021*72
$GNRMC,081127.00,A,2756.96940,S,02449.89755,E,3.50,180.0,120826,,,R*7A
$GNGGA,081127.20,2756.96959,S,02449.89755,E,4,18,0.7,93.996,M,28.000,M,1.0,0000*73
$GNGST,081127.20,0.012,0.015,0.011,32.1,0.011,0.013,0.021*70
$GNRMC,081127.20,A,2756.96959,S,02449.89755,E,3.50,180.0,120826,,,R*70
$GNGGA,081127.40,2756.96979,S,02449.89755,E,4,18,0.7,93.997,M,28.000,M,1.0,0000*76
$GNGST,081127.40,0.012,0.015,0.011,32.1,0.011,0.013,0.021*76
$GNRMC,081127.40,A,2756.96979,S,02449.89755,E,3.50,180.0,120826,,,R*74
$GNGGA,081127.60,2756.96998,S,02449.89755,E,4,18,0.7,93.997,M,28.000,M,1.0,0000*7B
$GNGST,081127.60,0.012,0.015,0.011,32.1,0.011,0.013,0.021*74
$GNRMC,081127.60,A,2756.96998,S,02449.89755,E,3.50,180.0,120826,,,R*79
$GNGGA,081127.80,2756.97018,S,02449.89755,E,4,18,0.7,93.997,M,28.000,M,1.0,0000*75
$GNGST,081127.80,0.012,0.015,0.011,32.1,0.011,0.013,0.021*7A
$GNRMC,081127.80,A,2756.97018,S,02449.89755,E,3.50,180.0,120826,,,R*77
$GNGGA,081128.00,2756.97037,S,02449.89755,E,4,18,0.7,93.997,M,28.000,M,1.0,0000*7F
$GNGST,081128.00,0.012,0.015,0.011,32.1,0.011,0.013,0.021*7D
$GNRMC,081128.00,A,2756.97037,S,02449.89755,E,3.50,180.0,120826,,,R*7D
$GNGGA,081128.20,2756.97057,S,02449.89755,E,4,18,0.7,93.997,M,28.000,M,1.0,0000*7B
$GNGST,081128.20,0.012,0.015,0.011,32.1,0.011,0.013,0.021*7F
$GNRMC,081128.20,A,2756.97057,S,02449.89755,E,3.50,180.0,120826,,,R*79
$GNGGA,081128.40,2756.97076,S,02449.89755,E,4,18,0.7,93.998,M,28.000,M,1.0,0000*71
$GNGST,081128.40,0.012,0.015,0.011,32.1,0.011,0.013,0.021*79
$GNRMC,081128.40,A,2756.97076,S,02449.89755,E,3.50,180.0,120826,,,R*7C
$GNGGA,081128.60,2756.97096,S,02449.89755,E,4,18,0.7,93.998,M,28.000,M,1.0,0000*7D
$GNGST,081128.60,0.012,0.015,0.011,32.1,0.011,0.013,0.021*7B
$GNRMC,081128.60,A,2756.97096,S,02449.89755,E,3.50,180.0,120826,,,R*70
$GNGGA,081128.80,2756.97115,S,02449.89755,E,4,18,0.7,93.998,M,28.000,M,1.0,0000*79
$GNGST,081128.80,0.012,0.015,0.011,32.1,0.011,0.013,0.021*75
$GNRMC,081128.80,A,2756.97115,S,02449.89755,E,3.50,180.0,120826,,,R*74
$GNGGA,081129.00,2756.97135,S,02449.89755,E,4,18,0.7,93.998,M,28.000,M,1.0,0000*72
$GNGST,081129.00,0.012,0.015,0.011,32.1,0.011,0.013,0.021*7C
$GNRMC,081129.00,A,2756.97135,S,02449.89755,E,3.50,180.0,120826,,,R*7F
$GNGGA,081129.20,2756.97154,S,02449.89755,E,4,18,0.7,93.998,M,28.000,M,1.0,0000*77
$GNGST,081129.20,0.012,0.015,0.011,32.1,0.011,0.013,0.021*7E
$GNRMC,081129.20,A,2756.97154,S,02449.89755,E,3.50,180.0,120826,,,R*7A
$GNGGA,081129.40,2756.97174,S,02449.89755,E,4,18,0.7,93.999,M,28.000,M,1.0,0000*72
$GNGST,081129.40,0.012,0.015,0.011,32.1,0.011,0.013,0.021*78
$GNRMC,081129.40,A,2756.97174,S,02449.89755,E,3.50,180.0,120826,,,R*7E
$GNGGA,081129.60,2756.97193,S,02449.89755,E,4,18,0.7,93.999,M,28.000,M,1.0,0000*79
$GNGST,081129.60,0.012,0.015,0.011,32.1,0.011,0.013,0.021*7A
$GNRMC,081129.60,A,2756.97193,S,02449.89755,E,3.50,180.0,120826,,,R*75
$GNGGA,081129.80,2756.97213,S,02449.89755,E,4,18,0.7,93.999,M,28.000,M,1.0,0000*7C
$GNGST,081129.80,0.012,0.015,0.011,32.1,0.011,0.013,0.021*74
$GNRMC,081129.80,A,2756.97213,S,02449.89755,E,3.50,180.0,120826,,,R*70
$GNGGA,081130.00,2756.97232,S,02449.89755,E,4,18,0.7,93.999,M,28.000,M,1.0,0000*7F
$GNGST,081130.00,0.012,0.015,0.011,32.1,0.011,0.013,0.021*74
$GNRMC,081130.00,A,2756.97232,S,02449.89755,E,3.50,180.0,120826,,,R*73
$GNGGA,081130.20,2756.97252,S,02449.89755,E,4,18,0.7,93.999,M,28.000,M,1.0,0000*7B
$GNGST,081130.20,0.012,0.015,0.011,32.1,0.011,0.013,0.021*76
$GNRMC,081130.20,A,2756.97252,S,02449.89755,E,3.50,180.0,120826,,,R*77
$GNGGA,081130.40,2756.97271,S,02449.89755,E,4,18,0.7,94.000,M,28.000,M,1.0,0000*72
$GNGST,081130.40,0.012,0.015,0.011,32.1,0.011,0.013,0.021*70
$GNRMC,081130.40,A,2756.97271,S,02449.89755,E,3.50,180.0,120826,,,R*70
$GNGGA,081130.60,2756.97291,S,02449.89755,E,4,18,0.7,94.000,M,28.000,M,1.0,0000*7E
$GNGST,081130.60,0.012,0.015,0.011,32.1,0.011,0.013,0.021*72
$GNRMC,081130.60,A,2756.97291,S,02449.89755,E,3.50,180.0,120826,,,R*7C
$GNGGA,081130.80,2756.97310,S,02449.89755,E,4,18,0.7,94.000,M,28.000,M,1.0,0000*78
$GNGST,081130.80,0.012,0.015,0.011,32.1,0.011,0.013,0.021*7C
$GNRMC,081130.80,A,2756.97310,S,02449.89755,E,3.50,180.0,120826,,,R*7A
$GNGGA,081131.00,2756.97330,S,02449.89755,E,4,18,0.7,94.000,M,28.000,M,1.0,0000*73
$GNGST,081131.00,0.012,0.015,0.011,32.1,0.011,0.013,0.021*75
$GNRMC,081131.00,A,2756.97330,S,02449.89755,E,3.50,180.0,120826,,,R*71
$GNGGA,081131.20,2756.97349,S,02449.89755,E,4,18,0.7,94.000,M,28.000,M,1.0,0000*7F
$GNGST,081131.20,0.012,0.015,0.011,32.1,0.011,0.013,0.021*77
$GNRMC,081131.20,A,2756.97349,S,02449.89755,E,3.50,180.0,120826,,,R*7D
$GNGGA,081131.40,2756.97369,S,02449.89755,E,4,18,0.7,94.000,M,28.000,M,1.0,0000*7B
$GNGST,081131.40,0.012,0.015,0.011,32.1,0.011,0.013,0.021*71
$GNRMC,081131.40,A,2756.97369,S,02449.89755,E,3.50,180.0,120826,,,R*79
$GNGGA,081131.60,2756.97388,S,02449.89755,E,4,18,0.7,94.001,M,28.000,M,1.0,0000*77
$GNGST,081131.60,0.012,0.015,0.011,32.1,0.011,0.013,0.021*73
$GNRMC,081131.60,A,2756.97388,S,02449.89755,E,3.50,180.0,120826,,,R*74
$GNGGA,081131.80,2756.97408,S,02449.89755,E,4,18,0.7,94.001,M,28.000,M,1.0,0000*76
$GNGST,081131.80,0.012,0.015,0.011,32.1,0.011,0.013,0.021*7D
$GNRMC,081131.80,A,2756.97408,S,02449.89755,E,3.50,180.0,120826,,,R*75
$GNGGA,081132.00,2756.97427,S,02449.89755,E,4,18,0.7,94.001,M,28.000,M,1.0,0000*70
$GNGST,081132.00,0.012,0.015,0.011,32.1,0.011,0.013,0.021*76
$GNRMC,081132.00,A,2756.97427,S,02449.89755,E,3.50,180.0,120826,,,R*73
$GNGGA,081132.20,2756.97447,S,02449.89755,E,4,18,0.7,94.001,M,28.000,M,1.0,0000*74
$GNGST,081132.20,0.012,0.015,0.011,32.1,0.011,0.013,0.021*74
$GNRMC,081132.20,A,2756.97447,S,02449.89755,E,3.50,180.0,120826,,,R*77
$GNGGA,081132.40,2756.97466,S,02449.89755,E,4,18,0.7,94.001,M,28.000,M,1.0,0000*71
$GNGST,081132.40,0.012,0.015,0.011,32.1,0.011,0.013,0.021*72
$GNRMC,081132.40,A,2756.97466,S,02449.89755,E,3.50,180.0,120826,,,R*72
$GNGGA,081132.60,2756.97486,S,02449.89755,E,4,18,0.7,94.001,M,28.000,M,1.0,0000*7D
$GNGST,081132.60,0.012,0.015,0.011,32.1,0.011,0.013,0.021*70
$GNRMC,081132.60,A,2756.97486,S,02449.89755,E,3.50,180.0,120826,,,R*7E
$GNGGA,081132.80,2756.97505,S,02449.89755,E,4,18,0.7,94.001,M,28.000,M,1.0,0000*79
$GNGST,081132.80,0.012,0.015,0.011,32.1,0.011,0.013,0.021*7E
$GNRMC,081132.80,A,2756.97505,S,02449.89755,E,3.50,180.0,120826,,,R*7A
$GNGGA,081133.00,2756.97525,S,02449.89755,E,4,18,0.7,94.001,M,28.000,M,1.0,0000*72
$GNGST,081133.00,0.012,0.015,0.011,32.1,0.011,0.013,0.021*77
$GNRMC,081133.00,A,2756.97525,S,02449.89755,E,3.50,180.0,120826,,,R*71
$GNGGA,081133.20,2756.97544,S,02449.89755,E,4,18,0.7,94.002,M,28.000,M,1.0,0000*74
$GNGST,081133.20,0.012,0.015,0.011,32.1,0.011,0.013,0.021*75
$GNRMC,081133.20,A,2756.97544,S,02449.89755,E,3.50,180.0,120826,,,R*74
$GNGGA,081133.40,2756.97564,S,02449.89755,E,4,18,0.7,94.002,M,28.000,M,1.0,0000*70
$GNGST,081133.40,0.012,0.015,0.011,32.1,0.011,0.013,0.021*73
$GNRMC,081133.40,A,2756.97564,S,02449.89755,E,3.50,180.0,120826,,,R*70
$GNGGA,081133.60,2756.97583,S,02449.89755,E,4,18,0.7,94.002,M,28.000,M,1.0,0000*7B
$GNGST,081133.60,0.012,0.015,0.011,32.1,0.011,0.013,0.021*71
$GNRMC,081133.60,A,2756.97583,S,02449.89755,E,3.50,180.0,120826,,,R*7B
$GNGGA,081133.80,2756.97603,S,02449.89755,E,4,18,0.7,94.002,M,28.000,M,1.0,0000*7E
$GNGST,081133.80,0.012,0.015,0.011,32.1,0.011,0.013,0.021*7F
$GNRMC,081133.80,A,2756.97603,S,02449.89755,E,3.50,180.0,120826,,,R*7E
$GNGGA,081134.00,2756.97622,S,02449.89755,E,4,18,0.7,94.002,M,28.000,M,1.0,0000*72
$GNGST,081134.00,0.012,0.015,0.011,32.1,0.011,0.013,0.021*70
$GNRMC,081134.00,A,2756.97622,S,02449.89755,E,3.50,180.0,120826,,,R*72
$GNGGA,081134.20,2756.97642,S,02449.89755,E,4,18,0.7,94.002,M,28.000,M,1.0,0000*76
$GNGST,081134.20,0.012,0.015,0.011,32.1,0.011,0.013,0.021*72
$GNRMC,081134.20,A,2756.97642,S,02449.89755,E,3.50,180.0,120826,,,R*76
$GNGGA,081134.40,2756.97661,S,02449.89755,E,4,18,0.7,94.002,M,28.000,M,1.0,0000*71
$GNGST,081134.40,0.012,0.015,0.011,32.1,0.011,0.013,0.021*74
$GNRMC,081134.40,A,2756.97661,S,02449.89755,E,3.50,180.0,120826,,,R*71
$GNGGA,081134.60,2756.97681,S,02449.89755,E,4,18,0.7,94.002,M,28.000,M,1.0,0000*7D
$GNGST,081134.60,0.012,0.015,0.011,32.1,0.011,0.013,0.021*76
$GNRMC,081134.60,A,2756.97681,S,02449.89755,E,3.50,180.0,120826,,,R*7D
$GNGGA,081134.80,2756.97700,S,02449.89755,E,4,18,0.7,94.002,M,28.000,M,1.0,0000*7B
$GNGST,081134.80,0.012,0.015,0.011,32.1,0.011,0.013,0.021*78
$GNRMC,081134.80,A,2756.97700,S,02449.89755,E,3.50,180.0,120826,,,R*7B
$GNGGA,081135.00,2756.97720,S,02449.89755,E,4,18,0.7,94.002,M,28.000,M,1.0,0000*70
$GNGST,081135.00,0.012,0.015,0.011,32.1,0.011,0.013,0.021*71
$GNRMC,081135.00,A,2756.97720,S,02449.89755,E,3.50,180.0,120826,,,R*70
$GNGGA,081135.20,2756.97739,S,02449.89755,E,4,18,0.7,94.003,M,28.000,M,1.0,0000*7B
$GNGST,081135.20,0.012,0.015,0.011,32.1,0.011,0.013,0.021*73
$GNRMC,081135.20,A,2756.97739,S,02449.89755,E,3.50,180.0,120826,,,R*7A
$GNGGA,081135.40,2756.97758,S,02449.89755,E,4,18,0.7,94.003,M,28.000,M,1.0,0000*7A
$GNGST,081135.40,0.012,0.015,0.011,32.1,0.011,0.013,0.021*75
$GNRMC,081135.40,A,2756.97758,S,02449.89755,E,3.50,180.0,120826,,,R*7B
$GNGGA,081135.60,2756.97778,S,02449.89755,E,4,18,0.7,94.003,M,28.000,M,1.0,0000*7A
$GNGST,081135.60,0.012,0.015,0.011,32.1,0.011,0.013,0.021*77
$GNRMC,081135.60,A,2756.97778,S,02449.89755,E,3.50,180.0,120826,,,R*7B
$GNGGA,081135.80,2756.97797,S,02449.89755,E,4,18,0.7,94.003,M,28.000,M,1.0,0000*75
$GNGST,081135.80,0.012,0.015,0.011,32.1,0.011,0.013,0.021*79
$GNRMC,081135.80,A,2756.97797,S,02449.89755,E,3.50,180.0,120826,,,R*74
$GNGGA,081136.00,2756.97817,S,02449.89755,E,4,18,0.7,94.003,M,28.000,M,1.0,0000*79
$GNGST,081136.00,0.012,0.015,0.011,32.1,0.011,0.013,0.021*72
$GNRMC,081136.00,A,2756.97817,S,02449.89755,E,3.50,180.0,120826,,,R*78
$GNGGA,081136.20,2756.97836,S,02449.89755,E,4,18,0.7,94.003,M,28.000,M,1.0,0000*78
$GNGST,081136.20,0.012,0.015,0.011,32.1,0.011,0.013,0.021*70
$GNRMC,081136.20,A,2756.97836,S,02449.89755,E,3.50,180.0,120826,,,R*79
$GNGGA,081136.40,2756.97856,S,02449.89755,E,4,18,0.7,94.003,M,28.000,M,1.0,0000*78
$GNGST,081136.40,0.012,0.015,0.011,32.1,0.011,0.013,0.021*76
$GNRMC,081136.40,A,2756.97856,S,02449.89755,E,3.50,180.0,120826,,,R*79
$GNGGA,081136.60,2756.97875,S,02449.89755,E,4,18,0.7,94.003,M,28.000,M,1.0,0000*7B
$GNGST,081136.60,0.012,0.015,0.011,32.1,0.011,0.013,0.021*74
$GNRMC,081136.60,A,2756.97875,S,02449.89755,E,3.50,180.0,120826,,,R*7A
$GNGGA,081136.80,2756.97895,S,02449.89755,E,4,18,0.7,94.003,M,28.000,M,1.0,0000*7B
$GNGST,081136.80,0.012,0.015,0.011,32.1,0.011,0.013,0.021*7A
$GNRMC,081136.80,A,2756.97895,S,02449.89755,E,3.50,180.0,120826,,,R*7A
$GNGGA,081137.00,2756.97914,S,02449.89755,E,4,18,0.7,94.003,M,28.000,M,1.0,0000*7A
$GNGST,081137.00,0.012,0.015,0.011,32.1,0.011,0.013,0.021*73
$GNRMC,081137.00,A,2756.97914,S,02449.89755,E,3.50,180.0,120826,,,R*7B
$GNGGA,081137.20,2756.97934,S,02449.89755,E,4,18,0.7,94.003,M,28.000,M,1.0,0000*7A
$GNGST,081137.20,0.012,0.015,0.011,32.1,0.011,0.013,0.021*71
$GNRMC,081137.20,A,2756.97934,S,02449.89755,E,3.50,180.0,120826,,,R*7B
$GNGGA,081137.40,2756.97953,S,02449.89755,E,4,18,0.7,94.003,M,28.000,M,1.0,0000*7D
$GNGST,081137.40,0.012,0.015,0.011,32.1,0.011,0.013,0.021*77
$GNRMC,081137.40,A,2756.97953,S,02449.89755,E,3.50,180.0,120826,,,R*7C
$GNGGA,081137.60,2756.97973,S,02449.89755,E,4,18,0.7,94.003,M,28.000,M,1.0,0000*7D
$GNGST,081137.60,0.012,0.015,0.011,32.1,0.011,0.013,0.021*75
$GNRMC,081137.60,A,2756.97973,S,02449.89755,E,3.50,180.0,120826,,,R*7C
$GNGGA,081137.80,2756.97992,S,02449.89755,E,4,18,0.7,94.003,M,28.000,M,1.0,0000*7C
$GNGST,081137.80,0.012,0.015,0.011,32.1,0.011,0.013,0.021*7B
$GNRMC,081137.80,A,2756.97992,S,02449.89755,E,3.50,180.0,120826,,,R*7D
$GNGGA,081138.00,2756.98012,S,02449.89755,E,4,18,0.7,94.003,M,28.000,M,1.0,0000*75
$GNGST,081138.00,0.012,0.015,0.011,32.1,0.011,0.013,0.021*7C
$GNRMC,081138.00,A,2756.98012,S,02449.89755,E,3.50,180.0,120826,,,R*74
$GNGGA,081138.20,2756.98031,S,02449.89755,E,4,18,0.7,94.003,M,28.000,M,1.0,0000*76
$GNGST,081138.20,0.012,0.015,0.011,32.1,0.011,0.013,0.021*7E
$GNRMC,081138.20,A,2756.98031,S,02449.89755,E,3.50,180.0,120826,,,R*77
$GNGGA,081138.40,2756.98051,S,02449.89755,E,4,18,0.7,94.003,M,28.000,M,1.0,0000*76
$GNGST,081138.40,0.012,0.015,0.011,32.1,0.011,0.013,0.021*78
$GNRMC,081138.40,A,2756.98051,S,02449.89755,E,3.50,180.0,120826,,,R*77
$GNGGA,081138.60,2756.98070,S,02449.89755,E,4,18,0.7,94.003,M,28.000,M,1.0,0000*77
$GNGST,081138.60,0.012,0.015,0.011,32.1,0.011,0.013,0.021*7A
$GNRMC,081138.60,A,2756.98070,S,02449.89755,E,3.50,180.0,120826,,,R*76
$GNGGA,081138.80,2756.98090,S,02449.89755,E,4,18,0.7,94.002,M,28.000,M,1.0,0000*76
$GNGST,081138.80,0.012,0.015,0.011,32.1,0.011,0.013,0.021*74
$GNRMC,081138.80,A,2756.98090,S,02449.89755,E,3.50,180.0,120826,,,R*76
$GNGGA,081139.00,2756.98109,S,02449.89755,E,4,18,0.7,94.002,M,28.000,M,1.0,0000*7E
$GNGST,081139.00,0.012,0.015,0.011,32.1,0.011,0.013,0.021*7D
$GNRMC,081139.00,A,2756.98109,S,02449.89755,E,3.50,180.0,120826,,,R*7E
$GNGGA,081139.20,2756.98129,S,02449.89755,E,4,18,0.7,94.002,M,28.000,M,1.0,0000*7E
$GNGST,081139.20,0.012,0.015,0.011,32.1,0.011,0.013,0.021*7F
$GNRMC,081139.20,A,2756.98129,S,02449.89755,E,3.50,180.0,120826,,,R*7E
$GNGGA,081139.40,2756.98148,S,02449.89755,E,4,18,0.7,94.002,M,28.000,M,1.0,0000*7F
$GNGST,081139.40,0.012,0.015,0.011,32.1,0.011,0.013,0.021*79
$GNRMC,081139.40,A,2756.98148,S,02449.89755,E,3.50,180.0,120826,,,R*7F
$GNGGA,081139.60,2756.98168,S,02449.89755,E,4,18,0.7,94.002,M,28.000,M,1.0,0000*7F
$GNGST,081139.60,0.012,0.015,0.011,32.1,0.011,0.013,0.021*7B
$GNRMC,081139.60,A,2756.98168,S,02449.89755,E,3.50,180.0,120826,,,R*7F
$GNGGA,081139.80,2756.98187,S,02449.89755,E,4,18,0.7,94.002,M,28.000,M,1.0,0000*70
$GNGST,081139.80,0.012,0.015,0.011,32.1,0.011,0.013,0.021*75
$GNRMC,081139.80,A,2756.98187,S,02449.89755,E,3.50,180.0,120826,,,R*70
$GNGGA,081140.00,2756.98207,S,02449.89755,E,4,18,0.7,94.002,M,28.000,M,1.0,0000*7D
$GNGST,081140.00,0.012,0.015,0.011,32.1,0.011,0.013,0.021*73
$GNRMC,081140.00,A,2756.98207,S,02449.89755,E,3.50,180.0,120826,,,R*7D
$GNGGA,081140.20,2756.98226,S,02449.89755,E,4,18,0.7,94.002,M,28.000,M,1.0,0000*7C
$GNGST,081140.20,0.012,0.015,0.011,32.1,0.011,0.013,0.021*71
$GNRMC,081140.20,A,2756.98226,S,02449.89755,E,3.50,180.0,120826,,,R*7C
$GNGGA,081140.40,2756.98246,S,02449.89755,E,4,18,0.7,94.002,M,28.000,M,1.0,0000*7C
$GNGST,081140.40,0.012,0.015,0.011,32.1,0.011,0.013,0.021*77
$GNRMC,081140.40,A,2756.98246,S,02449.89755,E,3.50,180.0,120826,,,R*7C
$GNGGA,081140.60,2756.98265,S,02449.89755,E,4,18,0.7,94.002,M,28.000,M,1.0,0000*7F
$GNGST,081140.60,0.012,0.015,0.011,32.1,0.011,0.013,0.021*75
$GNRMC,081140.60,A,2756.98265,S,02449.89755,E,3.50,180.0,120826,,,R*7F
$GNGGA,081140.80,2756.98285,S,02449.89755,E,4,18,0.7,94.001,M,28.000,M,1.0,0000*7C
$GNGST,081140.80,0.012,0.015,0.011,32.1,0.011,0.013,0.021*7B
$GNRMC,081140.80,A,2756.98285,S,02449.89755,E,3.50,180.0,120826,,,R*7F
$GNGGA,081141.00,2756.98304,S,02449.89755,E,4,18,0.7,94.001,M,28.000,M,1.0,0000*7D
$GNGST,081141.00,0.012,0.015,0.011,32.1,0.011,0.013,0.021*72
$GNRMC,081141.00,A,2756.98304,S,02449.89755,E,3.50,180.0,120826,,,R*7E
$GNGGA,081141.20,2756.98324,S,02449.89755,E,4,18,0.7,94.001,M,28.000,M,1.0,0000*7D
$GNGST,081141.20,0.012,0.015,0.011,32.1,0.011,0.013,0.021*70
$GNRMC,081141.20,A,2756.98324,S,02449.89755,E,3.50,180.0,120826,,,R*7E
$GNGGA,081141.40,2756.98343,S,02449.89755,E,4,18,0.7,94.001,M,28.000,M,1.0,0000*7A
$GNGST,081141.40,0.012,0.015,0.011,32.1,0.011,0.013,0.021*76
$GNRMC,081141.40,A,2756.98343,S,02449.89755,E,3.50,180.0,120826,,,R*79
$GNGGA,081141.60,2756.98363,S,02449.89755,E,4,18,0.7,94.001,M,28.000,M,1.0,0000*7A
$GNGST,081141.60,0.012,0.015,0.011,32.1,0.011,0.013,0.021*74
$GNRMC,081141.60,A,2756.98363,S,02449.89755,E,3.50,180.0,120826,,,R*79
$GNGGA,081141.80,2756.98382,S,02449.89755,E,4,18,0.7,94.000,M,28.000,M,1.0,0000*7A
$GNGST,081141.80,0.012,0.015,0.011,32.1,0.011,0.013,0.021*7A
$GNRMC,081141.80,A,2756.98382,S,02449.89755,E,3.50,180.0,120826,,,R*78
$GNGGA,081142.00,2756.98402,S,02449.89755,E,4,18,0.7,94.000,M,28.000,M,1.0,0000*7E
$GNGST,081142.00,0.012,0.015,0.011,32.1,0.011,0.013,0.021*71
$GNRMC,081142.00,A,2756.98402,S,02449.89755,E,3.50,180.0,120826,,,R*7C
$GNGGA,081142.20,2756.98421,S,02449.89755,E,4,18,0.7,94.000,M,28.000,M,1.0,0000*7D
$GNGST,081142.20,0.012,0.015,0.011,32.1,0.011,0.013,0.021*73
$GNRMC,081142.20,A,2756.98421,S,02449.89755,E,3.50,180.0,120826,,,R*7F
$GNGGA,081142.40,2756.98441,S,02449.89755,E,4,18,0.7,94.000,M,28.000,M,1.0,0000*7D
$GNGST,081142.40,0.012,0.015,0.011,32.1,0.011,0.013,0.021*75
$GNRMC,081142.40,A,2756.98441,S,02449.89755,E,3.50,180.0,120826,,,R*7F
$GNGGA,081142.60,2756.98460,S,02449.89755,E,4,18,0.7,94.000,M,28.000,M,1.0,0000*7C
$GNGST,081142.60,0.012,0.015,0.011,32.1,0.011,0.013,0.021*77
$GNRMC,081142.60,A,2756.98460,S,02449.89755,E,3.50,180.0,120826,,,R*7E
$GNGGA,081142.80,2756.98480,S,02449.89755,E,4,18,0.7,93.999,M,28.000,M,1.0,0000*72
$GNGST,081142.80,0.012,0.015,0.011,32.1,0.011,0.013,0.021*79
$GNRMC,081142.80,A,2756.98480,S,02449.89755,E,3.50,180.0,120826,,,R*7E
$GNGGA,081143.00,2756.98499,S,02449.89755,E,4,18,0.7,93.999,M,28.000,M,1.0,0000*73
$GNGST,081143.00,0.012,0.015,0.011,32.1,0.011,0.013,0.021*70
$GNRMC,081143.00,A,2756.98499,S,02449.89755,E,3.50,180.0,120826,,,R*7F
$GNGGA,081143.20,2756.98519,S,02449.89755,E,4,18,0.7,93.999,M,28.000,M,1.0,0000*78
$GNGST,081143.20,0.012,0.015,0.011,32.1,0.011,0.013,0.021*72
$GNRMC,081143.20,A,2756.98519,S,02449.89755,E,3.50,180.0,120826,,,R*74
$GNGGA,081143.40,2756.98538,S,02449.89755,E,4,18,0.7,93.999,M,28.000,M,1.0,0000*7D
$GNGST,081143.40,0.012,0.015,0.011,32.1,0.011,0.013,0.021*74
$GNRMC,081143.40,A,2756.98538,S,02449.89755,E,3.50,180.0,120826,,,R*71
$GNGGA,081143.60,2756.98558,S,02449.89755,E,4,18,0.7,93.998,M,28.000,M,1.0,0000*78
$GNGST,081143.60,0.012,0.015,0.011,32.1,0.011,0.013,0.021*76
$GNRMC,081143.60,A,2756.98558,S,02449.89755,E,3.50,180.0,120826,,,R*75
$GNGGA,081143.80,2756.98577,S,02449.89755,E,4,18,0.7,93.998,M,28.000,M,1.0,0000*7B
$GNGST,081143.80,0.012,0.015,0.011,32.1,0.011,0.013,0.021*78
$GNRMC,081143.80,A,2756.98577,S,02449.89755,E,3.50,180.0,120826,,,R*76
$GNGGA,081144.00,2756.98597,S,02449.89755,E,4,18,0.7,93.998,M,28.000,M,1.0,0000*7A
$GNGST,081144.00,0.012,0.015,0.011,32.1,0.011,0.013,0.021*77
$GNRMC,081144.00,A,2756.98597,S,02449.89755,E,3.50,180.0,120826,,,R*77
$GNGGA,081144.20,2756.98616,S,02449.89755,E,4,18,0.7,93.997,M,28.000,M,1.0,0000*7D
$GNGST,081144.20,0.012,0.015,0.011,32.1,0.011,0.013,0.021*75
$GNRMC,081144.20,A,2756.98616,S,02449.89755,E,3.50,180.0,120826,,,R*7F
$GNGGA,081144.40,2756.98636,S,02449.89755,E,4,18,0.7,93.997,M,28.000,M,1.0,0000*79
$GNGST,081144.40,0.012,0.015,0.011,32.1,0.011,0.013,0.021*73
$GNRMC,081144.40,A,2756.98636,S,02449.89755,E,3.50,180.0,120826,,,R*7B
$GNGGA,081144.60,2756.98655,S,02449.89755,E,4,18,0.7,93.997,M,28.000,M,1.0,0000*7E
$GNGST,081144.60,0.012,0.015,0.011,32.1,0.011,0.013,0.021*71
$GNRMC,081144.60,A,2756.98655,S,02449.89755,E,3.50,180.0,120826,,,R*7C
$GNGGA,081144.80,2756.98675,S,02449.89755,E,4,18,0.7,93.997,M,28.000,M,1.0,0000*72
$GNGST,081144.80,0.012,0.015,0.011,32.1,0.011,0.013,0.021*7F
$GNRMC,081144.80,A,2756.98675,S,02449.89755,E,3.50,180.0,120826,,,R*70
$GNGGA,081145.00,2756.98694,S,02449.89755,E,4,18,0.7,93.996,M,28.000,M,1.0,0000*75
$GNGST,081145.00,0.012,0.015,0.011,32.1,0.011,0.013,0.021*76
$GNRMC,081145.00,A,2756.98694,S,02449.89755,E,3.50,180.0,120826,,,R*76
$GNGGA,081145.20,2756.98714,S,02449.89755,E,4,18,0.7,93.996,M,28.000,M,1.0,0000*7E
$GNGST,081145.20,0.012,0.015,0.011,32.1,0.011,0.013,0.021*74
$GNRMC,081145.20,A,2756.98714,S,02449.89755,E,3.50,180.0,120826,,,R*7D
$GNGGA,081145.40,2756.98733,S,02449.89755,E,4,18,0.7,93.995,M,28.000,M,1.0,0000*7E
$GNGST,081145.40,0.012,0.015,0.011,32.1,0.011,0.013,0.021*72
$GNRMC,081145.40,A,2756.98733,S,02449.89755,E,3.50,180.0,120826,,,R*7E
$GNGGA,081145.60,2756.98753,S,02449.89755,E,4,18,0.7,93.995,M,28.000,M,1.0,0000*7A
$GNGST,081145.60,0.012,0.015,0.011,32.1,0.011,0.013,0.021*70
$GNRMC,081145.60,A,2756.98753,S,02449.89755,E,3.50,180.0,120826,,,R*7A
$GNGGA,081145.80,2756.98772,S,02449.89755,E,4,18,0.7,93.995,M,28.000,M,1.0,0000*77
$GNGST,081145.80,0.012,0.015,0.011,32.1,0.011,0.013,0.021*7E
$GNRMC,081145.80,A,2756.98772,S,02449.89755,E,3.50,180.0,120826,,,R*77
$GNGGA,081146.00,2756.98792,S,02449.89755,E,4,18,0.7,93.994,M,28.000,M,1.0,0000*73
$GNGST,081146.00,0.012,0.015,0.011,32.1,0.011,0.013,0.021*75
$GNRMC,081146.00,A,2756.98792,S,02449.89755,E,3.50,180.0,120826,,,R*72
$GNGGA,081146.20,2756.98811,S,02449.89755,E,4,18,0.7,93.994,M,28.000,M,1.0,0000*75
$GNGST,081146.20,0.012,0.015,0.011,32.1,0.011,0.013,0.021*77
$GNRMC,081146.20,A,2756.98811,S,02449.89755,E,3.50,180.0,120826,,,R*74
$GNGGA,081146.40,2756.98831,S,02449.89755,E,4,18,0.7,93.994,M,28.000,M,1.0,0000*71
$GNGST,081146.40,0.012,0.015,0.011,32.1,0.011,0.013,0.021*71
$GNRMC,081146.40,A,2756.98831,S,02449.89755,E,3.50,180.0,120826,,,R*70
$GNGGA,081146.60,2756.98850,S,02449.89755,E,4,18,0.7,93.993,M,28.000,M,1.0,0000*73
$GNGST,081146.60,0.012,0.015,0.011,32.1,0.011,0.013,0.021*73
$GNRMC,081146.60,A,2756.98850,S,02449.89755,E,3.50,180.0,120826,,,R*75
$GNGGA,081146.80,2756.98870,S,02449.89755,E,4,18,0.7,93.993,M,28.000,M,1.0,0000*7F
$GNGST,081146.80,0.012,0.015,0.011,32.1,0.011,0.013,0.021*7D
$GNRMC,081146.80,A,2756.98870,S,02449.89755,E,3.50,180.0,120826,,,R*79
$GNGGA,081147.00,2756.98889,S,02449.89755,E,4,18,0.7,93.992,M,28.000,M,1.0,0000*71
$GNGST,081147.00,0.012,0.015,0.011,32.1,0.011,0.013,0.021*74
$GNRMC,081147.00,A,2756.98889,S,02449.89755,E,3.50,180.0,120826,,,R*76
$GNGGA,081147.20,2756.98908,S,02449.89755,E,4,18,0.7,93.992,M,28.000,M,1.0,0000*7B
$GNGST,081147.20,0.012,0.015,0.011,32.1,0.011,0.013,0.021*76
$GNRMC,081147.20,A,2756.98908,S,02449.89755,E,3.50,180.0,120826,,,R*7C
$GNGGA,081147.40,2756.98928,S,02449.89755,E,4,18,0.7,93.991,M,28.000,M,1.0,0000*7C
$GNGST,081147.40,0.012,0.015,0.011,32.1,0.011,0.013,0.021*70
$GNRMC,081147.40,A,2756.98928,S,02449.89755,E,3.50,180.0,120826,,,R*78
$GNGGA,081147.60,2756.98947,S,02449.89755,E,4,18,0.7,93.991,M,28.000,M,1.0,0000*77
$GNGST,081147.60,0.012,0.015,0.011,32.1,0.011,0.013,0.021*72
$GNRMC,081147.60,A,2756.98947,S,02449.89755,E,3.50,180.0,120826,,,R*73
$GNGGA,081147.80,2756.98967,S,02449.89755,E,4,18,0.7,93.990,M,28.000,M,1.0,0000*7A
$GNGST,081147.80,0.012,0.015,0.011,32.1,0.011,0.013,0.021*7C
$GNRMC,081147.80,A,2756.98967,S,02449.89755,E,3.50,180.0,120826,,,R*7F
$GNGGA,081148.00,2756.98986,S,02449.89755,E,4,18,0.7,93.990,M,28.000,M,1.0,0000*72
$GNGST,081148.00,0.012,0.015,0.011,32.1,0.011,0.013,0.021*7B
$GNRMC,081148.00,A,2756.98986,S,02449.89755,E,3.50,180.0,120826,,,R*77
$GNGGA,081148.20,2756.99006,S,02449.89755,E,4,18,0.7,93.989,M,28.000,M,1.0,0000*78
$GNGST,081148.20,0.012,0.015,0.011,32.1,0.011,0.013,0.021*79
$GNRMC,081148.20,A,2756.99006,S,02449.89755,E,3.50,180.0,120826,,,R*75
$GNGGA,081148.40,2756.99025,S,02449.89755,E,4,18,0.7,93.989,M,28.000,M,1.0,0000*7F
$GNGST,081148.40,0.012,0.015,0.011,32.1,0.011,0.013,0.021*7F
$GNRMC,081148.40,A,2756.99025,S,02449.89755,E,3.50,180.0,120826,,,R*72
$GNGGA,081148.60,2756.99045,S,02449.89755,E,4,18,0.7,93.988,M,28.000,M,1.0,0000*7A
$GNGST,081148.60,0.012,0.015,0.011,32.1,0.011,0.013,0.021*7D
$GNRMC,081148.60,A,2756.99045,S,02449.89755,E,3.50,180.0,120826,,,R*76
$GNGGA,081148.80,2756.99032,S,02449.89771,E,4,18,0.7,93.989,M,28.000,M,1.0,0000*73
$GNGST,081148.80,0.012,0.015,0.011,32.1,0.011,0.013,0.021*73
$GNRMC,081148.80,A,2756.99032,S,02449.89771,E,3.50,46.9,120826,,,R*4C
$GNGGA,081149.00,2756.99018,S,02449.89787,E,4,18,0.7,93.989,M,28.000,M,1.0,0000*7B
$GNGST,081149.00,0.012,0.015,0.011,32.1,0.011,0.013,0.021*7A
$GNRMC,081149.00,A,2756.99018,S,02449.89787,E,3.50,46.9,120826,,,R*44
$GNGGA,081149.20,2756.99005,S,02449.89804,E,4,18,0.7,93.990,M,28.000,M,1.0,0000*79
$GNGST,081149.20,0.012,0.015,0.011,32.1,0.011,0.013,0.021*78
$GNRMC,081149.20,A,2756.99005,S,02449.89804,E,3.50,46.9,120826,,,R*4E
$GNGGA,081149.40,2756.98992,S,02449.89820,E,4,18,0.7,93.990,M,28.000,M,1.0,0000*7F
$GNGST,081149.40,0.012,0.015,0.011,32.1,0.011,0.013,0.021*7E
$GNRMC,081149.40,A,2756.98992,S,02449.89820,E,3.50,46.9,120826,,,R*48
$GNGGA,081149.60,2756.98978,S,02449.89836,E,4,18,0.7,93.991,M,28.000,M,1.0,0000*7F
$GNGST,081149.60,0.012,0.015,0.011,32.1,0.011,0.013,0.021*7C
$GNRMC,081149.60,A,2756.98978,S,02449.89836,E,3.50,46.9,120826,,,R*49
$GNGGA,081149.80,2756.98965,S,02449.89852,E,4,18,0.7,93.991,M,28.000,M,1.0,0000*7F
$GNGST,081149.80,0.012,0.015,0.011,32.1,0.011,0.013,0.021*72
$GNRMC,081149.80,A,2756.98965,S,02449.89852,E,3.50,46.9,120826,,,R*49
$GNGGA,081150.00,2756.98952,S,02449.89868,E,4,18,0.7,93.992,M,28.000,M,1.0,0000*71
$GNGST,081150.00,0.012,0.015,0.011,32.1,0.011,0.013,0.021*72
$GNRMC,081150.00,A,2756.98952,S,02449.89868,E,3.50,46.9,120826,,,R*44
$GNGGA,081150.20,2756.98938,S,02449.89884,E,4,18,0.7,93.992,M,28.000,M,1.0,0000*7D
$GNGST,081150.20,0.012,0.015,0.011,32.1,0.011,0.013,0.021*70
$GNRMC,081150.20,A,2756.98938,S,02449.89884,E,3.50,46.9,120826,,,R*48
$GNGGA,081150.40,2756.98925,S,02449.89900,E,4,18,0.7,93.993,M,28.000,M,1.0,0000*7B
$GNGST,081150.40,0.012,0.015,0.011,32.1,0.011,0.013,0.021*76
$GNRMC,081150.40,A,2756.98925,S,02449.89900,E,3.50,46.9,120826,,,R*4F
$GNGGA,081150.60,2756.98912,S,02449.89916,E,4,18,0.7,93.993,M,28.000,M,1.0,0000*7A
$GNGST,081150.60,0.012,0.015,0.011,32.1,0.011,0.013,0.021*74
$GNRMC,081150.60,A,2756.98912,S,02449.89916,E,3.50,46.9,120826,,,R*4E
$GNGGA,081150.80,2756.98898,S,02449.89932,E,4,18,0.7,93.993,M,28.000,M,1.0,0000*71
$GNGST,081150.80,0.012,0.015,0.011,32.1,0.011,0.013,0.021*7A
$GNRMC,081150.80,A,2756.98898,S,02449.89932,E,3.50,46.9,120826,,,R*45
$GNGGA,081151.00,2756.98885,S,02449.89948,E,4,18,0.7,93.994,M,28.000,M,1.0,0000*7E
$GNGST,081151.00,0.012,0.015,0.011,32.1,0.011,0.013,0.021*73
$GNRMC,081151.00,A,2756.98885,S,02449.89948,E,3.50,46.9,120826,,,R*4D
$GNGGA,081151.20,2756.98872,S,02449.89964,E,4,18,0.7,93.994,M,28.000,M,1.0,0000*7A
$GNGST,081151.20,0.012,0.015,0.011,32.1,0.011,0.013,0.021*71
$GNRMC,081151.20,A,2756.98872,S,02449.89964,E,3.50,46.9,120826,,,R*49
$GNGGA,081151.40,2756.98858,S,02449.89980,E,4,18,0.7,93.994,M,28.000,M,1.0,0000*7E
$GNGST,081151.40,0.012,0.015,0.011,32.1,0.011,0.013,0.021*77
$GNRMC,081151.40,A,2756.98858,S,02449.89980,E,3.50,46.9,120826,,,R*4D
$GNGGA,081151.60,2756.98845,S,02449.89996,E,4,18,0.7,93.995,M,28.000,M,1.0,0000*76
$GNGST,081151.60,0.012,0.015,0.011,32.1,0.011,0.013,0.021*75
$GNRMC,081151.60,A,2756.98845,S,02449.89996,E,3.50,46.9,120826,,,R*44
$GNGGA,081151.80,2756.98832,S,02449.90012,E,4,18,0.7,93.995,M,28.000,M,1.0,0000*75
$GNGST,081151.80,0.012,0.015,0.011,32.1,0.011,0.013,0.021*7B
$GNRMC,081151.80,A,2756.98832,S,02449.90012,E,3.50,46.9,120826,,,R*47
$GNGGA,081152.00,2756.98818,S,02449.90028,E,4,18,0.7,93.995,M,28.000,M,1.0,0000*7F
$GNGST,081152.00,0.012,0.015,0.011,32.1,0.011,0.013,0.021*70
$GNRMC,081152.00,A,2756.98818,S,02449.90028,E,3.50,46.9,120826,,,R*4D
$GNGGA,081152.20,2756.98805,S,02449.90044,E,4,18,0.7,93.996,M,28.000,M,1.0,0000*78
$GNGST,081152.20,0.012,0.015,0.011,32.1,0.011,0.013,0.021*72
$GNRMC,081152.20,A,2756.98805,S,02449.90044,E,3.50,46.9,120826,,,R*49
$GNGGA,081152.40,2756.98792,S,02449.90060,E,4,18,0.7,93.996,M,28.000,M,1.0,0000*79
$GNGST,081152.40,0.012,0.015,0.011,32.1,0.011,0.013,0.021*74
$GNRMC,081152.40,A,2756.98792,S,02449.90060,E,3.50,46.9,120826,,,R*48
$GNGGA,081152.60,2756.98778,S,02449.90076,E,4,18,0.7,93.996,M,28.000,M,1.0,0000*78
$GNGST,081152.60,0.012,0.015,0.011,32.1,0.011,0.013,0.021*76
$GNRMC,081152.60,A,2756.98778,S,02449.90076,E,3.50,46.9,120826,,,R*49
$GNGGA,081152.80,2756.98765,S,02449.90092,E,4,18,0.7,93.996,M,28.000,M,1.0,0000*70
$GNGST,081152.80,0.012,0.015,0.011,32.1,0.011,0.013,0.021*78
$GNRMC,081152.80,A,2756.98765,S,02449.90092,E,3.50,46.9,120826,,,R*41
$GNGGA,081153.00,2756.98752,S,02449.90108,E,4,18,0.7,93.997,M,28.000,M,1.0,0000*7E
$GNGST,081153.00,0.012,0.015,0.011,32.1,0.011,0.013,0.021*71
$GNRMC,081153.00,A,2756.98752,S,02449.90108,E,3.50,46.9,120826,,,R*4E
$GNGGA,081153.20,2756.98738,S,02449.90124,E,4,18,0.7,93.997,M,28.000,M,1.0,0000*7E
$GNGST,081153.20,0.012,0.015,0.011,32.1,0.011,0.013,0.021*73
$GNRMC,081153.20,A,2756.98738,S,02449.90124,E,3.50,46.9,120826,,,R*4E
$GNGGA,081153.40,2756.98725,S,02449.90140,E,4,18,0.7,93.997,M,28.000,M,1.0,0000*76
$GNGST,081153.40,0.012,0.015,0.011,32.1,0.011,0.013,0.021*75
$GNRMC,081153.40,A,2756.98725,S,02449.90140,E,3.50,46.9,120826,,,R*46
$GNGGA,081153.60,2756.98712,S,02449.90157,E,4,18,0.7,93.997,M,28.000,M,1.0,0000*76
$GNGST,081153.60,0.012,0.015,0.011,32.1,0.011,0.013,0.021*77
$GNRMC,081153.60,A,2756.98712,S,02449.90157,E,3.50,46.9,120826,,,R*46
$GNGGA,081153.80,2756.98698,S,02449.90173,E,4,18,0.7,93.998,M,28.000,M,1.0,0000*72
$GNGST,081153.80,0.012,0.015,0.011,32.1,0.011,0.013,0.021*79
$GNRMC,081153.80,A,2756.98698,S,02449.90173,E,3.50,46.9,120826,,,R*4D
$GNGGA,081154.00,2756.98685,S,02449.90189,E,4,18,0.7,93.998,M,28.000,M,1.0,0000*74
$GNGST,081154.00,0.012,0.015,0.011,32.1,0.011,0.013,0.021*76
$GNRMC,081154.00,A,2756.98685,S,02449.90189,E,3.50,46.9,120826,,,R*4B
$GNGGA,081154.20,2756.98672,S,02449.90205,E,4,18,0.7,93.998,M,28.000,M,1.0,0000*79
$GNGST,081154.20,0.012,0.015,0.011,32.1,0.011,0.013,0.021*74
$GNRMC,081154.20,A,2756.98672,S,02449.90205,E,3.50,46.9,120826,,,R*46
$GNGGA,081154.40,2756.98658,S,02449.90221,E,4,18,0.7,93.998,M,28.000,M,1.0,0000*71
$GNGST,081154.40,0.012,0.015,0.011,32.1,0.011,0.013,0.021*72
$GNRMC,081154.40,A,2756.98658,S,02449.90221,E,3.50,46.9,120826,,,R*4E
$GNGGA,081154.60,2756.98645,S,02449.90237,E,4,18,0.7,93.998,M,28.000,M,1.0,0000*78
$GNGST,081154.60,0.012,0.015,0.011,32.1,0.011,0.013,0.021*70
$GNRMC,081154.60,A,2756.98645,S,02449.90237,E,3.50,46.9,120826,,,R*47
$GNGGA,081154.80,2756.98632,S,02449.90253,E,4,18,0.7,93.998,M,28.000,M,1.0,0000*74
$GNGST,081154.80,0.012,0.015,0.011,32.1,0.011,0.013,0.021*7E
$GNRMC,081154.80,A,2756.98632,S,02449.90253,E,3.50,46.9,120826,,,R*4B
$GNGGA,081155.00,2756.98618,S,02449.90269,E,4,18,0.7,93.999,M,28.000,M,1.0,0000*7D
$GNGST,081155.00,0.012,0.015,0.011,32.1,0.011,0.013,0.021*77
$GNRMC,081155.00,A,2756.98618,S,02449.90269,E,3.50,46.9,120826,,,R*43
$GNGGA,081155.20,2756.98605,S,02449.90285,E,4,18,0.7,93.999,M,28.000,M,1.0,0000*71
$GNGST,081155.20,0.012,0.015,0.011,32.1,0.011,0.013,0.021*75
$GNRMC,081155.20,A,2756.98605,S,02449.90285,E,3.50,46.9,120826,,,R*4F
$GNGGA,081155.40,2756.98591,S,02449.90301,E,4,18,0.7,93.999,M,28.000,M,1.0,0000*74
$GNGST,081155.40,0.012,0.015,0.011,32.1,0.011,0.013,0.021*73
$GNRMC,081155.40,A,2756.98591,S,02449.90301,E,3.50,46.9,120826,,,R*4A
$GNGGA,081155.60,2756.98578,S,02449.90317,E,4,18,0.7,93.999,M,28.000,M,1.0,0000*76
$GNGST,081155.60,0.012,0.015,0.011,32.1,0.011,0.013,0.021*71
$GNRMC,081155.60,A,2756.98578,S,02449.90317,E,3.50,46.9,120826,,,R*48
$GNGGA,081155.80,2756.98565,S,02449.90333,E,4,18,0.7,93.999,M,28.000,M,1.0,0000*72
$GNGST,081155.80,0.012,0.015,0.011,32.1,0.011,0.013,0.021*7F
$GNRMC,081155.80,A,2756.98565,S,02449.90333,E,3.50,46.9,120826,,,R*4C
$GNGGA,081156.00,2756.98551,S,02449.90349,E,4,18,0.7,93.999,M,28.000,M,1.0,0000*73
$GNGST,081156.00,0.012,0.015,0.011,32.1,0.011,0.013,0.021*74
$GNRMC,081156.00,A,2756.98551,S,02449.90349,E,3.50,46.9,120826,,,R*4D
$GNGGA,081156.20,2756.98538,S,02449.90365,E,4,18,0.7,93.999,M,28.000,M,1.0,0000*70
$GNGST,081156.20,0.012,0.015,0.011,32.1,0.011,0.013,0.021*76
$GNRMC,081156.20,A,2756.98538,S,02449.90365,E,3.50,46.9,120826,,,R*4E
$GNGGA,081156.40,2756.98525,S,02449.90381,E,4,18,0.7,93.999,M,28.000,M,1.0,0000*70
$GNGST,081156.40,0.012,0.015,0.011,32.1,0.011,0.013,0.021*70
$GNRMC,081156.40,A,2756.98525,S,02449.90381,E,3.50,46.9,120826,,,R*4E
$GNGGA,081156.60,2756.98511,S,02449.90397,E,4,18,0.7,93.999,M,28.000,M,1.0,0000*72
$GNGST,081156.60,0.012,0.015,0.011,32.1,0.011,0.013,0.021*72
$GNRMC,081156.60,A,2756.98511,S,02449.90397,E,3.50,46.9,120826,,,R*4C
$GNGGA,081156.80,2756.98498,S,02449.90413,E,4,18,0.7,93.999,M,28.000,M,1.0,0000*77
$GNGST,081156.80,0.012,0.015,0.011,32.1,0.011,0.013,0.021*7C
$GNRMC,081156.80,A,2756.98498,S,02449.90413,E,3.50,46.9,120826,,,R*49
$GNGGA,081157.00,2756.98485,S,02449.90429,E,4,18,0.7,94.000,M,28.000,M,1.0,0000*75
$GNGST,081157.00,0.012,0.015,0.011,32.1,0.011,0.013,0.021*75
$GNRMC,081157.00,A,2756.98485,S,02449.90429,E,3.50,46.9,120826,,,R*45
$GNGGA,081157.20,2756.98471,S,02449.90445,E,4,18,0.7,94.000,M,28.000,M,1.0,0000*76
$GNGST,081157.20,0.012,0.015,0.011,32.1,0.011,0.013,0.021*77
$GNRMC,081157.20,A,2756.98471,S,02449.90445,E,3.50,46.9,120826,,,R*46
$GNGGA,081157.40,2756.98458,S,02449.90461,E,4,18,0.7,94.000,M,28.000,M,1.0,0000*7D
$GNGST,081157.40,0.012,0.015,0.011,32.1,0.011,0.013,0.021*71
$GNRMC,081157.40,A,2756.98458,S,02449.90461,E,3.50,46.9,120826,,,R*4D
$GNGGA,081157.60,2756.98445,S,02449.90477,E,4,18,0.7,94.000,M,28.000,M,1.0,0000*74
$GNGST,081157.60,0.012,0.015,0.011,32.1,0.011,0.013,0.021*73
$GNRMC,081157.60,A,2756.98445,S,02449.90477,E,3.50,46.9,120826,,,R*44
$GNGGA,081157.80,2756.98431,S,02449.90493,E,4,18,0.7,94.000,M,28.000,M,1.0,0000*73
$GNGST,081157.80,0.012,0.015,0.011,32.1,0.011,0.013,0.021*7D
$GNRMC,081157.80,A,2756.98431,S,02449.90493,E,3.50,46.9,120826,,,R*43
$GNGGA,081158.00,2756.98418,S,02449.90510,E,4,18,0.7,94.000,M,28.000,M,1.0,0000*75
$GNGST,081158.00,0.012,0.015,0.011,32.1,0.011,0.013,0.021*7A
$GNRMC,081158.00,A,2756.98418,S,02449.90510,E,3.50,46.9,120826,,,R*45
$GNGGA,081158.20,2756.98405,S,02449.90526,E,4,18,0.7,94.000,M,28.000,M,1.0,0000*7E
$GNGST,081158.20,0.012,0.015,0.011,32.1,0.011,0.013,0.021*78
$GNRMC,081158.20,A,2756.98405,S,02449.90526,E,3.50,46.9,120826,,,R*4E
$GNGGA,081158.40,2756.98391,S,02449.90542,E,4,18,0.7,94.000,M,28.000,M,1.0,0000*70
$GNGST,081158.40,0.012,0.015,0.011,32.1,0.011,0.013,0.021*7E
$GNRMC,081158.40,A,2756.98391,S,02449.90542,E,3.50,46.9,120826,,,R*40
$GNGGA,081158.60,2756.98378,S,02449.90558,E,4,18,0.7,94.000,M,28.000,M,1.0,0000*7E
$GNGST,081158.60,0.012,0.015,0.011,32.1,0.011,0.013,0.021*7C
$GNRMC,081158.60,A,2756.98378,S,02449.90558,E,3.50,46.9,120826,,,R*4E
$GNGGA,081158.80,2756.98365,S,02449.90574,E,4,18,0.7,94.000,M,28.000,M,1.0,0000*72
$GNGST,081158.80,0.012,0.015,0.011,32.1,0.011,0.013,0.021*72
$GNRMC,081158.80,A,2756.98365,S,02449.90574,E,3.50,46.9,120826,,,R*42
$GNGGA,081159.00,2756.98351,S,02449.90590,E,4,18,0.7,94.000,M,28.000,M,1.0,0000*76
$GNGST,081159.00,0.012,0.015,0.011,32.1,0.011,0.013,0.021*7B
$GNRMC,081159.00,A,2756.98351,S,02449.90590,E,3.50,46.9,120826,,,R*46
$GNGGA,081159.20,2756.98338,S,02449.90606,E,4,18,0.7,94.000,M,28.000,M,1.0,0000*77
$GNGST,081159.20,0.012,0.015,0.011,32.1,0.011,0.013,0.021*79
$GNRMC,081159.20,A,2756.98338,S,02449.90606,E,3.50,46.9,120826,,,R*47
$GNGGA,081159.40,2756.98325,S,02449.90622,E,4,18,0.7,94.000,M,28.000,M,1.0,0000*7B
$GNGST,081159.40,0.012,0.015,0.011,32.1,0.011,0.013,0.021*7F
$GNRMC,081159.40,A,2756.98325,S,02449.90622,E,3.50,46.9,120826,,,R*4B
$GNGGA,081159.60,2756.98311,S,02449.90638,E,4,18,0.7,94.000,M,28.000,M,1.0,0000*75
$GNGST,081159.60,0.012,0.015,0.011,32.1,0.011,0.013,0.021*7D
$GNRMC,081159.60,A,2756.98311,S,02449.90638,E,3.50,46.9,120826,,,R*45
$GNGGA,081159.80,2756.98298,S,02449.90654,E,4,18,0.7,94.000,M,28.000,M,1.0,0000*71
$GNGST,081159.80,0.012,0.015,0.011,32.1,0.011,0.013,0.021*73
$GNRMC,081159.80,A,2756.98298,S,02449.90654,E,3.50,46.9,120826,,,R*41
$GNGGA,081200.00,2756.98285,S,02449.90670,E,4,18,0.7,93.999,M,28.000,M,1.0,0000*72
$GNGST,081200.00,0.012,0.015,0.011,32.1,0.011,0.013,0.021*74
$GNRMC,081200.00,A,2756.98285,S,02449.90670,E,3.50,46.9,120826,,,R*4C
$GNGGA,081200.20,2756.98271,S,02449.90686,E,4,18,0.7,93.999,M,28.000,M,1.0,0000*72
$GNGST,081200.20,0.012,0.015,0.011,32.1,0.011,0.013,0.021*76
$GNRMC,081200.20,A,2756.98271,S,02449.90686,E,3.50,46.9,120826,,,R*4C
$GNGGA,081200.40,2756.98258,S,02449.90702,E,4,18,0.7,93.999,M,28.000,M,1.0,0000*72
$GNGST,081200.40,0.012,0.015,0.011,32.1,0.011,0.013,0.021*70
$GNRMC,081200.40,A,2756.98258,S,02449.90702,E,3.50,46.9,120826,,,R*4C
$GNGGA,081200.60,2756.98245,S,02449.90718,E,4,18,0.7,93.999,M,28.000,M,1.0,0000*77
$GNGST,081200.60,0.012,0.015,0.011,32.1,0.011,0.013,0.021*72
$GNRMC,081200.60,A,2756.98245,S,02449.90718,E,3.50,46.9,120826,,,R*49
$GNGGA,081200.80,2756.98231,S,02449.90734,E,4,18,0.7,93.999,M,28.000,M,1.0,0000*74
$GNGST,081200.80,0.012,0.015,0.011,32.1,0.011,0.013,0.021*7C
$GNRMC,081200.80,A,2756.98231,S,02449.90734,E,3.50,46.9,120826,,,R*4A
$GNGGA,081201.00,2756.98218,S,02449.90750,E,4,18,0.7,93.999,M,28.000,M,1.0,0000*74
$GNGST,081201.00,0.012,0.015,0.011,32.1,0.011,0.013,0.021*75
$GNRMC,081201.00,A,2756.98218,S,02449.90750,E,3.50,46.9,120826,,,R*4A
$GNGGA,081201.20,2756.98205,S,02449.90766,E,4,18,0.7,93.999,M,28.000,M,1.0,0000*7F
$GNGST,081201.20,0.012,0.015,0.011,32.1,0.011,0.013,0.021*77
$GNRMC,081201.20,A,2756.98205,S,02449.90766,E,3.50,46.9,120826,,,R*41
$GNGGA,081201.40,2756.98191,S,02449.90782,E,4,18,0.7,93.999,M,28.000,M,1.0,0000*7D
$GNGST,081201.40,0.012,0.015,0.011,32.1,0.011,0.013,0.021*71
$GNRMC,081201.40,A,2756.98191,S,02449.90782,E,3.50,46.9,120826,,,R*43
$GNGGA,081201.60,2756.98178,S,02449.90798,E,4,18,0.7,93.999,M,28.000,M,1.0,0000*73
$GNGST,081201.60,0.012,0.015,0.011,32.1,0.011,0.013,0.021*73
$GNRMC,081201.60,A,2756.98178,S,02449.90798,E,3.50,46.9,120826,,,R*4D
$GNGGA,081201.80,2756.98165,S,02449.90814,E,4,18,0.7,93.999,M,28.000,M,1.0,0000*7A
$GNGST,081201.80,0.012,0.015,0.011,32.1,0.011,0.013,0.021*7D
$GNRMC,081201.80,A,2756.98165,S,02449.90814,E,3.50,46.9,120826,,,R*44
$GNGGA,081202.00,2756.98151,S,02449.90830,E,4,18,0.7,93.999,M,28.000,M,1.0,0000*70
$GNGST,081202.00,0.012,0.015,0.011,32.1,0.011,0.013,0.021*76
$GNRMC,081202.00,A,2756.98151,S,02449.90830,E,3.50,46.9,120826,,,R*4E
$GNGGA,081202.20,2756.98138,S,02449.90846,E,4,18,0.7,93.999,M,28.000,M,1.0,0000*7C
$GNGST,081202.20,0.012,0.015,0.011,32.1,0.011,0.013,0.021*74
$GNRMC,081202.20,A,2756.98138,S,02449.90846,E,3.50,46.9,120826,,,R*42
$GNGGA,081202.40,2756.98125,S,02449.90862,E,4,18,0.7,93.999,M,28.000,M,1.0,0000*70
$GNGST,081202.40,0.012,0.015,0.011,32.1,0.011,0.013,0.021*72
$GNRMC,081202.40,A,2756.98125,S,02449.90862,E,3.50,46.9,120826,,,R*4E
$GNGGA,081202.60,2756.98111,S,02449.90879,E,4,18,0.7,93.999,M,28.000,M,1.0,0000*7F
$GNGST,081202.60,0.012,0.015,0.011,32.1,0.011,0.013,0.021*70
$GNRMC,081202.60,A,2756.98111,S,02449.90879,E,3.50,46.9,120826,,,R*41
$GNGGA,081202.80,2756.98098,S,02449.90895,E,4,18,0.7,93.999,M,28.000,M,1.0,0000*73
$GNGST,081202.80,0.012,0.015,0.011,32.1,0.011,0.013,0.021*7E
$GNRMC,081202.80,A,2756.98098,S,02449.90895,E,3.50,46.9,120826,,,R*4D
$GNGGA,081203.00,2756.98085,S,02449.90911,E,4,18,0.7,93.999,M,28.000,M,1.0,0000*7B
$GNGST,081203.00,0.012,0.015,0.011,32.1,0.011,0.013,0.021*77
$GNRMC,081203.00,A,2756.98085,S,02449.90911,E,3.50,46.9,120826,,,R*45
$GNGGA,081203.20,2756.98071,S,02449.90927,E,4,18,0.7,93.998,M,28.000,M,1.0,0000*76
$GNGST,081203.20,0.012,0.015,0.011,32.1,0.011,0.013,0.021*75
$GNRMC,081203.20,A,2756.98071,S,02449.90927,E,3.50,46.9,120826,,,R*49
$GNGGA,081203.40,2756.98058,S,02449.90943,E,4,18,0.7,93.998,M,28.000,M,1.0,0000*79
$GNGST,081203.40,0.012,0.015,0.011,32.1,0.011,0.013,0.021*73
$GNRMC,081203.40,A,2756.98058,S,02449.90943,E,3.50,46.9,120826,,,R*46
$GNGGA,081203.60,2756.98045,S,02449.90959,E,4,18,0.7,93.998,M,28.000,M,1.0,0000*7C
$GNGST,081203.60,0.012,0.015,0.011,32.1,0.011,0.013,0.021*71
$GNRMC,081203.60,A,2756.98045,S,02449.90959,E,3.50,46.9,120826,,,R*43
$GNGGA,081203.80,2756.98031,S,02449.90975,E,4,18,0.7,93.998,M,28.000,M,1.0,0000*7F
$GNGST,081203.80,0.012,0.015,0.011,32.1,0.011,0.013,0.021*7F
$GNRMC,081203.80,A,2756.98031,S,02449.90975,E,3.50,46.9,120826,,,R*40
$GNGGA,081204.00,2756.98012,S,02449.90975,E,4,18,0.7,93.998,M,28.000,M,1.0,0000*71
$GNGST,081204.00,0.012,0.015,0.011,32.1,0.011,0.013,0.021*70
$GNRMC,081204.00,A,2756.98012,S,02449.90975,E,3.50,0.0,120826,,,R*75
$GNGGA,081204.20,2756.97992,S,02449.90975,E,4,18,0.7,93.998,M,28.000,M,1.0,0000*7D
$GNGST,081204.20,0.012,0.015,0.011,32.1,0.011,0.013,0.021*72
$GNRMC,081204.20,A,2756.97992,S,02449.90975,E,3.50,0.0,120826,,,R*79
$GNGGA,081204.40,2756.97973,S,02449.90975,E,4,18,0.7,93.998,M,28.000,M,1.0,0000*74
$GNGST,081204.40,0.012,0.015,0.011,32.1,0.011,0.013,0.021*74
$GNRMC,081204.40,A,2756.97973,S,02449.90975,E,3.50,0.0,120826,,,R*70
$GNGGA,081204.60,2756.97953,S,02449.90975,E,4,18,0.7,93.998,M,28.000,M,1.0,0000*74
$GNGST,081204.60,0.012,0.015,0.011,32.1,0.011,0.013,0.021*76
$GNRMC,081204.60,A,2756.97953,S,02449.90975,E,3.50,0.0,120826,,,R*70
$GNGGA,081204.80,2756.97934,S,02449.90975,E,4,18,0.7,93.998,M,28.000,M,1.0,0000*7B
$GNGST,081204.80,0.012,0.015,0.011,32.1,0.011,0.013,0.021*78
$GNRMC,081204.80,A,2756.97934,S,02449.90975,E,3.50,0.0,120826,,,R*7F
$GNGGA,081205.00,2756.97914,S,02449.90975,E,4,18,0.7,93.998,M,28.000,M,1.0,0000*70
$GNGST,081205.00,0.012,0.015,0.011,32.1,0.011,0.013,0.021*71
$GNRMC,081205.00,A,2756.97914,S,02449.90975,E,3.50,0.0,120826,,,R*74
$GNGGA,081205.20,2756.97894,S,02449.90975,E,4,18,0.7,93.997,M,28.000,M,1.0,0000*74
$GNGST,081205.20,0.012,0.015,0.011,32.1,0.011,0.013,0.021*73
$GNRMC,081205.20,A,2756.97894,S,02449.90975,E,3.50,0.0,120826,,,R*7F
$GNGGA,081205.40,2756.97875,S,02449.90975,E,4,18,0.7,93.997,M,28.000,M,1.0,0000*7D
$GNGST,081205.40,0.012,0.015,0.011,32.1,0.011,0.013,0.021*75
$GNRMC,081205.40,A,2756.97875,S,02449.90975,E,3.50,0.0,120826,,,R*76
$GNGGA,081205.60,2756.97855,S,02449.90975,E,4,18,0.7,93.997,M,28.000,M,1.0,0000*7D
$GNGST,081205.60,0.012,0.015,0.011,32.1,0.011,0.013,0.021*77
$GNRMC,081205.60,A,2756.97855,S,02449.90975,E,3.50,0.0,120826,,,R*76
$GNGGA,081205.80,2756.97836,S,02449.90975,E,4,18,0.7,93.997,M,28.000,M,1.0,0000*76
$GNGST,081205.80,0.012,0.015,0.011,32.1,0.011,0.013,0.021*79
$GNRMC,081205.80,A,2756.97836,S,02449.90975,E,3.50,0.0,120826,,,R*7D
$GNGGA,081206.00,2756.97816,S,02449.90975,E,4,18,0.7,93.997,M,28.000,M,1.0,0000*7F
$GNGST,081206.00,0.012,0.015,0.011,32.1,0.011,0.013,0.021*72
$GNRMC,081206.00,A,2756.97816,S,02449.90975,E,3.50,0.0,120826,,,R*74
$GNGGA,081206.20,2756.97797,S,02449.90975,E,4,18,0.7,93.997,M,28.000,M,1.0,0000*7B
$GNGST,081206.20,0.012,0.015,0.011,32.1,0.011,0.013,0.021*70
$GNRMC,081206.20,A,2756.97797,S,02449.90975,E,3.50,0.0,120826,,,R*70
$GNGGA,081206.40,2756.97777,S,02449.90975,E,4,18,0.7,93.997,M,28.000,M,1.0,0000*73
$GNGST,081206.40,0.012,0.015,0.011,32.1,0.011,0.013,0.021*76
$GNRMC,081206.40,A,2756.97777,S,02449.90975,E,3.50,0.0,120826,,,R*78
$GNGGA,081206.60,2756.97757,S,02449.90975,E,4,18,0.7,93.996,M,28.000,M,1.0,0000*72
$GNGST,081206.60,0.012,0.015,0.011,32.1,0.011,0.013,0.021*74
$GNRMC,081206.60,A,2756.97757,S,02449.90975,E,3.50,0.0,120826,,,R*78
$GNGGA,081206.80,2756.97738,S,02449.90975,E,4,18,0.7,93.996,M,28.000,M,1.0,0000*75
$GNGST,081206.80,0.012,0.015,0.011,32.1,0.011,0.013,0.021*7A
$GNRMC,081206.80,A,2756.97738,S,02449.90975,E,3.50,0.0,120826,,,R*7F
$GNGGA,081207.00,2756.97718,S,02449.90975,E,4,18,0.7,93.996,M,28.000,M,1.0,0000*7E
$GNGST,081207.00,0.012,0.015,0.011,32.1,0.011,0.013,0.021*73
$GNRMC,081207.00,A,2756.97718,S,02449.90975,E,3.50,0.0,120826,,,R*74
$GNGGA,081207.20,2756.97699,S,02449.90975,E,4,18,0.7,93.996,M,28.000,M,1.0,0000*74
$GNGST,081207.20,0.012,0.015,0.011,32.1,0.011,0.013,0.021*71
$GNRMC,081207.20,A,2756.97699,S,02449.90975,E,3.50,0.0,120826,,,R*7E
$GNGGA,081207.40,2756.97679,S,02449.90975,E,4,18,0.7,93.996,M,28.000,M,1.0,0000*7C
$GNGST,081207.40,0.012,0.015,0.011,32.1,0.011,0.013,0.021*77
$GNRMC,081207.40,A,2756.97679,S,02449.90975,E,3.50,0.0,120826,,,R*76
$GNGGA,081207.60,2756.97660,S,02449.90975,E,4,18,0.7,93.996,M,28.000,M,1.0,0000*76
$GNGST,081207.60,0.012,0.015,0.011,32.1,0.011,0.013,0.021*75
$GNRMC,081207.60,A,2756.97660,S,02449.90975,E,3.50,0.0,120826,,,R*7C
$GNGGA,081207.80,2756.97640,S,02449.90975,E,4,18,0.7,93.995,M,28.000,M,1.0,0000*79
$GNGST,081207.80,0.012,0.015,0.011,32.1,0.011,0.013,0.021*7B
$GNRMC,081207.80,A,2756.97640,S,02449.90975,E,3.50,0.0,120826,,,R*70
$GNGGA,081208.00,2756.97620,S,02449.90975,E,4,18,0.7,93.995,M,28.000,M,1.0,0000*78
$GNGST,081208.00,0.012,0.015,0.011,32.1,0.011,0.013,0.021*7C
$GNRMC,081208.00,A,2756.97620,S,02449.90975,E,3.50,0.0,120826,,,R*71
$GNGGA,081208.20,2756.97601,S,02449.90975,E,4,18,0.7,93.995,M,28.000,M,1.0,0000*79
$GNGST,081208.20,0.012,0.015,0.011,32.1,0.011,0.013,0.021*7E
$GNRMC,081208.20,A,2756.97601,S,02449.90975,E,3.50,0.0,120826,,,R*70
$GNGGA,081208.40,2756.97581,S,02449.90975,E,4,18,0.7,93.995,M,28.000,M,1.0,0000*74
$GNGST,081208.40,0.012,0.015,0.011,32.1,0.011,0.013,0.021*78
$GNRMC,081208.40,A,2756.97581,S,02449.90975,E,3.50,0.0,120826,,,R*7D
$GNGGA,081208.60,2756.97562,S,02449.90975,E,4,18,0.7,93.995,M,28.000,M,1.0,0000*7B
$GNGST,081208.60,0.012,0.015,0.011,32.1,0.011,0.013,0.021*7A
$GNRMC,081208.60,A,2756.97562,S,02449.90975,E,3.50,0.0,120826,,,R*72
$GNGGA,081208.80,2756.97542,S,02449.90975,E,4,18,0.7,93.995,M,28.000,M,1.0,0000*77
$GNGST,081208.80,0.012,0.015,0.011,32.1,0.011,0.013,0.021*74
$GNRMC,081208.80,A,2756.97542,S,02449.90975,E,3.50,0.0,120826,,,R*7E
$GNGGA,081209.00,2756.97523,S,02449.90975,E,4,18,0.7,93.995,M,28.000,M,1.0,0000*79
$GNGST,081209.00,0.012,0.015,0.011,32.1,0.011,0.013,0.021*7D
$GNRMC,081209.00,A,2756.97523,S,02449.90975,E,3.50,0.0,120826,,,R*70
$GNGGA,081209.20,2756.97503,S,02449.90975,E,4,18,0.7,93.994,M,28.000,M,1.0,0000*78
$GNGST,081209.20,0.012,0.015,0.011,32.1,0.011,0.013,0.021*7F
$GNRMC,081209.20,A,2756.97503,S,02449.90975,E,3.50,0.0,120826,,,R*70
$GNGGA,081209.40,2756.97483,S,02449.90975,E,4,18,0.7,93.994,M,28.000,M,1.0,0000*77
$GNGST,081209.40,0.012,0.015,0.011,32.1,0.011,0.013,0.021*79
$GNRMC,081209.40,A,2756.97483,S,02449.90975,E,3.50,0.0,120826,,,R*7F
$GNGGA,081209.60,2756.97464,S,02449.90975,E,4,18,0.7,93.994,M,28.000,M,1.0,0000*7C
$GNGST,081209.60,0.012,0.015,0.011,32.1,0.011,0.013,0.021*7B
$GNRMC,081209.60,A,2756.97464,S,02449.90975,E,3.50,0.0,120826,,,R*74
$GNGGA,081209.80,2756.97444,S,02449.90975,E,4,18,0.7,93.994,M,28.000,M,1.0,0000*70
$GNGST,081209.80,0.012,0.015,0.011,32.1,0.011,0.013,0.021*75
$GNRMC,081209.80,A,2756.97444,S,02449.90975,E,3.50,0.0,120826,,,R*78
$GNGGA,081210.00,2756.97425,S,02449.90975,E,4,18,0.7,93.994,M,28.000,M,1.0,0000*77
$GNGST,081210.00,0.012,0.015,0.011,32.1,0.011,0.013,0.021*75
$GNRMC,081210.00,A,2756.97425,S,02449.90975,E,3.50,0.0,120826,,,R*7F
$GNGGA,081210.20,2756.97405,S,02449.90975,E,4,18,0.7,93.994,M,28.000,M,1.0,0000*77
$GNGST,081210.20,0.012,0.015,0.011,32.1,0.011,0.013,0.021*77
$GNRMC,081210.20,A,2756.97405,S,02449.90975,E,3.50,0.0,120826,,,R*7F
$GNGGA,081210.40,2756.97386,S,02449.90975,E,4,18,0.7,93.994,M,28.000,M,1.0,0000*7D
$GNGST,081210.40,0.012,0.015,0.011,32.1,0.011,0.013,0.021*71
$GNRMC,081210.40,A,2756.97386,S,02449.90975,E,3.50,0.0,120826,,,R*75
$GNGGA,081210.60,2756.97366,S,02449.90975,E,4,18,0.7,93.994,M,28.000,M,1.0,0000*71
$GNGST,081210.60,0.012,0.015,0.011,32.1,0.011,0.013,0.021*73
$GNRMC,081210.60,A,2756.97366,S,02449.90975,E,3.50,0.0,120826,,,R*79
$GNGGA,081210.80,2756.97346,S,02449.90975,E,4,18,0.7,93.993,M,28.000,M,1.0,0000*7A
$GNGST,081210.80,0.012,0.015,0.011,32.1,0.011,0.013,0.021*7D
$GNRMC,081210.80,A,2756.97346,S,02449.90975,E,3.50,0.0,120826,,,R*75
$GNGGA,081211.00,2756.97327,S,02449.90975,E,4,18,0.7,93.993,M,28.000,M,1.0,0000*74
$GNGST,081211.00,0.012,0.015,0.011,32.1,0.011,0.013,0.021*74
$GNRMC,081211.00,A,2756.97327,S,02449.90975,E,3.50,0.0,120826,,,R*7B
$GNGGA,081211.20,2756.97307,S,02449.90975,E,4,18,0.7,93.993,M,28.000,M,1.0,0000*74
$GNGST,081211.20,0.012,0.015,0.011,32.1,0.011,0.013,0.021*76
$GNRMC,081211.20,A,2756.97307,S,02449.90975,E,3.50,0.0,120826,,,R*7B
$GNGGA,081211.40,2756.97288,S,02449.90975,E,4,18,0.7,93.993,M,28.000,M,1.0,0000*74
$GNGST,081211.40,0.012,0.015,0.011,32.1,0.011,0.013,0.021*70
$GNRMC,081211.40,A,2756.97288,S,02449.90975,E,3.50,0.0,120826,,,R*7B
$GNGGA,081211.60,2756.97268,S,02449.90975,E,4,18,0.7,93.993,M,28.000,M,1.0,0000*78
$GNGST,081211.60,0.012,0.015,0.011,32.1,0.011,0.013,0.021*72
$GNRMC,081211.60,A,2756.97268,S,02449.90975,E,3.50,0.0,120826,,,R*77
$GNGGA,081211.80,2756.97249,S,02449.90975,E,4,18,0.7,93.993,M,28.000,M,1.0,0000*75
$GNGST,081211.80,0.012,0.015,0.011,32.1,0.011,0.013,0.021*7C
$GNRMC,081211.80,A,2756.97249,S,02449.90975,E,3.50,0.0,120826,,,R*7A
$GNGGA,081212.00,2756.97229,S,02449.90975,E,4,18,0.7,93.993,M,28.000,M,1.0,0000*78
$GNGST,081212.00,0.012,0.015,0.011,32.1,0.011,0.013,0.021*77
$GNRMC,081212.00,A,2756.97229,S,02449.90975,E,3.50,0.0,120826,,,R*77
$GNGGA,081212.20,2756.97209,S,02449.90975,E,4,18,0.7,93.993,M,28.000,M,1.0,0000*78
$GNGST,081212.20,0.012,0.015,0.011,32.1,0.011,0.013,0.021*75
$GNRMC,081212.20,A,2756.97209,S,02449.90975,E,3.50,0.0,120826,,,R*77
$GNGGA,081212.40,2756.97190,S,02449.90975,E,4,18,0.7,93.993,M,28.000,M,1.0,0000*7D
$GNGST,081212.40,0.012,0.015,0.011,32.1,0.011,0.013,0.021*73
$GNRMC,081212.40,A,2756.97190,S,02449.90975,E,3.50,0.0,120826,,,R*72
$GNGGA,081212.60,2756.97170,S,02449.90975,E,4,18,0.7,93.992,M,28.000,M,1.0,0000*70
$GNGST,081212.60,0.012,0.015,0.011,32.1,0.011,0.013,0.021*71
$GNRMC,081212.60,A,2756.97170,S,02449.90975,E,3.50,0.0,120826,,,R*7E
$GNGGA,081212.80,2756.97151,S,02449.90975,E,4,18,0.7,93.992,M,28.000,M,1.0,0000*7D
$GNGST,081212.80,0.012,0.015,0.011,32.1,0.011,0.013,0.021*7F
$GNRMC,081212.80,A,2756.97151,S,02449.90975,E,3.50,0.0,120826,,,R*73
$GNGGA,081213.00,2756.97131,S,02449.90975,E,4,18,0.7,93.992,M,28.000,M,1.0,0000*72
$GNGST,081213.00,0.012,0.015,0.011,32.1,0.011,0.013,0.021*76
$GNRMC,081213.00,A,2756.97131,S,02449.90975,E,3.50,0.0,120826,,,R*7C
$GNGGA,081213.20,2756.97112,S,02449.90975,E,4,18,0.7,93.992,M,28.000,M,1.0,0000*71
$GNGST,081213.20,0.012,0.015,0.011,32.1,0.011,0.013,0.021*74
$GNRMC,081213.20,A,2756.97112,S,02449.90975,E,3.50,0.0,120826,,,R*7F
$GNGGA,081213.40,2756.97092,S,02449.90975,E,4,18,0.7,93.992,M,28.000,M,1.0,0000*7E
$GNGST,081213.40,0.012,0.015,0.011,32.1,0.011,0.013,0.021*72
$GNRMC,081213.40,A,2756.97092,S,02449.90975,E,3.50,0.0,120826,,,R*70
$GNGGA,081213.60,2756.97072,S,02449.90975,E,4,18,0.7,93.992,M,28.000,M,1.0,0000*72
$GNGST,081213.60,0.012,0.015,0.011,32.1,0.011,0.013,0.021*70
$GNRMC,081213.60,A,2756.97072,S,02449.90975,E,3.50,0.0,120826,,,R*7C
$GNGGA,081213.80,2756.97053,S,02449.90975,E,4,18,0.7,93.992,M,28.000,M,1.0,0000*7F
$GNGST,081213.80,0.012,0.015,0.011,32.1,0.011,0.013,0.021*7E
$GNRMC,081213.80,A,2756.97053,S,02449.90975,E,3.50,0.0,120826,,,R*71
$GNGGA,081214.00,2756.97033,S,02449.90975,E,4,18,0.7,93.992,M,28.000,M,1.0,0000*76
$GNGST,081214.00,0.012,0.015,0.011,32.1,0.011,0.013,0.021*71
$GNRMC,081214.00,A,2756.97033,S,02449.90975,E,3.50,0.0,120826,,,R*78
$GNGGA,081214.20,2756.97014,S,02449.90975,E,4,18,0.7,93.992,M,28.000,M,1.0,0000*71
$GNGST,081214.20,0.012,0.015,0.011,32.1,0.011,0.013,0.021*73
$GNRMC,081214.20,A,2756.97014,S,02449.90975,E,3.50,0.0,120826,,,R*7F
$GNGGA,081214.40,2756.96994,S,02449.90975,E,4,18,0.7,93.992,M,28.000,M,1.0,0000*77
$GNGST,081214.40,0.012,0.015,0.011,32.1,0.011,0.013,0.021*75
$GNRMC,081214.40,A,2756.96994,S,02449.90975,E,3.50,0.0,120826,,,R*79
$GNGGA,081214.60,2756.96975,S,02449.90975,E,4,18,0.7,93.992,M,28.000,M,1.0,0000*7A
$GNGST,081214.60,0.012,0.015,0.011,32.1,0.011,0.013,0.021*77
$GNRMC,081214.60,A,2756.96975,S,02449.90975,E,3.50,0.0,120826,,,R*74
$GNGGA,081214.80,2756.96955,S,02449.90975,E,4,18,0.7,93.992,M,28.000,M,1.0,0000*76
$GNGST,081214.80,0.012,0.015,0.011,32.1,0.011,0.013,0.021*79
$GNRMC,081214.80,A,2756.96955,S,02449.90975,E,3.50,0.0,120826,,,R*78
$GNGGA,081215.00,2756.96935,S,02449.90975,E,4,18,0.7,93.991,M,28.000,M,1.0,0000*7A
$GNGST,081215.00,0.012,0.015,0.011,32.1,0.011,0.013,0.021*70
$GNRMC,081215.00,A,2756.96935,S,02449.90975,E,3.50,0.0,120826,,,R*77
$GNGGA,081215.20,2756.96916,S,02449.90975,E,4,18,0.7,93.991,M,28.000,M,1.0,0000*79
$GNGST,081215.20,0.012,0.015,0.011,32.1,0.011,0.013,0.021*72
$GNRMC,081215.20,A,2756.96916,S,02449.90975,E,3.50,0.0,120826,,,R*74
$GNGGA,081215.40,2756.96896,S,02449.90975,E,4,18,0.7,93.991,M,28.000,M,1.0,0000*76
$GNGST,081215.40,0.012,0.015,0.011,32.1,0.011,0.013,0.021*74
$GNRMC,081215.40,A,2756.96896,S,02449.90975,E,3.50,0.0,120826,,,R*7B
$GNGGA,081215.60,2756.96877,S,02449.90975,E,4,18,0.7,93.991,M,28.000,M,1.0,0000*7B
$GNGST,081215.60,0.012,0.015,0.011,32.1,0.011,0.013,0.021*76
$GNRMC,081215.60,A,2756.96877,S,02449.90975,E,3.50,0.0,120826,,,R*76
$GNGGA,081215.80,2756.96857,S,02449.90975,E,4,18,0.7,93.991,M,28.000,M,1.0,0000*77
$GNGST,081215.80,0.012,0.015,0.011,32.1,0.011,0.013,0.021*78
$GNRMC,081215.80,A,2756.96857,S,02449.90975,E,3.50,0.0,120826,,,R*7A
$GNGGA,081216.00,2756.96838,S,02449.90975,E,4,18,0.7,93.991,M,28.000,M,1.0,0000*75
$GNGST,081216.00,0.012,0.015,0.011,32.1,0.011,0.013,0.021*73
$GNRMC,081216.00,A,2756.96838,S,02449.90975,E,3.50,0.0,120826,,,R*78
$GNGGA,081216.20,2756.96818,S,02449.90975,E,4,18,0.7,93.991,M,28.000,M,1.0,0000*75
$GNGST,081216.20,0.012,0.015,0.011,32.1,0.011,0.013,0.021*71
$GNRMC,081216.20,A,2756.96818,S,02449.90975,E,3.50,0.0,120826,,,R*78
$GNGGA,081216.40,2756.96798,S,02449.90975,E,4,18,0.7,93.991,M,28.000,M,1.0,0000*74
$GNGST,081216.40,0.012,0.015,0.011,32.1,0.011,0.013,0.021*77
$GNRMC,081216.40,A,2756.96798,S,02449.90975,E,3.50,0.0,120826,,,R*79
$GNGGA,081216.60,2756.96779,S,02449.90975,E,4,18,0.7,93.991,M,28.000,M,1.0,0000*79
$GNGST,081216.60,0.012,0.015,0.011,32.1,0.011,0.013,0.021*75
$GNRMC,081216.60,A,2756.96779,S,02449.90975,E,3.50,0.0,120826,,,R*74
$GNGGA,081216.80,2756.96759,S,02449.90975,E,4,18,0.7,93.991,M,28.000,M,1.0,0000*75
$GNGST,081216.80,0.012,0.015,0.011,32.1,0.011,0.013,0.021*7B
$GNRMC,081216.80,A,2756.96759,S,02449.90975,E,3.50,0.0,120826,,,R*78
$GNGGA,081217.00,2756.96740,S,02449.90975,E,4,18,0.7,93.991,M,28.000,M,1.0,0000*74
$GNGST,081217.00,0.012,0.015,0.011,32.1,0.011,0.013,0.021*72
$GNRMC,081217.00,A,2756.96740,S,02449.90975,E,3.50,0.0,120826,,,R*79
$GNGGA,081217.20,2756.96720,S,02449.90975,E,4,18,0.7,93.991,M,28.000,M,1.0,0000*70
$GNGST,081217.20,0.012,0.015,0.011,32.1,0.011,0.013,0.021*70
$GNRMC,081217.20,A,2756.96720,S,02449.90975,E,3.50,0.0,120826,,,R*7D
$GNGGA,081217.40,2756.96701,S,02449.90975,E,4,18,0.7,93.991,M,28.000,M,1.0,0000*75
$GNGST,081217.40,0.012,0.015,0.011,32.1,0.011,0.013,0.021*76
$GNRMC,081217.40,A,2756.96701,S,02449.90975,E,3.50,0.0,120826,,,R*78
$GNGGA,081217.60,2756.96681,S,02449.90975,E,4,18,0.7,93.991,M,28.000,M,1.0,0000*7E
$GNGST,081217.60,0.012,0.015,0.011,32.1,0.011,0.013,0.021*74
$GNRMC,081217.60,A,2756.96681,S,02449.90975,E,3.50,0.0,120826,,,R*73
$GNGGA,081217.80,2756.96661,S,02449.90975,E,4,18,0.7,93.991,M,28.000,M,1.0,0000*7E
$GNGST,081217.80,0.012,0.015,0.011,32.1,0.011,0.013,0.021*7A
$GNRMC,081217.80,A,2756.96661,S,02449.90975,E,3.50,0.0,120826,,,R*73
$GNGGA,081218.00,2756.96642,S,02449.90975,E,4,18,0.7,93.991,M,28.000,M,1.0,0000*78
$GNGST,081218.00,0.012,0.015,0.011,32.1,0.011,0.013,0.021*7D
$GNRMC,081218.00,A,2756.96642,S,02449.90975,E,3.50,0.0,120826,,,R*75
$GNGGA,081218.20,2756.96622,S,02449.90975,E,4,18,0.7,93.991,M,28.000,M,1.0,0000*7C
$GNGST,081218.20,0.012,0.015,0.011,32.1,0.011,0.013,0.021*7F
$GNRMC,081218.20,A,2756.96622,S,02449.90975,E,3.50,0.0,120826,,,R*71
$GNGGA,081218.40,2756.96603,S,02449.90975,E,4,18,0.7,93.991,M,28.000,M,1.0,0000*79
$GNGST,081218.40,0.012,0.015,0.011,32.1,0.011,0.013,0.021*79
$GNRMC,081218.40,A,2756.96603,S,02449.90975,E,3.50,0.0,120826,,,R*74
$GNGGA,081218.60,2756.96583,S,02449.90975,E,4,18,0.7,93.991,M,28.000,M,1.0,0000*70
$GNGST,081218.60,0.012,0.015,0.011,32.1,0.011,0.013,0.021*7B
$GNRMC,081218.60,A,2756.96583,S,02449.90975,E,3.50,0.0,120826,,,R*7D
$GNGGA,081218.80,2756.96564,S,02449.90975,E,4,18,0.7,93.991,M,28.000,M,1.0,0000*77
$GNGST,081218.80,0.012,0.015,0.011,32.1,0.011,0.013,0.021*75
$GNRMC,081218.80,A,2756.96564,S,02449.90975,E,3.50,0.0,120826,,,R*7A
$GNGGA,081219.00,2756.96544,S,02449.90975,E,4,18,0.7,93.991,M,28.000,M,1.0,0000*7C
$GNGST,081219.00,0.012,0.015,0.011,32.1,0.011,0.013,0.021*7C
$GNRMC,081219.00,A,2756.96544,S,02449.90975,E,3.50,0.0,120826,,,R*71
$GNGGA,081219.20,2756.96524,S,02449.90975,E,4,18,0.7,93.991,M,28.000,M,1.0,0000*78
$GNGST,081219.20,0.012,0.015,0.011,32.1,0.011,0.013,0.021*7E
$GNRMC,081219.20,A,2756.96524,S,02449.90975,E,3.50,0.0,120826,,,R*75
$GNGGA,081219.40,2756.96505,S,02449.90975,E,4,18,0.7,93.992,M,28.000,M,1.0,0000*7E
$GNGST,081219.40,0.012,0.015,0.011,32.1,0.011,0.013,0.021*78
$GNRMC,081219.40,A,2756.96505,S,02449.90975,E,3.50,0.0,120826,,,R*70
$GNGGA,081219.60,2756.96485,S,02449.90975,E,4,18,0.7,93.992,M,28.000,M,1.0,0000*75
$GNGST,081219.60,0.012,0.015,0.011,32.1,0.011,0.013,0.021*7A
$GNRMC,081219.60,A,2756.96485,S,02449.90975,E,3.50,0.0,120826,,,R*7B
$GNGGA,081219.80,2756.96466,S,02449.90975,E,4,18,0.7,93.992,M,28.000,M,1.0,0000*76
$GNGST,081219.80,0.012,0.015,0.011,32.1,0.011,0.013,0.021*74
$GNRMC,081219.80,A,2756.96466,S,02449.90975,E,3.50,0.0,120826,,,R*78
$GNGGA,081220.00,2756.96446,S,02449.90975,E,4,18,0.7,93.992,M,28.000,M,1.0,0000*76
$GNGST,081220.00,0.012,0.015,0.011,32.1,0.011,0.013,0.021*76
$GNRMC,081220.00,A,2756.96446,S,02449.90975,E,3.50,0.0,120826,,,R*78
$GNGGA,081220.20,2756.96427,S,02449.90975,E,4,18,0.7,93.992,M,28.000,M,1.0,0000*73
$GNGST,081220.20,0.012,0.015,0.011,32.1,0.011,0.013,0.021*74
$GNRMC,081220.20,A,2756.96427,S,02449.90975,E,3.50,0.0,120826,,,R*7D
$GNGGA,081220.40,2756.96407,S,02449.90975,E,4,18,0.7,93.992,M,28.000,M,1.0,0000*77
$GNGST,081220.40,0.012,0.015,0.011,32.1,0.011,0.013,0.021*72
$GNRMC,081220.40,A,2756.96407,S,02449.90975,E,3.50,0.0,120826,,,R*79
$GNGGA,081220.60,2756.96387,S,02449.90975,E,4,18,0.7,93.992,M,28.000,M,1.0,0000*7A
$GNGST,081220.60,0.012,0.015,0.011,32.1,0.011,0.013,0.021*70
$GNRMC,081220.60,A,2756.96387,S,02449.90975,E,3.50,0.0,120826,,,R*74
$GNGGA,081220.80,2756.96368,S,02449.90975,E,4,18,0.7,93.992,M,28.000,M,1.0,0000*75
$GNGST,081220.80,0.012,0.015,0.011,32.1,0.011,0.013,0.021*7E
$GNRMC,081220.80,A,2756.96368,S,02449.90975,E,3.50,0.0,120826,,,R*7B
$GNGGA,081221.00,2756.96348,S,02449.90975,E,4,18,0.7,93.992,M,28.000,M,1.0,0000*7E
$GNGST,081221.00,0.012,0.015,0.011,32.1,0.011,0.013,0.021*77
$GNRMC,081221.00,A,2756.96348,S,02449.90975,E,3.50,0.0,120826,,,R*70
$GNGGA,081221.20,2756.96329,S,02449.90975,E,4,18,0.7,93.992,M,28.000,M,1.0,0000*7B
$GNGST,081221.20,0.012,0.015,0.011,32.1,0.011,0.013,0.021*75
$GNRMC,081221.20,A,2756.96329,S,02449.90975,E,3.50,0.0,120826,,,R*75
$GNGGA,081221.40,2756.96309,S,02449.90975,E,4,18,0.7,93.993,M,28.000,M,1.0,0000*7E
$GNGST,081221.40,0.012,0.015,0.011,32.1,0.011,0.013,0.021*73
$GNRMC,081221.40,A,2756.96309,S,02449.90975,E,3.50,0.0,120826,,,R*71
$GNGGA,081221.60,2756.96290,S,02449.90975,E,4,18,0.7,93.993,M,28.000,M,1.0,0000*7D
$GNGST,081221.60,0.012,0.015,0.011,32.1,0.011,0.013,0.021*71
$GNRMC,081221.60,A,2756.96290,S,02449.90975,E,3.50,0.0,120826,,,R*72
$GNGGA,081221.80,2756.96270,S,02449.90975,E,4,18,0.7,93.993,M,28.000,M,1.0,0000*7D
$GNGST,081221.80,0.012,0.015,0.011,32.1,0.011,0.013,0.021*7F
$GNRMC,081221.80,A,2756.96270,S,02449.90975,E,3.50,0.0,120826,,,R*72
$GNGGA,081222.00,2756.96250,S,02449.90975,E,4,18,0.7,93.993,M,28.000,M,1.0,0000*74
$GNGST,081222.00,0.012,0.015,0.011,32.1,0.011,0.013,0.021*74
$GNRMC,081222.00,A,2756.96250,S,02449.90975,E,3.50,0.0,120826,,,R*7B
$GNGGA,081222.20,2756.96231,S,02449.90975,E,4,18,0.7,93.993,M,28.000,M,1.0,0000*71
$GNGST,081222.20,0.012,0.015,0.011,32.1,0.011,0.013,0.021*76
$GNRMC,081222.20,A,2756.96231,S,02449.90975,E,3.50,0.0,120826,,,R*7E
$GNGGA,081222.40,2756.96211,S,02449.90975,E,4,18,0.7,93.993,M,28.000,M,1.0,0000*75
$GNGST,081222.40,0.012,0.015,0.011,32.1,0.011,0.013,0.021*70
$GNRMC,081222.40,A,2756.96211,S,02449.90975,E,3.50,0.0,120826,,,R*7A
$GNGGA,081222.60,2756.96192,S,02449.90975,E,4,18,0.7,93.993,M,28.000,M,1.0,0000*7F
$GNGST,081222.60,0.012,0.015,0.011,32.1,0.011,0.013,0.021*72
$GNRMC,081222.60,A,2756.96192,S,02449.90975,E,3.50,0.0,120826,,,R*70
$GNGGA,081222.80,2756.96172,S,02449.90975,E,4,18,0.7,93.994,M,28.000,M,1.0,0000*78
$GNGST,081222.80,0.012,0.015,0.011,32.1,0.011,0.013,0.021*7C
$GNRMC,081222.80,A,2756.96172,S,02449.90975,E,3.50,0.0,120826,,,R*70
$GNGGA,081223.00,2756.96153,S,02449.90975,E,4,18,0.7,93.994,M,28.000,M,1.0,0000*72
$GNGST,081223.00,0.012,0.015,0.011,32.1,0.011,0.013,0.021*75
$GNRMC,081223.00,A,2756.96153,S,02449.90975,E,3.50,0.0,120826,,,R*7A
$GNGGA,081223.20,2756.96133,S,02449.90975,E,4,18,0.7,93.994,M,28.000,M,1.0,0000*76
$GNGST,081223.20,0.012,0.015,0.011,32.1,0.011,0.013,0.021*77
$GNRMC,081223.20,A,2756.96133,S,02449.90975,E,3.50,0.0,120826,,,R*7E
$GNGGA,081223.40,2756.96113,S,02449.90975,E,4,18,0.7,93.994,M,28.000,M,1.0,0000*72
$GNGST,081223.40,0.012,0.015,0.011,32.1,0.011,0.013,0.021*71
$GNRMC,081223.40,A,2756.96113,S,02449.90975,E,3.50,0.0,120826,,,R*7A
$GNGGA,081223.60,2756.96094,S,02449.90975,E,4,18,0.7,93.994,M,28.000,M,1.0,0000*7E
$GNGST,081223.60,0.012,0.015,0.011,32.1,0.011,0.013,0.021*73
$GNRMC,081223.60,A,2756.96094,S,02449.90975,E,3.50,0.0,120826,,,R*76
$GNGGA,081223.80,2756.96074,S,02449.90975,E,4,18,0.7,93.995,M,28.000,M,1.0,0000*7F
$GNGST,081223.80,0.012,0.015,0.011,32.1,0.011,0.013,0.021*7D
$GNRMC,081223.80,A,2756.96074,S,02449.90975,E,3.50,0.0,120826,,,R*76
$GNGGA,081224.00,2756.96055,S,02449.90975,E,4,18,0.7,93.995,M,28.000,M,1.0,0000*73
$GNGST,081224.00,0.012,0.015,0.011,32.1,0.011,0.013,0.021*72
$GNRMC,081224.00,A,2756.96055,S,02449.90975,E,3.50,0.0,120826,,,R*7A
$GNGGA,081224.20,2756.96035,S,02449.90975,E,4,18,0.7,93.995,M,28.000,M,1.0,0000*77
$GNGST,081224.20,0.012,0.015,0.011,32.1,0.011,0.013,0.021*70
$GNRMC,081224.20,A,2756.96035,S,02449.90975,E,3.50,0.0,120826,,,R*7E
$GNGGA,081224.40,2756.96016,S,02449.90975,E,4,18,0.7,93.995,M,28.000,M,1.0,0000*70
$GNGST,081224.40,0.012,0.015,0.011,32.1,0.011,0.013,0.021*76
$GNRMC,081224.40,A,2756.96016,S,02449.90975,E,3.50,0.0,120826,,,R*79
$GNGGA,081224.60,2756.95996,S,02449.90975,E,4,18,0.7,93.995,M,28.000,M,1.0,0000*70
$GNGST,081224.60,0.012,0.015,0.011,32.1,0.011,0.013,0.021*74
$GNRMC,081224.60,A,2756.95996,S,02449.90975,E,3.50,0.0,120826,,,R*79
$GNGGA,081224.80,2756.95976,S,02449.90975,E,4,18,0.7,93.996,M,28.000,M,1.0,0000*73
$GNGST,081224.80,0.012,0.015,0.011,32.1,0.011,0.013,0.021*7A
$GNRMC,081224.80,A,2756.95976,S,02449.90975,E,3.50,0.0,120826,,,R*79
$GNGGA,081225.00,2756.95957,S,02449.90975,E,4,18,0.7,93.996,M,28.000,M,1.0,0000*79
$GNGST,081225.00,0.012,0.015,0.011,32.1,0.011,0.013,0.021*73
$GNRMC,081225.00,A,2756.95957,S,02449.90975,E,3.50,0.0,120826,,,R*73
$GNGGA,081225.20,2756.95937,S,02449.90975,E,4,18,0.7,93.996,M,28.000,M,1.0,0000*7D
$GNGST,081225.20,0.012,0.015,0.011,32.1,0.011,0.013,0.021*71
$GNRMC,081225.20,A,2756.95937,S,02449.90975,E,3.50,0.0,120826,,,R*77
$GNGGA,081225.40,2756.95918,S,02449.90975,E,4,18,0.7,93.996,M,28.000,M,1.0,0000*76
$GNGST,081225.40,0.012,0.015,0.011,32.1,0.011,0.013,0.021*77
$GNRMC,081225.40,A,2756.95918,S,02449.90975,E,3.50,0.0,120826,,,R*7C
$GNGGA,081225.60,2756.95898,S,02449.90975,E,4,18,0.7,93.997,M,28.000,M,1.0,0000*7C
$GNGST,081225.60,0.012,0.015,0.011,32.1,0.011,0.013,0.021*75
$GNRMC,081225.60,A,2756.95898,S,02449.90975,E,3.50,0.0,120826,,,R*77
$GNGGA,081225.80,2756.95879,S,02449.90975,E,4,18,0.7,93.997,M,28.000,M,1.0,0000*7D
$GNGST,081225.80,0.012,0.015,0.011,32.1,0.011,0.013,0.021*7B
$GNRMC,081225.80,A,2756.95879,S,02449.90975,E,3.50,0.0,120826,,,R*76
$GNGGA,081226.00,2756.95859,S,02449.90975,E,4,18,0.7,93.997,M,28.000,M,1.0,0000*74
$GNGST,081226.00,0.012,0.015,0.011,32.1,0.011,0.013,0.021*70
$GNRMC,081226.00,A,2756.95859,S,02449.90975,E,3.50,0.0,120826,,,R*7F
$GNGGA,081226.20,2756.95839,S,02449.90975,E,4,18,0.7,93.998,M,28.000,M,1.0,0000*7F
$GNGST,081226.20,0.012,0.015,0.011,32.1,0.011,0.013,0.021*72
$GNRMC,081226.20,A,2756.95839,S,02449.90975,E,3.50,0.0,120826,,,R*7B
$GNGGA,081226.40,2756.95820,S,02449.90975,E,4,18,0.7,93.998,M,28.000,M,1.0,0000*71
$GNGST,081226.40,0.012,0.015,0.011,32.1,0.011,0.013,0.021*74
$GNRMC,081226.40,A,2756.95820,S,02449.90975,E,3.50,0.0,120826,,,R*75
$GNGGA,081226.60,2756.95800,S,02449.90975,E,4,18,0.7,93.998,M,28.000,M,1.0,0000*71
$GNGST,081226.60,0.012,0.015,0.011,32.1,0.011,0.013,0.021*76
$GNRMC,081226.60,A,2756.95800,S,02449.90975,E,3.50,0.0,120826,,,R*75
$GNGGA,081226.80,2756.95781,S,02449.90975,E,4,18,0.7,93.998,M,28.000,M,1.0,0000*79
$GNGST,081226.80,0.012,0.015,0.011,32.1,0.011,0.013,0.021*78
$GNRMC,081226.80,A,2756.95781,S,02449.90975,E,3.50,0.0,120826,,,R*7D
$GNGGA,081227.00,2756.95761,S,02449.90975,E,4,18,0.7,93.999,M,28.000,M,1.0,0000*7F
$GNGST,081227.00,0.012,0.015,0.011,32.1,0.011,0.013,0.021*71
$GNRMC,081227.00,A,2756.95761,S,02449.90975,E,3.50,0.0,120826,,,R*7A
$GNGGA,081227.20,2756.95742,S,02449.90975,E,4,18,0.7,93.999,M,28.000,M,1.0,0000*7C
$GNGST,081227.20,0.012,0.015,0.011,32.1,0.011,0.013,0.021*73
$GNRMC,081227.20,A,2756.95742,S,02449.90975,E,3.50,0.0,120826,,,R*79
$GNGGA,081227.40,2756.95722,S,02449.90975,E,4,18,0.7,93.999,M,28.000,M,1.0,0000*7C
$GNGST,081227.40,0.012,0.015,0.011,32.1,0.011,0.013,0.021*75
$GNRMC,081227.40,A,2756.95722,S,02449.90975,E,3.50,0.0,120826,,,R*79
$GNGGA,081227.60,2756.95702,S,02449.90975,E,4,18,0.7,94.000,M,28.000,M,1.0,0000*72
$GNGST,081227.60,0.012,0.015,0.011,32.1,0.011,0.013,0.021*77
$GNRMC,081227.60,A,2756.95702,S,02449.90975,E,3.50,0.0,120826,,,R*79
$GNGGA,081227.80,2756.95683,S,02449.90975,E,4,18,0.7,94.000,M,28.000,M,1.0,0000*74
$GNGST,081227.80,0.012,0.015,0.011,32.1,0.011,0.013,0.021*79
$GNRMC,081227.80,A,2756.95683,S,02449.90975,E,3.50,0.0,120826,,,R*7F
$GNGGA,081228.00,2756.95663,S,02449.90975,E,4,18,0.7,94.001,M,28.000,M,1.0,0000*7C
$GNGST,081228.00,0.012,0.015,0.011,32.1,0.011,0.013,0.021*7E
$GNRMC,081228.00,A,2756.95663,S,02449.90975,E,3.50,0.0,120826,,,R*76
$GNGGA,081228.20,2756.95644,S,02449.90975,E,4,18,0.7,94.001,M,28.000,M,1.0,0000*7B
$GNGST,081228.20,0.012,0.015,0.011,32.1,0.011,0.013,0.021*7C
$GNRMC,081228.20,A,2756.95644,S,02449.90975,E,3.50,0.0,120826,,,R*71
$GNGGA,081228.40,2756.95624,S,02449.90975,E,4,18,0.7,94.001,M,28.000,M,1.0,0000*7B
$GNGST,081228.40,0.012,0.015,0.011,32.1,0.011,0.013,0.021*7A
$GNRMC,081228.40,A,2756.95624,S,02449.90975,E,3.50,0.0,120826,,,R*71
$GNGGA,081228.60,2756.95605,S,02449.90975,E,4,18,0.7,94.002,M,28.000,M,1.0,0000*79
$GNGST,081228.60,0.012,0.015,0.011,32.1,0.011,0.013,0.021*78
$GNRMC,081228.60,A,2756.95605,S,02449.90975,E,3.50,0.0,120826,,,R*70
$GNGGA,081228.80,2756.95585,S,02449.90975,E,4,18,0.7,94.002,M,28.000,M,1.0,0000*7C
$GNGST,081228.80,0.012,0.015,0.011,32.1,0.011,0.013,0.021*76
$GNRMC,081228.80,A,2756.95585,S,02449.90975,E,3.50,0.0,120826,,,R*75
$GNGGA,081229.00,2756.95565,S,02449.90975,E,4,18,0.7,94.002,M,28.000,M,1.0,0000*7B
$GNGST,081229.00,0.012,0.015,0.011,32.1,0.011,0.013,0.021*7F
$GNRMC,081229.00,A,2756.95565,S,02449.90975,E,3.50,0.0,120826,,,R*72
$GNGGA,081229.20,2756.95546,S,02449.90975,E,4,18,0.7,94.003,M,28.000,M,1.0,0000*79
$GNGST,081229.20,0.012,0.015,0.011,32.1,0.011,0.013,0.021*7D
$GNRMC,081229.20,A,2756.95546,S,02449.90975,E,3.50,0.0,120826,,,R*71
$GNGGA,081229.40,2756.95526,S,02449.90975,E,4,18,0.7,94.003,M,28.000,M,1.0,0000*79
$GNGST,081229.40,0.012,0.015,0.011,32.1,0.011,0.013,0.021*7B
$GNRMC,081229.40,A,2756.95526,S,02449.90975,E,3.50,0.0,120826,,,R*71
$GNGGA,081229.60,2756.95507,S,02449.90975,E,4,18,0.7,94.004,M,28.000,M,1.0,0000*7F
$GNGST,081229.60,0.012,0.015,0.011,32.1,0.011,0.013,0.021*79
$GNRMC,081229.60,A,2756.95507,S,02449.90975,E,3.50,0.0,120826,,,R*70
$GNGGA,081229.80,2756.95487,S,02449.90975,E,4,18,0.7,94.004,M,28.000,M,1.0,0000*78
$GNGST,081229.80,0.012,0.015,0.011,32.1,0.011,0.013,0.021*77
$GNRMC,081229.80,A,2756.95487,S,02449.90975,E,3.50,0.0,120826,,,R*77
$GNGGA,081230.00,2756.95468,S,02449.90975,E,4,18,0.7,94.004,M,28.000,M,1.0,0000*79
$GNGST,081230.00,0.012,0.015,0.011,32.1,0.011,0.013,0.021*77
$GNRMC,081230.00,A,2756.95468,S,02449.90975,E,3.50,0.0,120826,,,R*76
$GNGGA,081230.20,2756.95448,S,02449.90975,E,4,18,0.7,94.005,M,28.000,M,1.0,0000*78
$GNGST,081230.20,0.012,0.015,0.011,32.1,0.011,0.013,0.021*75
$GNRMC,081230.20,A,2756.95448,S,02449.90975,E,3.50,0.0,120826,,,R*76
$GNGGA,081230.40,2756.95428,S,02449.90975,E,4,18,0.7,94.005,M,28.000,M,1.0,0000*78
$GNGST,081230.40,0.012,0.015,0.011,32.1,0.011,0.013,0.021*73
$GNRMC,081230.40,A,2756.95428,S,02449.90975,E,3.50,0.0,120826,,,R*76
$GNGGA,081230.60,2756.95409,S,02449.90975,E,4,18,0.7,94.006,M,28.000,M,1.0,0000*7A
$GNGST,081230.60,0.012,0.015,0.011,32.1,0.011,0.013,0.021*71
$GNRMC,081230.60,A,2756.95409,S,02449.90975,E,3.50,0.0,120826,,,R*77
$GNGGA,081230.80,2756.95389,S,02449.90975,E,4,18,0.7,94.006,M,28.000,M,1.0,0000*7B
$GNGST,081230.80,0.012,0.015,0.011,32.1,0.011,0.013,0.021*7F
$GNRMC,081230.80,A,2756.95389,S,02449.90975,E,3.50,0.0,120826,,,R*76
$GNGGA,081231.00,2756.95370,S,02449.90975,E,4,18,0.7,94.007,M,28.000,M,1.0,0000*75
$GNGST,081231.00,0.012,0.015,0.011,32.1,0.011,0.013,0.021*76
$GNRMC,081231.00,A,2756.95370,S,02449.90975,E,3.50,0.0,120826,,,R*79
$GNGGA,081231.20,2756.95350,S,02449.90975,E,4,18,0.7,94.007,M,28.000,M,1.0,0000*75
$GNGST,081231.20,0.012,0.015,0.011,32.1,0.011,0.013,0.021*74
$GNRMC,081231.20,A,2756.95350,S,02449.90975,E,3.50,0.0,120826,,,R*79
$GNGGA,081231.40,2756.95331,S,02449.90975,E,4,18,0.7,94.008,M,28.000,M,1.0,0000*7B
$GNGST,081231.40,0.012,0.015,0.011,32.1,0.011,0.013,0.021*72
$GNRMC,081231.40,A,2756.95331,S,02449.90975,E,3.50,0.0,120826,,,R*78
$GNGGA,081231.60,2756.95311,S,02449.90975,E,4,18,0.7,94.008,M,28.000,M,1.0,0000*7B
$GNGST,081231.60,0.012,0.015,0.011,32.1,0.011,0.013,0.021*70
$GNRMC,081231.60,A,2756.95311,S,02449.90975,E,3.50,0.0,120826,,,R*78
$GNGGA,081231.80,2756.95291,S,02449.90975,E,4,18,0.7,94.009,M,28.000,M,1.0,0000*7D
$GNGST,081231.80,0.012,0.015,0.011,32.1,0.011,0.013,0.021*7E
$GNRMC,081231.80,A,2756.95291,S,02449.90975,E,3.50,0.0,120826,,,R*7F
$GNGGA,081232.00,2756.95272,S,02449.90975,E,4,18,0.7,94.009,M,28.000,M,1.0,0000*7B
$GNGST,081232.00,0.012,0.015,0.011,32.1,0.011,0.013,0.021*75
$GNRMC,081232.00,A,2756.95272,S,02449.90975,E,3.50,0.0,120826,,,R*79
$GNGGA,081232.20,2756.95252,S,02449.90975,E,4,18,0.7,94.010,M,28.000,M,1.0,0000*73
$GNGST,081232.20,0.012,0.015,0.011,32.1,0.011,0.013,0.021*77
$GNRMC,081232.20,A,2756.95252,S,02449.90975,E,3.50,0.0,120826,,,R*79
$GNGGA,081232.40,2756.95233,S,02449.90975,E,4,18,0.7,94.010,M,28.000,M,1.0,0000*72
$GNGST,081232.40,0.012,0.015,0.011,32.1,0.011,0.013,0.021*71
$GNRMC,081232.40,A,2756.95233,S,02449.90975,E,3.50,0.0,120826,,,R*78
$GNGGA,081232.60,2756.95213,S,02449.90975,E,4,18,0.7,94.011,M,28.000,M,1.0,0000*73
$GNGST,081232.60,0.012,0.015,0.011,32.1,0.011,0.013,0.021*73
$GNRMC,081232.60,A,2756.95213,S,02449.90975,E,3.50,0.0,120826,,,R*78
$GNGGA,081232.80,2756.95194,S,02449.90975,E,4,18,0.7,94.011,M,28.000,M,1.0,0000*71
$GNGST,081232.80,0.012,0.015,0.011,32.1,0.011,0.013,0.021*7D
$GNRMC,081232.80,A,2756.95194,S,02449.90975,E,3.50,0.0,120826,,,R*7A
$GNGGA,081233.00,2756.95174,S,02449.90975,E,4,18,0.7,94.012,M,28.000,M,1.0,0000*75
$GNGST,081233.00,0.012,0.015,0.011,32.1,0.011,0.013,0.021*74
$GNRMC,081233.00,A,2756.95174,S,02449.90975,E,3.50,0.0,120826,,,R*7D
$GNGGA,081233.20,2756.95154,S,02449.90975,E,4,18,0.7,94.012,M,28.000,M,1.0,0000*75
$GNGST,081233.20,0.012,0.015,0.011,32.1,0.011,0.013,0.021*76
$GNRMC,081233.20,A,2756.95154,S,02449.90975,E,3.50,0.0,120826,,,R*7D
$GNGGA,081233.40,2756.95135,S,02449.90975,E,4,18,0.7,94.013,M,28.000,M,1.0,0000*75
$GNGST,081233.40,0.012,0.015,0.011,32.1,0.011,0.013,0.021*70
$GNRMC,081233.40,A,2756.95135,S,02449.90975,E,3.50,0.0,120826,,,R*7C
$GNGGA,081233.60,2756.95115,S,02449.90975,E,4,18,0.7,94.013,M,28.000,M,1.0,0000*75
$GNGST,081233.60,0.012,0.015,0.011,32.1,0.011,0.013,0.021*72
$GNRMC,081233.60,A,2756.95115,S,02449.90975,E,3.50,0.0,120826,,,R*7C
$GNGGA,081233.80,2756.95096,S,02449.90975,E,4,18,0.7,94.014,M,28.000,M,1.0,0000*76
$GNGST,081233.80,0.012,0.015,0.011,32.1,0.011,0.013,0.021*7C
$GNRMC,081233.80,A,2756.95096,S,02449.90975,E,3.50,0.0,120826,,,R*78
$GNGGA,081234.00,2756.95076,S,02449.90975,E,4,18,0.7,94.014,M,28.000,M,1.0,0000*77
$GNGST,081234.00,0.012,0.015,0.011,32.1,0.011,0.013,0.021*73
$GNRMC,081234.00,A,2756.95076,S,02449.90975,E,3.50,0.0,120826,,,R*79
$GNGGA,081234.20,2756.95057,S,02449.90975,E,4,18,0.7,94.015,M,28.000,M,1.0,0000*77
$GNGST,081234.20,0.012,0.015,0.011,32.1,0.011,0.013,0.021*71
$GNRMC,081234.20,A,2756.95057,S,02449.90975,E,3.50,0.0,120826,,,R*78
$GNGGA,081234.40,2756.95037,S,02449.90975,E,4,18,0.7,94.015,M,28.000,M,1.0,0000*77
$GNGST,081234.40,0.012,0.015,0.011,32.1,0.011,0.013,0.021*77
$GNRMC,081234.40,A,2756.95037,S,02449.90975,E,3.50,0.0,120826,,,R*78
$GNGGA,081234.60,2756.95017,S,02449.90975,E,4,18,0.7,94.016,M,28.000,M,1.0,0000*74
$GNGST,081234.60,0.012,0.015,0.011,32.1,0.011,0.013,0.021*75
$GNRMC,081234.60,A,2756.95017,S,02449.90975,E,3.50,0.0,120826,,,R*78
$GNGGA,081234.80,2756.94998,S,02449.90975,E,4,18,0.7,94.017,M,28.000,M,1.0,0000*74
$GNGST,081234.80,0.012,0.015,0.011,32.1,0.011,0.013,0.021*7B
$GNRMC,081234.80,A,2756.94998,S,02449.90975,E,3.50,0.0,120826,,,R*79
$GNGGA,081235.00,2756.94978,S,02449.90975,E,4,18,0.7,94.017,M,28.000,M,1.0,0000*73
$GNGST,081235.00,0.012,0.015,0.011,32.1,0.011,0.013,0.021*72
$GNRMC,081235.00,A,2756.94978,S,02449.90975,E,3.50,0.0,120826,,,R*7E
$GNGGA,081235.20,2756.94959,S,02449.90975,E,4,18,0.7,94.018,M,28.000,M,1.0,0000*7D
$GNGST,081235.20,0.012,0.015,0.011,32.1,0.011,0.013,0.021*70
$GNRMC,081235.20,A,2756.94959,S,02449.90975,E,3.50,0.0,120826,,,R*7F
$GNGGA,081235.40,2756.94939,S,02449.90975,E,4,18,0.7,94.018,M,28.000,M,1.0,0000*7D
$GNGST,081235.40,0.012,0.015,0.011,32.1,0.011,0.013,0.021*76
$GNRMC,081235.40,A,2756.94939,S,02449.90975,E,3.50,0.0,120826,,,R*7F
$GNGGA,081235.60,2756.94920,S,02449.90975,E,4,18,0.7,94.019,M,28.000,M,1.0,0000*76
$GNGST,081235.60,0.012,0.015,0.011,32.1,0.011,0.013,0.021*74
$GNRMC,081235.60,A,2756.94920,S,02449.90975,E,3.50,0.0,120826,,,R*75
$GNGGA,081235.80,2756.94900,S,02449.90975,E,4,18,0.7,94.020,M,28.000,M,1.0,0000*70
$GNGST,081235.80,0.012,0.015,0.011,32.1,0.011,0.013,0.021*7A
$GNRMC,081235.80,A,2756.94900,S,02449.90975,E,3.50,0.0,120826,,,R*79
$GNGGA,081236.00,2756.94880,S,02449.90975,E,4,18,0.7,94.020,M,28.000,M,1.0,0000*72
$GNGST,081236.00,0.012,0.015,0.011,32.1,0.011,0.013,0.021*71
$GNRMC,081236.00,A,2756.94880,S,02449.90975,E,3.50,0.0,120826,,,R*7B
$GNGGA,081236.20,2756.94861,S,02449.90975,E,4,18,0.7,94.021,M,28.000,M,1.0,0000*7E
$GNGST,081236.20,0.012,0.015,0.011,32.1,0.011,0.013,0.021*73
$GNRMC,081236.20,A,2756.94861,S,02449.90975,E,3.50,0.0,120826,,,R*76
$GNGGA,081236.40,2756.94841,S,02449.90975,E,4,18,0.7,94.021,M,28.000,M,1.0,0000*7A
$GNGST,081236.40,0.012,0.015,0.011,32.1,0.011,0.013,0.021*75
$GNRMC,081236.40,A,2756.94841,S,02449.90975,E,3.50,0.0,120826,,,R*72
$GNGGA,081236.60,2756.94822,S,02449.90975,E,4,18,0.7,94.022,M,28.000,M,1.0,0000*7E
$GNGST,081236.60,0.012,0.015,0.011,32.1,0.011,0.013,0.021*77
$GNRMC,081236.60,A,2756.94822,S,02449.90975,E,3.50,0.0,120826,,,R*75
$GNGGA,081236.80,2756.94802,S,02449.90975,E,4,18,0.7,94.023,M,28.000,M,1.0,0000*73
$GNGST,081236.80,0.012,0.015,0.011,32.1,0.011,0.013,0.021*79
$GNRMC,081236.80,A,2756.94802,S,02449.90975,E,3.50,0.0,120826,,,R*79
$GNGGA,081237.00,2756.94783,S,02449.90975,E,4,18,0.7,94.023,M,28.000,M,1.0,0000*7C
$GNGST,081237.00,0.012,0.015,0.011,32.1,0.011,0.013,0.021*70
$GNRMC,081237.00,A,2756.94783,S,02449.90975,E,3.50,0.0,120826,,,R*76
$GNGGA,081237.20,2756.94763,S,02449.90975,E,4,18,0.7,94.024,M,28.000,M,1.0,0000*77
$GNGST,081237.20,0.012,0.015,0.011,32.1,0.011,0.013,0.021*72
$GNRMC,081237.20,A,2756.94763,S,02449.90975,E,3.50,0.0,120826,,,R*7A
$GNGGA,081237.40,2756.94743,S,02449.90975,E,4,18,0.7,94.025,M,28.000,M,1.0,0000*72
$GNGST,081237.40,0.012,0.015,0.011,32.1,0.011,0.013,0.021*74
$GNRMC,081237.40,A,2756.94743,S,02449.90975,E,3.50,0.0,120826,,,R*7E
$GNGGA,081237.60,2756.94724,S,02449.90975,E,4,18,0.7,94.025,M,28.000,M,1.0,0000*71
$GNGST,081237.60,0.012,0.015,0.011,32.1,0.011,0.013,0.021*76
$GNRMC,081237.60,A,2756.94724,S,02449.90975,E,3.50,0.0,120826,,,R*7D
$GNGGA,081237.80,2756.94704,S,02449.90975,E,4,18,0.7,94.026,M,28.000,M,1.0,0000*7E
$GNGST,081237.80,0.012,0.015,0.011,32.1,0.011,0.013,0.021*78
$GNRMC,081237.80,A,2756.94704,S,02449.90975,E,3.50,0.0,120826,,,R*71
$GNGGA,081238.00,2756.94685,S,02449.90975,E,4,18,0.7,94.027,M,28.000,M,1.0,0000*70
$GNGST,081238.00,0.012,0.015,0.011,32.1,0.011,0.013,0.021*7F
$GNRMC,081238.00,A,2756.94685,S,02449.90975,E,3.50,0.0,120826,,,R*7E
$GNGGA,081238.20,2756.94665,S,02449.90975,E,4,18,0.7,94.027,M,28.000,M,1.0,0000*7C
$GNGST,081238.20,0.012,0.015,0.011,32.1,0.011,0.013,0.021*7D
$GNRMC,081238.20,A,2756.94665,S,02449.90975,E,3.50,0.0,120826,,,R*72
$GNGGA,081238.40,2756.94646,S,02449.90975,E,4,18,0.7,94.028,M,28.000,M,1.0,0000*74
$GNGST,081238.40,0.012,0.015,0.011,32.1,0.011,0.013,0.021*7B
$GNRMC,081238.40,A,2756.94646,S,02449.90975,E,3.50,0.0,120826,,,R*75
$GNGGA,081238.60,2756.94626,S,02449.90975,E,4,18,0.7,94.029,M,28.000,M,1.0,0000*71
$GNGST,081238.60,0.012,0.015,0.011,32.1,0.011,0.013,0.021*79
$GNRMC,081238.60,A,2756.94626,S,02449.90975,E,3.50,0.0,120826,,,R*71
$GNGGA,081238.80,2756.94606,S,02449.90975,E,4,18,0.7,94.029,M,28.000,M,1.0,0000*7D
$GNGST,081238.80,0.012,0.015,0.011,32.1,0.011,0.013,0.021*77
$GNRMC,081238.80,A,2756.94606,S,02449.90975,E,3.50,0.0,120826,,,R*7D
$GNGGA,081239.00,2756.94587,S,02449.90975,E,4,18,0.7,94.030,M,28.000,M,1.0,0000*76
$GNGST,081239.00,0.012,0.015,0.011,32.1,0.011,0.013,0.021*7E
$GNRMC,081239.00,A,2756.94587,S,02449.90975,E,3.50,0.0,120826,,,R*7E
$GNGGA,081239.20,2756.94567,S,02449.90975,E,4,18,0.7,94.031,M,28.000,M,1.0,0000*7B
$GNGST,081239.20,0.012,0.015,0.011,32.1,0.011,0.013,0.021*7C
$GNRMC,081239.20,A,2756.94567,S,02449.90975,E,3.50,0.0,120826,,,R*72
$GNGGA,081239.40,2756.94548,S,02449.90975,E,4,18,0.7,94.031,M,28.000,M,1.0,0000*70
$GNGST,081239.40,0.012,0.015,0.011,32.1,0.011,0.013,0.021*7A
$GNRMC,081239.40,A,2756.94548,S,02449.90975,E,3.50,0.0,120826,,,R*79
$GNGGA,081239.60,2756.94528,S,02449.90975,E,4,18,0.7,94.032,M,28.000,M,1.0,0000*77
$GNGST,081239.60,0.012,0.015,0.011,32.1,0.011,0.013,0.021*78
$GNRMC,081239.60,A,2756.94528,S,02449.90975,E,3.50,0.0,120826,,,R*7D
$GNGGA,081239.80,2756.94509,S,02449.90975,E,4,18,0.7,94.033,M,28.000,M,1.0,0000*7B
$GNGST,081239.80,0.012,0.015,0.011,32.1,0.011,0.013,0.021*76
$GNRMC,081239.80,A,2756.94509,S,02449.90975,E,3.50,0.0,120826,,,R*70
$GNGGA,081240.00,2756.94489,S,02449.90975,E,4,18,0.7,94.033,M,28.000,M,1.0,0000*74
$GNGST,081240.00,0.012,0.015,0.011,32.1,0.011,0.013,0.021*70
$GNRMC,081240.00,A,2756.94489,S,02449.90975,E,3.50,0.0,120826,,,R*7F
$GNGGA,081240.20,2756.94469,S,02449.90975,E,4,18,0.7,94.034,M,28.000,M,1.0,0000*7F
$GNGST,081240.20,0.012,0.015,0.011,32.1,0.011,0.013,0.021*72
$GNRMC,081240.20,A,2756.94469,S,02449.90975,E,3.50,0.0,120826,,,R*73
$GNGGA,081240.40,2756.94450,S,02449.90975,E,4,18,0.7,94.035,M,28.000,M,1.0,0000*72
$GNGST,081240.40,0.012,0.015,0.011,32.1,0.011,0.013,0.021*74
$GNRMC,081240.40,A,2756.94450,S,02449.90975,E,3.50,0.0,120826,,,R*7F
$GNGGA,081240.60,2756.94430,S,02449.90975,E,4,18,0.7,94.035,M,28.000,M,1.0,0000*76
$GNGST,081240.60,0.012,0.015,0.011,32.1,0.011,0.013,0.021*76
$GNRMC,081240.60,A,2756.94430,S,02449.90975,E,3.50,0.0,120826,,,R*7B
$GNGGA,081240.80,2756.94411,S,02449.90975,E,4,18,0.7,94.036,M,28.000,M,1.0,0000*78
$GNGST,081240.80,0.012,0.015,0.011,32.1,0.011,0.013,0.021*78
$GNRMC,081240.80,A,2756.94411,S,02449.90975,E,3.50,0.0,120826,,,R*76
$GNGGA,081241.00,2756.94391,S,02449.90975,E,4,18,0.7,94.037,M,28.000,M,1.0,0000*7F
$GNGST,081241.00,0.012,0.015,0.011,32.1,0.011,0.013,0.021*71
$GNRMC,081241.00,A,2756.94391,S,02449.90975,E,3.50,0.0,120826,,,R*70
$GNGGA,081241.20,2756.94372,S,02449.90975,E,4,18,0.7,94.038,M,28.000,M,1.0,0000*7F
$GNGST,081241.20,0.012,0.015,0.011,32.1,0.011,0.013,0.021*73
$GNRMC,081241.20,A,2756.94372,S,02449.90975,E,3.50,0.0,120826,,,R*7F
$GNGGA,081241.40,2756.94352,S,02449.90975,E,4,18,0.7,94.038,M,28.000,M,1.0,0000*7B
$GNGST,081241.40,0.012,0.015,0.011,32.1,0.011,0.013,0.021*75
$GNRMC,081241.40,A,2756.94352,S,02449.90975,E,3.50,0.0,120826,,,R*7B
$GNGGA,081241.60,2756.94332,S,02449.90975,E,4,18,0.7,94.039,M,28.000,M,1.0,0000*7E
$GNGST,081241.60,0.012,0.015,0.011,32.1,0.011,0.013,0.021*77
$GNRMC,081241.60,A,2756.94332,S,02449.90975,E,3.50,0.0,120826,,,R*7F
$GNGGA,081241.80,2756.94313,S,02449.90975,E,4,18,0.7,94.040,M,28.000,M,1.0,0000*7D
$GNGST,081241.80,0.012,0.015,0.011,32.1,0.011,0.013,0.021*79
$GNRMC,081241.80,A,2756.94313,S,02449.90975,E,3.50,0.0,120826,,,R*72
$GNGGA,081242.00,2756.94293,S,02449.90975,E,4,18,0.7,94.040,M,28.000,M,1.0,0000*7F
$GNGST,081242.00,0.012,0.015,0.011,32.1,0.011,0.013,0.021*72
$GNRMC,081242.00,A,2756.94293,S,02449.90975,E,3.50,0.0,120826,,,R*70
$GNGGA,081242.20,2756.94274,S,02449.90975,E,4,18,0.7,94.041,M,28.000,M,1.0,0000*75
$GNGST,081242.20,0.012,0.015,0.011,32.1,0.011,0.013,0.021*70
$GNRMC,081242.20,A,2756.94274,S,02449.90975,E,3.50,0.0,120826,,,R*7B
$GNGGA,081242.40,2756.94254,S,02449.90975,E,4,18,0.7,94.042,M,28.000,M,1.0,0000*72
$GNGST,081242.40,0.012,0.015,0.011,32.1,0.011,0.013,0.021*76
$GNRMC,081242.40,A,2756.94254,S,02449.90975,E,3.50,0.0,120826,,,R*7F
$GNGGA,081242.60,2756.94235,S,02449.90975,E,4,18,0.7,94.043,M,28.000,M,1.0,0000*76
$GNGST,081242.60,0.012,0.015,0.011,32.1,0.011,0.013,0.021*74
$GNRMC,081242.60,A,2756.94235,S,02449.90975,E,3.50,0.0,120826,,,R*7A
$GNGGA,081242.80,2756.94215,S,02449.90975,E,4,18,0.7,94.043,M,28.000,M,1.0,0000*7A
$GNGST,081242.80,0.012,0.015,0.011,32.1,0.011,0.013,0.021*7A
$GNRMC,081242.80,A,2756.94215,S,02449.90975,E,3.50,0.0,120826,,,R*76
$GNGGA,081243.00,2756.94195,S,02449.90975,E,4,18,0.7,94.044,M,28.000,M,1.0,0000*7F
$GNGST,081243.00,0.012,0.015,0.011,32.1,0.011,0.013,0.021*73
$GNRMC,081243.00,A,2756.94195,S,02449.90975,E,3.50,0.0,120826,,,R*74
$GNGGA,081243.20,2756.94176,S,02449.90975,E,4,18,0.7,94.045,M,28.000,M,1.0,0000*71
$GNGST,081243.20,0.012,0.015,0.011,32.1,0.011,0.013,0.021*71
$GNRMC,081243.20,A,2756.94176,S,02449.90975,E,3.50,0.0,120826,,,R*7B
$GNGGA,081243.40,2756.94156,S,02449.90975,E,4,18,0.7,94.046,M,28.000,M,1.0,0000*76
$GNGST,081243.40,0.012,0.015,0.011,32.1,0.011,0.013,0.021*77
$GNRMC,081243.40,A,2756.94156,S,02449.90975,E,3.50,0.0,120826,,,R*7F
$GNGGA,081243.60,2756.94137,S,02449.90975,E,4,18,0.7,94.046,M,28.000,M,1.0,0000*73
$GNGST,081243.60,0.012,0.015,0.011,32.1,0.011,0.013,0.021*75
$GNRMC,081243.60,A,2756.94137,S,02449.90975,E,3.50,0.0,120826,,,R*7A
$GNGGA,081243.80,2756.94117,S,02449.90975,E,4,18,0.7,94.047,M,28.000,M,1.0,0000*7E
$GNGST,081243.80,0.012,0.015,0.011,32.1,0.011,0.013,0.021*7B
$GNRMC,081243.80,A,2756.94117,S,02449.90975,E,3.50,0.0,120826,,,R*76
$GNGGA,081244.00,2756.94098,S,02449.90975,E,4,18,0.7,94.048,M,28.000,M,1.0,0000*78
$GNGST,081244.00,0.012,0.015,0.011,32.1,0.011,0.013,0.021*74
$GNRMC,081244.00,A,2756.94098,S,02449.90975,E,3.50,0.0,120826,,,R*7F
$GNGGA,081244.20,2756.94078,S,02449.90975,E,4,18,0.7,94.049,M,28.000,M,1.0,0000*75
$GNGST,081244.20,0.012,0.015,0.011,32.1,0.011,0.013,0.021*76
$GNRMC,081244.20,A,2756.94078,S,02449.90975,E,3.50,0.0,120826,,,R*73
$GNGGA,081244.40,2756.94058,S,02449.90975,E,4,18,0.7,94.049,M,28.000,M,1.0,0000*71
$GNGST,081244.40,0.012,0.015,0.011,32.1,0.011,0.013,0.021*70
$GNRMC,081244.40,A,2756.94058,S,02449.90975,E,3.50,0.0,120826,,,R*77
$GNGGA,081244.60,2756.94039,S,02449.90975,E,4,18,0.7,94.050,M,28.000,M,1.0,0000*7C
$GNGST,081244.60,0.012,0.015,0.011,32.1,0.011,0.013,0.021*72
$GNRMC,081244.60,A,2756.94039,S,02449.90975,E,3.50,0.0,120826,,,R*72
$GNGGA,081244.80,2756.94019,S,02449.90975,E,4,18,0.7,94.051,M,28.000,M,1.0,0000*71
$GNGST,081244.80,0.012,0.015,0.011,32.1,0.011,0.013,0.021*7C
$GNRMC,081244.80,A,2756.94019,S,02449.90975,E,3.50,0.0,120826,,,R*7E
$GNGGA,081245.00,2756.94000,S,02449.90975,E,4,18,0.7,94.052,M,28.000,M,1.0,0000*73
$GNGST,081245.00,0.012,0.015,0.011,32.1,0.011,0.013,0.021*75
$GNRMC,081245.00,A,2756.94000,S,02449.90975,E,3.50,0.0,120826,,,R*7F
$GNGGA,081245.20,2756.93980,S,02449.90975,E,4,18,0.7,94.052,M,28.000,M,1.0,0000*77
$GNGST,081245.20,0.012,0.015,0.011,32.1,0.011,0.013,0.021*77
$GNRMC,081245.20,A,2756.93980,S,02449.90975,E,3.50,0.0,120826,,,R*7B
$GNGGA,081245.40,2756.93961,S,02449.90975,E,4,18,0.7,94.053,M,28.000,M,1.0,0000*7F
$GNGST,081245.40,0.012,0.015,0.011,32.1,0.011,0.013,0.021*71
$GNRMC,081245.40,A,2756.93961,S,02449.90975,E,3.50,0.0,120826,,,R*72
$GNGGA,081245.60,2756.93941,S,02449.90975,E,4,18,0.7,94.054,M,28.000,M,1.0,0000*78
$GNGST,081245.60,0.012,0.015,0.011,32.1,0.011,0.013,0.021*73
$GNRMC,081245.60,A,2756.93941,S,02449.90975,E,3.50,0.0,120826,,,R*72
$GNGGA,081245.80,2756.93921,S,02449.90975,E,4,18,0.7,94.055,M,28.000,M,1.0,0000*71
$GNGST,081245.80,0.012,0.015,0.011,32.1,0.011,0.013,0.021*7D
$GNRMC,081245.80,A,2756.93921,S,02449.90975,E,3.50,0.0,120826,,,R*7A
$GNGGA,081246.00,2756.93902,S,02449.90975,E,4,18,0.7,94.055,M,28.000,M,1.0,0000*7B
$GNGST,081246.00,0.012,0.015,0.011,32.1,0.011,0.013,0.021*76
$GNRMC,081246.00,A,2756.93902,S,02449.90975,E,3.50,0.0,120826,,,R*70
$GNGGA,081246.20,2756.93882,S,02449.90975,E,4,18,0.7,94.056,M,28.000,M,1.0,0000*73
$GNGST,081246.20,0.012,0.015,0.011,32.1,0.011,0.013,0.021*74
$GNRMC,081246.20,A,2756.93882,S,02449.90975,E,3.50,0.0,120826,,,R*7B
$GNGGA,081246.40,2756.93863,S,02449.90975,E,4,18,0.7,94.057,M,28.000,M,1.0,0000*7B
$GNGST,081246.40,0.012,0.015,0.011,32.1,0.011,0.013,0.021*72
$GNRMC,081246.40,A,2756.93863,S,02449.90975,E,3.50,0.0,120826,,,R*72
$GNGGA,081246.60,2756.93843,S,02449.90975,E,4,18,0.7,94.058,M,28.000,M,1.0,0000*74
$GNGST,081246.60,0.012,0.015,0.011,32.1,0.011,0.013,0.021*70
$GNRMC,081246.60,A,2756.93843,S,02449.90975,E,3.50,0.0,120826,,,R*72
$GNGGA,081246.80,2756.93824,S,02449.90975,E,4,18,0.7,94.058,M,28.000,M,1.0,0000*7B
$GNGST,081246.80,0.012,0.015,0.011,32.1,0.011,0.013,0.021*7E
$GNRMC,081246.80,A,2756.93824,S,02449.90975,E,3.50,0.0,120826,,,R*7D
$GNGGA,081247.00,2756.93804,S,02449.90975,E,4,18,0.7,94.059,M,28.000,M,1.0,0000*71
$GNGST,081247.00,0.012,0.015,0.011,32.1,0.011,0.013,0.021*77
$GNRMC,081247.00,A,2756.93804,S,02449.90975,E,3.50,0.0,120826,,,R*76
$GNGGA,081247.20,2756.93785,S,02449.90975,E,4,18,0.7,94.060,M,28.000,M,1.0,0000*7F
$GNGST,081247.20,0.012,0.015,0.011,32.1,0.011,0.013,0.021*75
$GNRMC,081247.20,A,2756.93785,S,02449.90975,E,3.50,0.0,120826,,,R*72
$GNGGA,081247.40,2756.93765,S,02449.90975,E,4,18,0.7,94.061,M,28.000,M,1.0,0000*76
$GNGST,081247.40,0.012,0.015,0.011,32.1,0.011,0.013,0.021*73
$GNRMC,081247.40,A,2756.93765,S,02449.90975,E,3.50,0.0,120826,,,R*7A
$GNGGA,081247.60,2756.93745,S,02449.90975,E,4,18,0.7,94.061,M,28.000,M,1.0,0000*76
$GNGST,081247.60,0.012,0.015,0.011,32.1,0.011,0.013,0.021*71
$GNRMC,081247.60,A,2756.93745,S,02449.90975,E,3.50,0.0,120826,,,R*7A
$GNGGA,081247.80,2756.93726,S,02449.90975,E,4,18,0.7,94.062,M,28.000,M,1.0,0000*7E
$GNGST,081247.80,0.012,0.015,0.011,32.1,0.011,0.013,0.021*7F
$GNRMC,081247.80,A,2756.93726,S,02449.90975,E,3.50,0.0,120826,,,R*71
$GNGGA,081248.00,2756.93706,S,02449.90975,E,4,18,0.7,94.063,M,28.000,M,1.0,0000*7A
$GNGST,081248.00,0.012,0.015,0.011,32.1,0.011,0.013,0.021*78
$GNRMC,081248.00,A,2756.93706,S,02449.90975,E,3.50,0.0,120826,,,R*74
$GNGGA,081248.20,2756.93687,S,02449.90975,E,4,18,0.7,94.064,M,28.000,M,1.0,0000*77
$GNGST,081248.20,0.012,0.015,0.011,32.1,0.011,0.013,0.021*7A
$GNRMC,081248.20,A,2756.93687,S,02449.90975,E,3.50,0.0,120826,,,R*7E
$GNGGA,081248.40,2756.93667,S,02449.90975,E,4,18,0.7,94.064,M,28.000,M,1.0,0000*7F
$GNGST,081248.40,0.012,0.015,0.011,32.1,0.011,0.013,0.021*7C
$GNRMC,081248.40,A,2756.93667,S,02449.90975,E,3.50,0.0,120826,,,R*76
$GNGGA,081248.60,2756.93648,S,02449.90975,E,4,18,0.7,94.065,M,28.000,M,1.0,0000*71
$GNGST,081248.60,0.012,0.015,0.011,32.1,0.011,0.013,0.021*7E
$GNRMC,081248.60,A,2756.93648,S,02449.90975,E,3.50,0.0,120826,,,R*79
$GNGGA,081248.80,2756.93628,S,02449.90975,E,4,18,0.7,94.066,M,28.000,M,1.0,0000*7A
$GNGST,081248.80,0.012,0.015,0.011,32.1,0.011,0.013,0.021*70
$GNRMC,081248.80,A,2756.93628,S,02449.90975,E,3.50,0.0,120826,,,R*71
$GNGGA,081249.00,2756.93608,S,02449.90975,E,4,18,0.7,94.067,M,28.000,M,1.0,0000*70
$GNGST,081249.00,0.012,0.015,0.011,32.1,0.011,0.013,0.021*79
$GNRMC,081249.00,A,2756.93608,S,02449.90975,E,3.50,0.0,120826,,,R*7A
$GNGGA,081249.20,2756.93589,S,02449.90975,E,4,18,0.7,94.067,M,28.000,M,1.0,0000*78
$GNGST,081249.20,0.012,0.015,0.011,32.1,0.011,0.013,0.021*7B
$GNRMC,081249.20,A,2756.93589,S,02449.90975,E,3.50,0.0,120826,,,R*72
$GNGGA,081249.40,2756.93569,S,02449.90975,E,4,18,0.7,94.068,M,28.000,M,1.0,0000*7F
$GNGST,081249.40,0.012,0.015,0.011,32.1,0.011,0.013,0.021*7D
$GNRMC,081249.40,A,2756.93569,S,02449.90975,E,3.50,0.0,120826,,,R*7A
$GNGGA,081249.60,2756.93550,S,02449.90975,E,4,18,0.7,94.069,M,28.000,M,1.0,0000*76
$GNGST,081249.60,0.012,0.015,0.011,32.1,0.011,0.013,0.021*7F
$GNRMC,081249.60,A,2756.93550,S,02449.90975,E,3.50,0.0,120826,,,R*72
$GNGGA,081249.80,2756.93530,S,02449.90975,E,4,18,0.7,94.070,M,28.000,M,1.0,0000*76
$GNGST,081249.80,0.012,0.015,0.011,32.1,0.011,0.013,0.021*71
$GNRMC,081249.80,A,2756.93530,S,02449.90975,E,3.50,0.0,120826,,,R*7A
$GNGGA,081250.00,2756.93511,S,02449.90975,E,4,18,0.7,94.070,M,28.000,M,1.0,0000*75
$GNGST,081250.00,0.012,0.015,0.011,32.1,0.011,0.013,0.021*71
$GNRMC,081250.00,A,2756.93511,S,02449.90975,E,3.50,0.0,120826,,,R*79
$GNGGA,081250.20,2756.93491,S,02449.90975,E,4,18,0.7,94.071,M,28.000,M,1.0,0000*7F
$GNGST,081250.20,0.012,0.015,0.011,32.1,0.011,0.013,0.021*73
$GNRMC,081250.20,A,2756.93491,S,02449.90975,E,3.50,0.0,120826,,,R*72
$GNGGA,081250.40,2756.93471,S,02449.90975,E,4,18,0.7,94.072,M,28.000,M,1.0,0000*74
$GNGST,081250.40,0.012,0.015,0.011,32.1,0.011,0.013,0.021*75
$GNRMC,081250.40,A,2756.93471,S,02449.90975,E,3.50,0.0,120826,,,R*7A
$GNGGA,081250.60,2756.93452,S,02449.90975,E,4,18,0.7,94.073,M,28.000,M,1.0,0000*76
$GNGST,081250.60,0.012,0.015,0.011,32.1,0.011,0.013,0.021*77
$GNRMC,081250.60,A,2756.93452,S,02449.90975,E,3.50,0.0,120826,,,R*79
$GNGGA,081250.80,2756.93432,S,02449.90975,E,4,18,0.7,94.073,M,28.000,M,1.0,0000*7E
$GNGST,081250.80,0.012,0.015,0.011,32.1,0.011,0.013,0.021*79
$GNRMC,081250.80,A,2756.93432,S,02449.90975,E,3.50,0.0,120826,,,R*71
$GNGGA,081251.00,2756.93413,S,02449.90975,E,4,18,0.7,94.074,M,28.000,M,1.0,0000*73
$GNGST,081251.00,0.012,0.015,0.011,32.1,0.011,0.013,0.021*70
$GNRMC,081251.00,A,2756.93413,S,02449.90975,E,3.50,0.0,120826,,,R*7B
$GNGGA,081251.20,2756.93393,S,02449.90975,E,4,18,0.7,94.075,M,28.000,M,1.0,0000*7F
$GNGST,081251.20,0.012,0.015,0.011,32.1,0.011,0.013,0.021*72
$GNRMC,081251.20,A,2756.93393,S,02449.90975,E,3.50,0.0,120826,,,R*76
$GNGGA,081251.40,2756.93374,S,02449.90975,E,4,18,0.7,94.075,M,28.000,M,1.0,0000*70
$GNGST,081251.40,0.012,0.015,0.011,32.1,0.011,0.013,0.021*74
$GNRMC,081251.40,A,2756.93374,S,02449.90975,E,3.50,0.0,120826,,,R*79
$GNGGA,081251.60,2756.93354,S,02449.90975,E,4,18,0.7,94.076,M,28.000,M,1.0,0000*73
$GNGST,081251.60,0.012,0.015,0.011,32.1,0.011,0.013,0.021*76
$GNRMC,081251.60,A,2756.93354,S,02449.90975,E,3.50,0.0,120826,,,R*79
$GNGGA,081251.80,2756.93334,S,02449.90975,E,4,18,0.7,94.077,M,28.000,M,1.0,0000*7A
$GNGST,081251.80,0.012,0.015,0.011,32.1,0.011,0.013,0.021*78
$GNRMC,081251.80,A,2756.93334,S,02449.90975,E,3.50,0.0,120826,,,R*71
$GNGGA,081252.00,2756.93315,S,02449.90975,E,4,18,0.7,94.078,M,28.000,M,1.0,0000*7D
$GNGST,081252.00,0.012,0.015,0.011,32.1,0.011,0.013,0.021*73
$GNRMC,081252.00,A,2756.93315,S,02449.90975,E,3.50,0.0,120826,,,R*79
$GNGGA,081252.20,2756.93295,S,02449.90975,E,4,18,0.7,94.078,M,28.000,M,1.0,0000*76
$GNGST,081252.20,0.012,0.015,0.011,32.1,0.011,0.013,0.021*71
$GNRMC,081252.20,A,2756.93295,S,02449.90975,E,3.50,0.0,120826,,,R*72
$GNGGA,081252.40,2756.93276,S,02449.90975,E,4,18,0.7,94.079,M,28.000,M,1.0,0000*7C
$GNGST,081252.40,0.012,0.015,0.011,32.1,0.011,0.013,0.021*77
$GNRMC,081252.40,A,2756.93276,S,02449.90975,E,3.50,0.0,120826,,,R*79
$GNGGA,081252.60,2756.93256,S,02449.90975,E,4,18,0.7,94.080,M,28.000,M,1.0,0000*7A
$GNGST,081252.60,0.012,0.015,0.011,32.1,0.011,0.013,0.021*75
$GNRMC,081252.60,A,2756.93256,S,02449.90975,E,3.50,0.0,120826,,,R*79
$GNGGA,081252.80,2756.93237,S,02449.90975,E,4,18,0.7,94.080,M,28.000,M,1.0,0000*73
$GNGST,081252.80,0.012,0.015,0.011,32.1,0.011,0.013,0.021*7B
$GNRMC,081252.80,A,2756.93237,S,02449.90975,E,3.50,0.0,120826,,,R*70
$GNGGA,081253.00,2756.93247,S,02449.90993,E,4,18,0.7,94.081,M,28.000,M,1.0,0000*74
$GNGST,081253.00,0.012,0.015,0.011,32.1,0.011,0.013,0.021*72
$GNRMC,081253.00,A,2756.93247,S,02449.90993,E,3.50,123.7,120826,,,R*71
$GNGGA,081253.20,2756.93258,S,02449.91012,E,4,18,0.7,94.081,M,28.000,M,1.0,0000*79
$GNGST,081253.20,0.012,0.015,0.011,32.1,0.011,0.013,0.021*70
$GNRMC,081253.20,A,2756.93258,S,02449.91012,E,3.50,123.7,120826,,,R*7C
$GNGGA,081253.40,2756.93269,S,02449.91030,E,4,18,0.7,94.082,M,28.000,M,1.0,0000*7E
$GNGST,081253.40,0.012,0.015,0.011,32.1,0.011,0.013,0.021*76
$GNRMC,081253.40,A,2756.93269,S,02449.91030,E,3.50,123.7,120826,,,R*78
$GNGGA,081253.60,2756.93280,S,02449.91049,E,4,18,0.7,94.082,M,28.000,M,1.0,0000*75
$GNGST,081253.60,0.012,0.015,0.011,32.1,0.011,0.013,0.021*74
$GNRMC,081253.60,A,2756.93280,S,02449.91049,E,3.50,123.7,120826,,,R*73
$GNGGA,081253.80,2756.93291,S,02449.91067,E,4,18,0.7,94.082,M,28.000,M,1.0,0000*77
$GNGST,081253.80,0.012,0.015,0.011,32.1,0.011,0.013,0.021*7A
$GNRMC,081253.80,A,2756.93291,S,02449.91067,E,3.50,123.7,120826,,,R*71
$GNGGA,081254.00,2756.93302,S,02449.91086,E,4,18,0.7,94.083,M,28.000,M,1.0,0000*7D
$GNGST,081254.00,0.012,0.015,0.011,32.1,0.011,0.013,0.021*75
$GNRMC,081254.00,A,2756.93302,S,02449.91086,E,3.50,123.7,120826,,,R*7A
$GNGGA,081254.20,2756.93313,S,02449.91104,E,4,18,0.7,94.083,M,28.000,M,1.0,0000*74
$GNGST,081254.20,0.012,0.015,0.011,32.1,0.011,0.013,0.021*77
$GNRMC,081254.20,A,2756.93313,S,02449.91104,E,3.50,123.7,120826,,,R*73
$GNGGA,081254.40,2756.93324,S,02449.91123,E,4,18,0.7,94.083,M,28.000,M,1.0,0000*73
$GNGST,081254.40,0.012,0.015,0.011,32.1,0.011,0.013,0.021*71
$GNRMC,081254.40,A,2756.93324,S,02449.91123,E,3.50,123.7,120826,,,R*74
$GNGGA,081254.60,2756.93335,S,02449.91141,E,4,18,0.7,94.084,M,28.000,M,1.0,0000*72
$GNGST,081254.60,0.012,0.015,0.011,32.1,0.011,0.013,0.021*73
$GNRMC,081254.60,A,2756.93335,S,02449.91141,E,3.50,123.7,120826,,,R*72
$GNGGA,081254.80,2756.93346,S,02449.91160,E,4,18,0.7,94.084,M,28.000,M,1.0,0000*7B
$GNGST,081254.80,0.012,0.015,0.011,32.1,0.011,0.013,0.021*7D
$GNRMC,081254.80,A,2756.93346,S,02449.91160,E,3.50,123.7,120826,,,R*7B
$GNGGA,081255.00,2756.93357,S,02449.91178,E,4,18,0.7,94.084,M,28.000,M,1.0,0000*7B
$GNGST,081255.00,0.012,0.015,0.011,32.1,0.011,0.013,0.021*74
$GNRMC,081255.00,A,2756.93357,S,02449.91178,E,3.50,123.7,120826,,,R*7B
$GNGGA,081255.20,2756.93368,S,02449.91197,E,4,18,0.7,94.085,M,28.000,M,1.0,0000*75
$GNGST,081255.20,0.012,0.015,0.011,32.1,0.011,0.013,0.021*76
$GNRMC,081255.20,A,2756.93368,S,02449.91197,E,3.50,123.7,120826,,,R*74
$GNGGA,081255.40,2756.93379,S,02449.91215,E,4,18,0.7,94.085,M,28.000,M,1.0,0000*7A
$GNGST,081255.40,0.012,0.015,0.011,32.1,0.011,0.013,0.021*70
$GNRMC,081255.40,A,2756.93379,S,02449.91215,E,3.50,123.7,120826,,,R*7B
$GNGGA,081255.60,2756.93389,S,02449.91233,E,4,18,0.7,94.086,M,28.000,M,1.0,0000*70
$GNGST,081255.60,0.012,0.015,0.011,32.1,0.011,0.013,0.021*72
$GNRMC,081255.60,A,2756.93389,S,02449.91233,E,3.50,123.7,120826,,,R*72
$GNGGA,081255.80,2756.93400,S,02449.91252,E,4,18,0.7,94.086,M,28.000,M,1.0,0000*7F
$GNGST,081255.80,0.012,0.015,0.011,32.1,0.011,0.013,0.021*7C
$GNRMC,081255.80,A,2756.93400,S,02449.91252,E,3.50,123.7,120826,,,R*7D
$GNGGA,081256.00,2756.93411,S,02449.91270,E,4,18,0.7,94.086,M,28.000,M,1.0,0000*74
$GNGST,081256.00,0.012,0.015,0.011,32.1,0.011,0.013,0.021*77
$GNRMC,081256.00,A,2756.93411,S,02449.91270,E,3.50,123.7,120826,,,R*76
$GNGGA,081256.20,2756.93422,S,02449.91289,E,4,18,0.7,94.087,M,28.000,M,1.0,0000*71
$GNGST,081256.20,0.012,0.015,0.011,32.1,0.011,0.013,0.021*75
$GNRMC,081256.20,A,2756.93422,S,02449.91289,E,3.50,123.7,120826,,,R*72
$GNGGA,081256.40,2756.93433,S,02449.91307,E,4,18,0.7,94.087,M,28.000,M,1.0,0000*70
$GNGST,081256.40,0.012,0.015,0.011,32.1,0.011,0.013,0.021*73
$GNRMC,081256.40,A,2756.93433,S,02449.91307,E,3.50,123.7,120826,,,R*73
$GNGGA,081256.60,2756.93444,S,02449.91326,E,4,18,0.7,94.088,M,28.000,M,1.0,0000*7E
$GNGST,081256.60,0.012,0.015,0.011,32.1,0.011,0.013,0.021*71
$GNRMC,081256.60,A,2756.93444,S,02449.91326,E,3.50,123.7,120826,,,R*72
$GNGGA,081256.80,2756.93455,S,02449.91344,E,4,18,0.7,94.088,M,28.000,M,1.0,0000*74
$GNGST,081256.80,0.012,0.015,0.011,32.1,0.011,0.013,0.021*7F
$GNRMC,081256.80,A,2756.93455,S,02449.91344,E,3.50,123.7,120826,,,R*78
$GNGGA,081257.00,2756.93466,S,02449.91363,E,4,18,0.7,94.089,M,28.000,M,1.0,0000*79
$GNGST,081257.00,0.012,0.015,0.011,32.1,0.011,0.013,0.021*76
$GNRMC,081257.00,A,2756.93466,S,02449.91363,E,3.50,123.7,120826,,,R*74
$GNGGA,081257.20,2756.93477,S,02449.91381,E,4,18,0.7,94.089,M,28.000,M,1.0,0000*77
$GNGST,081257.20,0.012,0.015,0.011,32.1,0.011,0.013,0.021*74
$GNRMC,081257.20,A,2756.93477,S,02449.91381,E,3.50,123.7,120826,,,R*7A
$GNGGA,081257.40,2756.93488,S,02449.91400,E,4,18,0.7,94.089,M,28.000,M,1.0,0000*7F
$GNGST,081257.40,0.012,0.015,0.011,32.1,0.011,0.013,0.021*72
$GNRMC,081257.40,A,2756.93488,S,02449.91400,E,3.50,123.7,120826,,,R*72
$GNGGA,081257.60,2756.93499,S,02449.91418,E,4,18,0.7,94.090,M,28.000,M,1.0,0000*7C
$GNGST,081257.60,0.012,0.015,0.011,32.1,0.011,0.013,0.021*70
$GNRMC,081257.60,A,2756.93499,S,02449.91418,E,3.50,123.7,120826,,,R*79
$GNGGA,081257.80,2756.93510,S,02449.91437,E,4,18,0.7,94.090,M,28.000,M,1.0,0000*7F
$GNGST,081257.80,0.012,0.015,0.011,32.1,0.011,0.013,0.021*7E
$GNRMC,081257.80,A,2756.93510,S,02449.91437,E,3.50,123.7,120826,,,R*7A
$GNGGA,081258.00,2756.93521,S,02449.91455,E,4,18,0.7,94.091,M,28.000,M,1.0,0000*7F
$GNGST,081258.00,0.012,0.015,0.011,32.1,0.011,0.013,0.021*79
$GNRMC,081258.00,A,2756.93521,S,02449.91455,E,3.50,123.7,120826,,,R*7B
$GNGGA,081258.20,2756.93532,S,02449.91474,E,4,18,0.7,94.091,M,28.000,M,1.0,0000*7C
$GNGST,081258.20,0.012,0.015,0.011,32.1,0.011,0.013,0.021*7B
$GNRMC,081258.20,A,2756.93532,S,02449.91474,E,3.50,123.7,120826,,,R*78
$GNGGA,081258.40,2756.93542,S,02449.91492,E,4,18,0.7,94.092,M,28.000,M,1.0,0000*76
$GNGST,081258.40,0.012,0.015,0.011,32.1,0.011,0.013,0.021*7D
$GNRMC,081258.40,A,2756.93542,S,02449.91492,E,3.50,123.7,120826,,,R*71
$GNGGA,081258.60,2756.93553,S,02449.91511,E,4,18,0.7,94.092,M,28.000,M,1.0,0000*7E
$GNGST,081258.60,0.012,0.015,0.011,32.1,0.011,0.013,0.021*7F
$GNRMC,081258.60,A,2756.93553,S,02449.91511,E,3.50,123.7,120826,,,R*79
$GNGGA,081258.80,2756.93564,S,02449.91529,E,4,18,0.7,94.093,M,28.000,M,1.0,0000*7E
$GNGST,081258.80,0.012,0.015,0.011,32.1,0.011,0.013,0.021*71
$GNRMC,081258.80,A,2756.93564,S,02449.91529,E,3.50,123.7,120826,,,R*78
$GNGGA,081259.00,2756.93575,S,02449.91548,E,4,18,0.7,94.093,M,28.000,M,1.0,0000*70
$GNGST,081259.00,0.012,0.015,0.011,32.1,0.011,0.013,0.021*78
$GNRMC,081259.00,A,2756.93575,S,02449.91548,E,3.50,123.7,120826,,,R*76
$GNGGA,081259.20,2756.93586,S,02449.91566,E,4,18,0.7,94.094,M,28.000,M,1.0,0000*75
$GNGST,081259.20,0.012,0.015,0.011,32.1,0.011,0.013,0.021*7A
$GNRMC,081259.20,A,2756.93586,S,02449.91566,E,3.50,123.7,120826,,,R*74
$GNGGA,081259.40,2756.93597,S,02449.91585,E,4,18,0.7,94.094,M,28.000,M,1.0,0000*7E
$GNGST,081259.40,0.012,0.015,0.011,32.1,0.011,0.013,0.021*7C
$GNRMC,081259.40,A,2756.93597,S,02449.91585,E,3.50,123.7,120826,,,R*7F
$GNGGA,081259.60,2756.93608,S,02449.91603,E,4,18,0.7,94.095,M,28.000,M,1.0,0000*75
$GNGST,081259.60,0.012,0.015,0.011,32.1,0.011,0.013,0.021*7E
$GNRMC,081259.60,A,2756.93608,S,02449.91603,E,3.50,123.7,120826,,,R*75
$GNGGA,081259.80,2756.93619,S,02449.91621,E,4,18,0.7,94.095,M,28.000,M,1.0,0000*7B
$GNGST,081259.80,0.012,0.015,0.011,32.1,0.011,0.013,0.021*70
$GNRMC,081259.80,A,2756.93619,S,02449.91621,E,3.50,123.7,120826,,,R*7B
$GNGGA,081300.00,2756.93630,S,02449.91640,E,4,18,0.7,94.095,M,28.000,M,1.0,0000*72
$GNGST,081300.00,0.012,0.015,0.011,32.1,0.011,0.013,0.021*75
$GNRMC,081300.00,A,2756.93630,S,02449.91640,E,3.50,123.7,120826,,,R*72
$GNGGA,081300.20,2756.93641,S,02449.91658,E,4,18,0.7,94.096,M,28.000,M,1.0,0000*7C
$GNGST,081300.20,0.012,0.015,0.011,32.1,0.011,0.013,0.021*77
$GNRMC,081300.20,A,2756.93641,S,02449.91658,E,3.50,123.7,120826,,,R*7F
$GNGGA,081300.40,2756.93652,S,02449.91677,E,4,18,0.7,94.096,M,28.000,M,1.0,0000*75
$GNGST,081300.40,0.012,0.015,0.011,32.1,0.011,0.013,0.021*71
$GNRMC,081300.40,A,2756.93652,S,02449.91677,E,3.50,123.7,120826,,,R*76
$GNGGA,081300.60,2756.93663,S,02449.91695,E,4,18,0.7,94.097,M,28.000,M,1.0,0000*78
$GNGST,081300.60,0.012,0.015,0.011,32.1,0.011,0.013,0.021*73
$GNRMC,081300.60,A,2756.93663,S,02449.91695,E,3.50,123.7,120826,,,R*7A
$GNGGA,081300.80,2756.93674,S,02449.91714,E,4,18,0.7,94.098,M,28.000,M,1.0,0000*77
$GNGST,081300.80,0.012,0.015,0.011,32.1,0.011,0.013,0.021*7D
$GNRMC,081300.80,A,2756.93674,S,02449.91714,E,3.50,123.7,120826,,,R*7A
$GNGGA,081301.00,2756.93685,S,02449.91732,E,4,18,0.7,94.098,M,28.000,M,1.0,0000*74
$GNGST,081301.00,0.012,0.015,0.011,32.1,0.011,0.013,0.021*74
$GNRMC,081301.00,A,2756.93685,S,02449.91732,E,3.50,123.7,120826,,,R*79
$GNGGA,081301.20,2756.93695,S,02449.91751,E,4,18,0.7,94.099,M,28.000,M,1.0,0000*73
$GNGST,081301.20,0.012,0.015,0.011,32.1,0.011,0.013,0.021*76
$GNRMC,081301.20,A,2756.93695,S,02449.91751,E,3.50,123.7,120826,,,R*7F
$GNGGA,081301.40,2756.93706,S,02449.91769,E,4,18,0.7,94.099,M,28.000,M,1.0,0000*75
$GNGST,081301.40,0.012,0.015,0.011,32.1,0.011,0.013,0.021*70
$GNRMC,081301.40,A,2756.93706,S,02449.91769,E,3.50,123.7,120826,,,R*79
$GNGGA,081301.60,2756.93717,S,02449.91788,E,4,18,0.7,94.100,M,28.000,M,1.0,0000*79
$GNGST,081301.60,0.012,0.015,0.011,32.1,0.011,0.013,0.021*72
$GNRMC,081301.60,A,2756.93717,S,02449.91788,E,3.50,123.7,120826,,,R*74
$GNGGA,081301.80,2756.93728,S,02449.91806,E,4,18,0.7,94.100,M,28.000,M,1.0,0000*72
$GNGST,081301.80,0.012,0.015,0.011,32.1,0.011,0.013,0.021*7C
$GNRMC,081301.80,A,2756.93728,S,02449.91806,E,3.50,123.7,120826,,,R*7F
$GNGGA,081302.00,2756.93739,S,02449.91825,E,4,18,0.7,94.101,M,28.000,M,1.0,0000*79
$GNGST,081302.00,0.012,0.015,0.011,32.1,0.011,0.013,0.021*77
$GNRMC,081302.00,A,2756.93739,S,02449.91825,E,3.50,123.7,120826,,,R*75
$GNGGA,081302.20,2756.93750,S,02449.91843,E,4,18,0.7,94.101,M,28.000,M,1.0,0000*74
$GNGST,081302.20,0.012,0.015,0.011,32.1,0.011,0.013,0.021*75
$GNRMC,081302.20,A,2756.93750,S,02449.91843,E,3.50,123.7,120826,,,R*78
$GNGGA,081302.40,2756.93761,S,02449.91862,E,4,18,0.7,94.102,M,28.000,M,1.0,0000*70
$GNGST,081302.40,0.012,0.015,0.011,32.1,0.011,0.013,0.021*73
$GNRMC,081302.40,A,2756.93761,S,02449.91862,E,3.50,123.7,120826,,,R*7F
$GNGGA,081302.60,2756.93772,S,02449.91880,E,4,18,0.7,94.102,M,28.000,M,1.0,0000*7C
$GNGST,081302.60,0.012,0.015,0.011,32.1,0.011,0.013,0.021*71
$GNRMC,081302.60,A,2756.93772,S,02449.91880,E,3.50,123.7,120826,,,R*73
$GNGGA,081302.80,2756.93783,S,02449.91899,E,4,18,0.7,94.103,M,28.000,M,1.0,0000*75
$GNGST,081302.80,0.012,0.015,0.011,32.1,0.011,0.013,0.021*7F
$GNRMC,081302.80,A,2756.93783,S,02449.91899,E,3.50,123.7,120826,,,R*7B
$GNGGA,081303.00,2756.93794,S,02449.91917,E,4,18,0.7,94.103,M,28.000,M,1.0,0000*7D
$GNGST,081303.00,0.012,0.015,0.011,32.1,0.011,0.013,0.021*76
$GNRMC,081303.00,A,2756.93794,S,02449.91917,E,3.50,123.7,120826,,,R*73
$GNGGA,081303.20,2756.93805,S,02449.91936,E,4,18,0.7,94.104,M,28.000,M,1.0,0000*7C
$GNGST,081303.20,0.012,0.015,0.011,32.1,0.011,0.013,0.021*74
$GNRMC,081303.20,A,2756.93805,S,02449.91936,E,3.50,123.7,120826,,,R*75
$GNGGA,081303.40,2756.93816,S,02449.91954,E,4,18,0.7,94.105,M,28.000,M,1.0,0000*7D
$GNGST,081303.40,0.012,0.015,0.011,32.1,0.011,0.013,0.021*72
$GNRMC,081303.40,A,2756.93816,S,02449.91954,E,3.50,123.7,120826,,,R*75
$GNGGA,081303.60,2756.93827,S,02449.91973,E,4,18,0.7,94.105,M,28.000,M,1.0,0000*78
$GNGST,081303.60,0.012,0.015,0.011,32.1,0.011,0.013,0.021*70
$GNRMC,081303.60,A,2756.93827,S,02449.91973,E,3.50,123.7,120826,,,R*70
$GNGGA,081303.80,2756.93837,S,02449.91991,E,4,18,0.7,94.106,M,28.000,M,1.0,0000*78
$GNGST,081303.80,0.012,0.015,0.011,32.1,0.011,0.013,0.021*7E
$GNRMC,081303.80,A,2756.93837,S,02449.91991,E,3.50,123.7,120826,,,R*73
$GNGGA,081304.00,2756.93848,S,02449.92009,E,4,18,0.7,94.106,M,28.000,M,1.0,0000*74
$GNGST,081304.00,0.012,0.015,0.011,32.1,0.011,0.013,0.021*71
$GNRMC,081304.00,A,2756.93848,S,02449.92009,E,3.50,123.7,120826,,,R*7F
$GNGGA,081304.20,2756.93859,S,02449.92028,E,4,18,0.7,94.107,M,28.000,M,1.0,0000*74
$GNGST,081304.20,0.012,0.015,0.011,32.1,0.011,0.013,0.021*73
$GNRMC,081304.20,A,2756.93859,S,02449.92028,E,3.50,123.7,120826,,,R*7E
$GNGGA,081304.40,2756.93870,S,02449.92046,E,4,18,0.7,94.107,M,28.000,M,1.0,0000*71
$GNGST,081304.40,0.012,0.015,0.011,32.1,0.011,0.013,0.021*75
$GNRMC,081304.40,A,2756.93870,S,02449.92046,E,3.50,123.7,120826,,,R*7B
$GNGGA,081304.60,2756.93881,S,02449.92065,E,4,18,0.7,94.108,M,28.000,M,1.0,0000*73
$GNGST,081304.60,0.012,0.015,0.011,32.1,0.011,0.013,0.021*77
$GNRMC,081304.60,A,2756.93881,S,02449.92065,E,3.50,123.7,120826,,,R*76
$GNGGA,081304.80,2756.93892,S,02449.92083,E,4,18,0.7,94.109,M,28.000,M,1.0,0000*76
$GNGST,081304.80,0.012,0.015,0.011,32.1,0.011,0.013,0.021*79
$GNRMC,081304.80,A,2756.93892,S,02449.92083,E,3.50,123.7,120826,,,R*72
$GNGGA,081305.00,2756.93903,S,02449.92102,E,4,18,0.7,94.109,M,28.000,M,1.0,0000*7E
$GNGST,081305.00,0.012,0.015,0.011,32.1,0.011,0.013,0.021*70
$GNRMC,081305.00,A,2756.93903,S,02449.92102,E,3.50,123.7,120826,,,R*7A
$GNGGA,081305.20,2756.93914,S,02449.92120,E,4,18,0.7,94.110,M,28.000,M,1.0,0000*72
$GNGST,081305.20,0.012,0.015,0.011,32.1,0.011,0.013,0.021*72
$GNRMC,081305.20,A,2756.93914,S,02449.92120,E,3.50,123.7,120826,,,R*7E
$GNGGA,081305.40,2756.93925,S,02449.92139,E,4,18,0.7,94.110,M,28.000,M,1.0,0000*7E
$GNGST,081305.40,0.012,0.015,0.011,32.1,0.011,0.013,0.021*74
$GNRMC,081305.40,A,2756.93925,S,02449.92139,E,3.50,123.7,120826,,,R*72
$GNGGA,081305.60,2756.93936,S,02449.92157,E,4,18,0.7,94.111,M,28.000,M,1.0,0000*77
$GNGST,081305.60,0.012,0.015,0.011,32.1,0.011,0.013,0.021*76
$GNRMC,081305.60,A,2756.93936,S,02449.92157,E,3.50,123.7,120826,,,R*7A
$GNGGA,081305.80,2756.93947,S,02449.92176,E,4,18,0.7,94.112,M,28.000,M,1.0,0000*7F
$GNGST,081305.80,0.012,0.015,0.011,32.1,0.011,0.013,0.021*78
$GNRMC,081305.80,A,2756.93947,S,02449.92176,E,3.50,123.7,120826,,,R*71
$GNGGA,081306.00,2756.93958,S,02449.92194,E,4,18,0.7,94.112,M,28.000,M,1.0,0000*76
$GNGST,081306.00,0.012,0.015,0.011,32.1,0.011,0.013,0.021*73
$GNRMC,081306.00,A,2756.93958,S,02449.92194,E,3.50,123.7,120826,,,R*78
$GNGGA,081306.20,2756.93977,S,02449.92194,E,4,18,0.7,94.112,M,28.000,M,1.0,0000*79
$GNGST,081306.20,0.012,0.015,0.011,32.1,0.011,0.013,0.021*71
$GNRMC,081306.20,A,2756.93977,S,02449.92194,E,3.50,180.0,120826,,,R*79
$GNGGA,081306.40,2756.93997,S,02449.92194,E,4,18,0.7,94.111,M,28.000,M,1.0,0000*72
$GNGST,081306.40,0.012,0.015,0.011,32.1,0.011,0.013,0.021*77
$GNRMC,081306.40,A,2756.93997,S,02449.92194,E,3.50,180.0,120826,,,R*71
$GNGGA,081306.60,2756.94017,S,02449.92194,E,4,18,0.7,94.110,M,28.000,M,1.0,0000*77
$GNGST,081306.60,0.012,0.015,0.011,32.1,0.011,0.013,0.021*75
$GNRMC,081306.60,A,2756.94017,S,02449.92194,E,3.50,180.0,120826,,,R*75
$GNGGA,081306.80,2756.94036,S,02449.92194,E,4,18,0.7,94.110,M,28.000,M,1.0,0000*7A
$GNGST,081306.80,0.012,0.015,0.011,32.1,0.011,0.013,0.021*7B
$GNRMC,081306.80,A,2756.94036,S,02449.92194,E,3.50,180.0,120826,,,R*78
$GNGGA,081307.00,2756.94056,S,02449.92194,E,4,18,0.7,94.109,M,28.000,M,1.0,0000*7D
$GNGST,081307.00,0.012,0.015,0.011,32.1,0.011,0.013,0.021*72
$GNRMC,081307.00,A,2756.94056,S,02449.92194,E,3.50,180.0,120826,,,R*77
$GNGGA,081307.20,2756.94076,S,02449.92194,E,4,18,0.7,94.109,M,28.000,M,1.0,0000*7D
$GNGST,081307.20,0.012,0.015,0.011,32.1,0.011,0.013,0.021*70
$GNRMC,081307.20,A,2756.94076,S,02449.92194,E,3.50,180.0,120826,,,R*77
$GNGGA,081307.40,2756.94095,S,02449.92194,E,4,18,0.7,94.108,M,28.000,M,1.0,0000*77
$GNGST,081307.40,0.012,0.015,0.011,32.1,0.011,0.013,0.021*76
$GNRMC,081307.40,A,2756.94095,S,02449.92194,E,3.50,180.0,120826,,,R*7C
$GNGGA,081307.60,2756.94115,S,02449.92194,E,4,18,0.7,94.108,M,28.000,M,1.0,0000*7C
$GNGST,081307.60,0.012,0.015,0.011,32.1,0.011,0.013,0.021*74
$GNRMC,081307.60,A,2756.94115,S,02449.92194,E,3.50,180.0,120826,,,R*77
$GNGGA,081307.80,2756.94135,S,02449.92194,E,4,18,0.7,94.107,M,28.000,M,1.0,0000*7F
$GNGST,081307.80,0.012,0.015,0.011,32.1,0.011,0.013,0.021*7A
$GNRMC,081307.80,A,2756.94135,S,02449.92194,E,3.50,180.0,120826,,,R*7B
$GNGGA,081308.00,2756.94154,S,02449.92194,E,4,18,0.7,94.106,M,28.000,M,1.0,0000*7E
$GNGST,081308.00,0.012,0.015,0.011,32.1,0.011,0.013,0.021*7D
$GNRMC,081308.00,A,2756.94154,S,02449.92194,E,3.50,180.0,120826,,,R*7B
$GNGGA,081308.20,2756.94174,S,02449.92194,E,4,18,0.7,94.106,M,28.000,M,1.0,0000*7E
$GNGST,081308.20,0.012,0.015,0.011,32.1,0.011,0.013,0.021*7F
$GNRMC,081308.20,A,2756.94174,S,02449.92194,E,3.50,180.0,120826,,,R*7B
$GNGGA,081308.40,2756.94194,S,02449.92194,E,4,18,0.7,94.105,M,28.000,M,1.0,0000*75
$GNGST,081308.40,0.012,0.015,0.011,32.1,0.011,0.013,0.021*79
$GNRMC,081308.40,A,2756.94194,S,02449.92194,E,3.50,180.0,120826,,,R*73
$GNGGA,081308.60,2756.94213,S,02449.92194,E,4,18,0.7,94.105,M,28.000,M,1.0,0000*7B
$GNGST,081308.60,0.012,0.015,0.011,32.1,0.011,0.013,0.021*7B
$GNRMC,081308.60,A,2756.94213,S,02449.92194,E,3.50,180.0,120826,,,R*7D
$GNGGA,081308.80,2756.94233,S,02449.92194,E,4,18,0.7,94.104,M,28.000,M,1.0,0000*76
$GNGST,081308.80,0.012,0.015,0.011,32.1,0.011,0.013,0.021*75
$GNRMC,081308.80,A,2756.94233,S,02449.92194,E,3.50,180.0,120826,,,R*71
$GNGGA,081309.00,2756.94252,S,02449.92194,E,4,18,0.7,94.103,M,28.000,M,1.0,0000*7F
$GNGST,081309.00,0.012,0.015,0.011,32.1,0.011,0.013,0.021*7C
$GNRMC,081309.00,A,2756.94252,S,02449.92194,E,3.50,180.0,120826,,,R*7F
$GNGGA,081309.20,2756.94272,S,02449.92194,E,4,18,0.7,94.103,M,28.000,M,1.0,0000*7F
$GNGST,081309.20,0.012,0.015,0.011,32.1,0.011,0.013,0.021*7E
$GNRMC,081309.20,A,2756.94272,S,02449.92194,E,3.50,180.0,120826,,,R*7F
$GNGGA,081309.40,2756.94292,S,02449.92194,E,4,18,0.7,94.102,M,28.000,M,1.0,0000*76
$GNGST,081309.40,0.012,0.015,0.011,32.1,0.011,0.013,0.021*78
$GNRMC,081309.40,A,2756.94292,S,02449.92194,E,3.50,180.0,120826,,,R*77
$GNGGA,081309.60,2756.94311,S,02449.92194,E,4,18,0.7,94.102,M,28.000,M,1.0,0000*7E
$GNGST,081309.60,0.012,0.015,0.011,32.1,0.011,0.013,0.021*7A
$GNRMC,081309.60,A,2756.94311,S,02449.92194,E,3.50,180.0,120826,,,R*7F
$GNGGA,081309.80,2756.94331,S,02449.92194,E,4,18,0.7,94.101,M,28.000,M,1.0,0000*71
$GNGST,081309.80,0.012,0.015,0.011,32.1,0.011,0.013,0.021*74
$GNRMC,081309.80,A,2756.94331,S,02449.92194,E,3.50,180.0,120826,,,R*73
$GNGGA,081310.00,2756.94351,S,02449.92194,E,4,18,0.7,94.100,M,28.000,M,1.0,0000*76
$GNGST,081310.00,0.012,0.015,0.011,32.1,0.011,0.013,0.021*74
$GNRMC,081310.00,A,2756.94351,S,02449.92194,E,3.50,180.0,120826,,,R*75
$GNGGA,081310.20,2756.94370,S,02449.92194,E,4,18,0.7,94.100,M,28.000,M,1.0,0000*77
$GNGST,081310.20,0.012,0.015,0.011,32.1,0.011,0.013,0.021*76
$GNRMC,081310.20,A,2756.94370,S,02449.92194,E,3.50,180.0,120826,,,R*74
$GNGGA,081310.40,2756.94390,S,02449.92194,E,4,18,0.7,94.099,M,28.000,M,1.0,0000*7E
$GNGST,081310.40,0.012,0.015,0.011,32.1,0.011,0.013,0.021*70
$GNRMC,081310.40,A,2756.94390,S,02449.92194,E,3.50,180.0,120826,,,R*7C
$GNGGA,081310.60,2756.94410,S,02449.92194,E,4,18,0.7,94.098,M,28.000,M,1.0,0000*72
$GNGST,081310.60,0.012,0.015,0.011,32.1,0.011,0.013,0.021*72
$GNRMC,081310.60,A,2756.94410,S,02449.92194,E,3.50,180.0,120826,,,R*71
$GNGGA,081310.80,2756.94429,S,02449.92194,E,4,18,0.7,94.098,M,28.000,M,1.0,0000*76
$GNGST,081310.80,0.012,0.015,0.011,32.1,0.011,0.013,0.021*7C
$GNRMC,081310.80,A,2756.94429,S,02449.92194,E,3.50,180.0,120826,,,R*75
$GNGGA,081311.00,2756.94449,S,02449.92194,E,4,18,0.7,94.097,M,28.000,M,1.0,0000*76
$GNGST,081311.00,0.012,0.015,0.011,32.1,0.011,0.013,0.021*75
$GNRMC,081311.00,A,2756.94449,S,02449.92194,E,3.50,180.0,120826,,,R*7A
$GNGGA,081311.20,2756.94469,S,02449.92194,E,4,18,0.7,94.097,M,28.000,M,1.0,0000*76
$GNGST,081311.20,0.012,0.015,0.011,32.1,0.011,0.013,0.021*77
$GNRMC,081311.20,A,2756.94469,S,02449.92194,E,3.50,180.0,120826,,,R*7A
$GNGGA,081311.40,2756.94488,S,02449.92194,E,4,18,0.7,94.096,M,28.000,M,1.0,0000*7E
$GNGST,081311.40,0.012,0.015,0.011,32.1,0.011,0.013,0.021*71
$GNRMC,081311.40,A,2756.94488,S,02449.92194,E,3.50,180.0,120826,,,R*73
$GNGGA,081311.60,2756.94508,S,02449.92194,E,4,18,0.7,94.095,M,28.000,M,1.0,0000*76
$GNGST,081311.60,0.012,0.015,0.011,32.1,0.011,0.013,0.021*73
$GNRMC,081311.60,A,2756.94508,S,02449.92194,E,3.50,180.0,120826,,,R*78
$GNGGA,081311.80,2756.94528,S,02449.92194,E,4,18,0.7,94.095,M,28.000,M,1.0,0000*7A
$GNGST,081311.80,0.012,0.015,0.011,32.1,0.011,0.013,0.021*7D
$GNRMC,081311.80,A,2756.94528,S,02449.92194,E,3.50,180.0,120826,,,R*74
$GNGGA,081312.00,2756.94547,S,02449.92194,E,4,18,0.7,94.094,M,28.000,M,1.0,0000*79
$GNGST,081312.00,0.012,0.015,0.011,32.1,0.011,0.013,0.021*76
$GNRMC,081312.00,A,2756.94547,S,02449.92194,E,3.50,180.0,120826,,,R*76
$GNGGA,081312.20,2756.94567,S,02449.92194,E,4,18,0.7,94.093,M,28.000,M,1.0,0000*7E
$GNGST,081312.20,0.012,0.015,0.011,32.1,0.011,0.013,0.021*74
$GNRMC,081312.20,A,2756.94567,S,02449.92194,E,3.50,180.0,120826,,,R*76
$GNGGA,081312.40,2756.94587,S,02449.92194,E,4,18,0.7,94.093,M,28.000,M,1.0,0000*76
$GNGST,081312.40,0.012,0.015,0.011,32.1,0.011,0.013,0.021*72
$GNRMC,081312.40,A,2756.94587,S,02449.92194,E,3.50,180.0,120826,,,R*7E
$GNGGA,081312.60,2756.94606,S,02449.92194,E,4,18,0.7,94.092,M,28.000,M,1.0,0000*7F
$GNGST,081312.60,0.012,0.015,0.011,32.1,0.011,0.013,0.021*70
$GNRMC,081312.60,A,2756.94606,S,02449.92194,E,3.50,180.0,120826,,,R*76
$GNGGA,081312.80,2756.94626,S,02449.92194,E,4,18,0.7,94.091,M,28.000,M,1.0,0000*70
$GNGST,081312.80,0.012,0.015,0.011,32.1,0.011,0.013,0.021*7E
$GNRMC,081312.80,A,2756.94626,S,02449.92194,E,3.50,180.0,120826,,,R*7A
$GNGGA,081313.00,2756.94646,S,02449.92194,E,4,18,0.7,94.091,M,28.000,M,1.0,0000*7F
$GNGST,081313.00,0.012,0.015,0.011,32.1,0.011,0.013,0.021*77
$GNRMC,081313.00,A,2756.94646,S,02449.92194,E,3.50,180.0,120826,,,R*75
$GNGGA,081313.20,2756.94665,S,02449.92194,E,4,18,0.7,94.090,M,28.000,M,1.0,0000*7D
$GNGST,081313.20,0.012,0.015,0.011,32.1,0.011,0.013,0.021*75
$GNRMC,081313.20,A,2756.94665,S,02449.92194,E,3.50,180.0,120826,,,R*76
$GNGGA,081313.40,2756.94685,S,02449.92194,E,4,18,0.7,94.089,M,28.000,M,1.0,0000*7D
$GNGST,081313.40,0.012,0.015,0.011,32.1,0.011,0.013,0.021*73
$GNRMC,081313.40,A,2756.94685,S,02449.92194,E,3.50,180.0,120826,,,R*7E
$GNGGA,081313.60,2756.94704,S,02449.92194,E,4,18,0.7,94.089,M,28.000,M,1.0,0000*77
$GNGST,081313.60,0.012,0.015,0.011,32.1,0.011,0.013,0.021*71
$GNRMC,081313.60,A,2756.94704,S,02449.92194,E,3.50,180.0,120826,,,R*74
$GNGGA,081313.80,2756.94724,S,02449.92194,E,4,18,0.7,94.088,M,28.000,M,1.0,0000*7A
$GNGST,081313.80,0.012,0.015,0.011,32.1,0.011,0.013,0.021*7F
$GNRMC,081313.80,A,2756.94724,S,02449.92194,E,3.50,180.0,120826,,,R*78
$GNGGA,081314.00,2756.94744,S,02449.92194,E,4,18,0.7,94.087,M,28.000,M,1.0,0000*7C
$GNGST,081314.00,0.012,0.015,0.011,32.1,0.011,0.013,0.021*70
$GNRMC,081314.00,A,2756.94744,S,02449.92194,E,3.50,180.0,120826,,,R*71
$GNGGA,081314.20,2756.94763,S,02449.92194,E,4,18,0.7,94.087,M,28.000,M,1.0,0000*7B
$GNGST,081314.20,0.012,0.015,0.011,32.1,0.011,0.013,0.021*72
$GNRMC,081314.20,A,2756.94763,S,02449.92194,E,3.50,180.0,120826,,,R*76
$GNGGA,081314.40,2756.94783,S,02449.92194,E,4,18,0.7,94.086,M,28.000,M,1.0,0000*72
$GNGST,081314.40,0.012,0.015,0.011,32.1,0.011,0.013,0.021*74
$GNRMC,081314.40,A,2756.94783,S,02449.92194,E,3.50,180.0,120826,,,R*7E
$GNGGA,081314.60,2756.94803,S,02449.92194,E,4,18,0.7,94.085,M,28.000,M,1.0,0000*74
$GNGST,081314.60,0.012,0.015,0.011,32.1,0.011,0.013,0.021*76
$GNRMC,081314.60,A,2756.94803,S,02449.92194,E,3.50,180.0,120826,,,R*7B
$GNGGA,081314.80,2756.94822,S,02449.92194,E,4,18,0.7,94.084,M,28.000,M,1.0,0000*78
$GNGST,081314.80,0.012,0.015,0.011,32.1,0.011,0.013,0.021*78
$GNRMC,081314.80,A,2756.94822,S,02449.92194,E,3.50,180.0,120826,,,R*76
$GNGGA,081315.00,2756.94842,S,02449.92194,E,4,18,0.7,94.084,M,28.000,M,1.0,0000*77
$GNGST,081315.00,0.012,0.015,0.011,32.1,0.011,0.013,0.021*71
$GNRMC,081315.00,A,2756.94842,S,02449.92194,E,3.50,180.0,120826,,,R*79
$GNGGA,081315.20,2756.94862,S,02449.92194,E,4,18,0.7,94.083,M,28.000,M,1.0,0000*70
$GNGST,081315.20,0.012,0.015,0.011,32.1,0.011,0.013,0.021*73
$GNRMC,081315.20,A,2756.94862,S,02449.92194,E,3.50,180.0,120826,,,R*79
$GNGGA,081315.40,2756.94881,S,02449.92194,E,4,18,0.7,94.082,M,28.000,M,1.0,0000*7A
$GNGST,081315.40,0.012,0.015,0.011,32.1,0.011,0.013,0.021*75
$GNRMC,081315.40,A,2756.94881,S,02449.92194,E,3.50,180.0,120826,,,R*72
$GNGGA,081315.60,2756.94901,S,02449.92194,E,4,18,0.7,94.082,M,28.000,M,1.0,0000*71
$GNGST,081315.60,0.012,0.015,0.011,32.1,0.011,0.013,0.021*77
$GNRMC,081315.60,A,2756.94901,S,02449.92194,E,3.50,180.0,120826,,,R*79
$GNGGA,081315.80,2756.94921,S,02449.92194,E,4,18,0.7,94.081,M,28.000,M,1.0,0000*7E
$GNGST,081315.80,0.012,0.015,0.011,32.1,0.011,0.013,0.021*79
$GNRMC,081315.80,A,2756.94921,S,02449.92194,E,3.50,180.0,120826,,,R*75
$GNGGA,081316.00,2756.94940,S,02449.92194,E,4,18,0.7,94.080,M,28.000,M,1.0,0000*73
$GNGST,081316.00,0.012,0.015,0.011,32.1,0.011,0.013,0.021*72
$GNRMC,081316.00,A,2756.94940,S,02449.92194,E,3.50,180.0,120826,,,R*79
$GNGGA,081316.20,2756.94960,S,02449.92194,E,4,18,0.7,94.080,M,28.000,M,1.0,0000*73
$GNGST,081316.20,0.012,0.015,0.011,32.1,0.011,0.013,0.021*70
$GNRMC,081316.20,A,2756.94960,S,02449.92194,E,3.50,180.0,120826,,,R*79
$GNGGA,081316.40,2756.94980,S,02449.92194,E,4,18,0.7,94.079,M,28.000,M,1.0,0000*7D
$GNGST,081316.40,0.012,0.015,0.011,32.1,0.011,0.013,0.021*76
$GNRMC,081316.40,A,2756.94980,S,02449.92194,E,3.50,180.0,120826,,,R*71
$GNGGA,081316.60,2756.94999,S,02449.92194,E,4,18,0.7,94.078,M,28.000,M,1.0,0000*76
$GNGST,081316.60,0.012,0.015,0.011,32.1,0.011,0.013,0.021*74
$GNRMC,081316.60,A,2756.94999,S,02449.92194,E,3.50,180.0,120826,,,R*7B
$GNGGA,081316.80,2756.95019,S,02449.92194,E,4,18,0.7,94.078,M,28.000,M,1.0,0000*78
$GNGST,081316.80,0.012,0.015,0.011,32.1,0.011,0.013,0.021*7A
$GNRMC,081316.80,A,2756.95019,S,02449.92194,E,3.50,180.0,120826,,,R*75
$GNGGA,081317.00,2756.95039,S,02449.92194,E,4,18,0.7,94.077,M,28.000,M,1.0,0000*7C
$GNGST,081317.00,0.012,0.015,0.011,32.1,0.011,0.013,0.021*73
$GNRMC,081317.00,A,2756.95039,S,02449.92194,E,3.50,180.0,120826,,,R*7E
$GNGGA,081317.20,2756.95058,S,02449.92194,E,4,18,0.7,94.076,M,28.000,M,1.0,0000*78
$GNGST,081317.20,0.012,0.015,0.011,32.1,0.011,0.013,0.021*71
$GNRMC,081317.20,A,2756.95058,S,02449.92194,E,3.50,180.0,120826,,,R*7B
$GNGGA,081317.40,2756.95078,S,02449.92194,E,4,18,0.7,94.075,M,28.000,M,1.0,0000*7F
$GNGST,081317.40,0.012,0.015,0.011,32.1,0.011,0.013,0.021*77
$GNRMC,081317.40,A,2756.95078,S,02449.92194,E,3.50,180.0,120826,,,R*7F
$GNGGA,081317.60,2756.95098,S,02449.92194,E,4,18,0.7,94.075,M,28.000,M,1.0,0000*73
$GNGST,081317.60,0.012,0.015,0.011,32.1,0.011,0.013,0.021*75
$GNRMC,081317.60,A,2756.95098,S,02449.92194,E,3.50,180.0,120826,,,R*73
$GNGGA,081317.80,2756.95117,S,02449.92194,E,4,18,0.7,94.074,M,28.000,M,1.0,0000*7A
$GNGST,081317.80,0.012,0.015,0.011,32.1,0.011,0.013,0.021*7B
$GNRMC,081317.80,A,2756.95117,S,02449.92194,E,3.50,180.0,120826,,,R*7B
$GNGGA,081318.00,2756.95137,S,02449.92194,E,4,18,0.7,94.073,M,28.000,M,1.0,0000*78
$GNGST,081318.00,0.012,0.015,0.011,32.1,0.011,0.013,0.021*7C
$GNRMC,081318.00,A,2756.95137,S,02449.92194,E,3.50,180.0,120826,,,R*7E
$GNGGA,081318.20,2756.95156,S,02449.92194,E,4,18,0.7,94.073,M,28.000,M,1.0,0000*7D
$GNGST,081318.20,0.012,0.015,0.011,32.1,0.011,0.013,0.021*7E
$GNRMC,081318.20,A,2756.95156,S,02449.92194,E,3.50,180.0,120826,,,R*7B
$GNGGA,081318.40,2756.95176,S,02449.92194,E,4,18,0.7,94.072,M,28.000,M,1.0,0000*78
$GNGST,081318.40,0.012,0.015,0.011,32.1,0.011,0.013,0.021*78
$GNRMC,081318.40,A,2756.95176,S,02449.92194,E,3.50,180.0,120826,,,R*7F
$GNGGA,081318.60,2756.95196,S,02449.92194,E,4,18,0.7,94.071,M,28.000,M,1.0,0000*77
$GNGST,081318.60,0.012,0.015,0.011,32.1,0.011,0.013,0.021*7A
$GNRMC,081318.60,A,2756.95196,S,02449.92194,E,3.50,180.0,120826,,,R*73
$GNGGA,081318.80,2756.95215,S,02449.92194,E,4,18,0.7,94.071,M,28.000,M,1.0,0000*71
$GNGST,081318.80,0.012,0.015,0.011,32.1,0.011,0.013,0.021*74
$GNRMC,081318.80,A,2756.95215,S,02449.92194,E,3.50,180.0,120826,,,R*75
$GNGGA,081319.00,2756.95235,S,02449.92194,E,4,18,0.7,94.070,M,28.000,M,1.0,0000*7B
$GNGST,081319.00,0.012,0.015,0.011,32.1,0.011,0.013,0.021*7D
$GNRMC,081319.00,A,2756.95235,S,02449.92194,E,3.50,180.0,120826,,,R*7E
$GNGGA,081319.20,2756.95255,S,02449.92194,E,4,18,0.7,94.069,M,28.000,M,1.0,0000*77
$GNGST,081319.20,0.012,0.015,0.011,32.1,0.011,0.013,0.021*7F
$GNRMC,081319.20,A,2756.95255,S,02449.92194,E,3.50,180.0,120826,,,R*7A
$GNGGA,081319.40,2756.95274,S,02449.92194,E,4,18,0.7,94.069,M,28.000,M,1.0,0000*72
$GNGST,081319.40,0.012,0.015,0.011,32.1,0.011,0.013,0.021*79
$GNRMC,081319.40,A,2756.95274,S,02449.92194,E,3.50,180.0,120826,,,R*7F
$GNGGA,081319.60,2756.95294,S,02449.92194,E,4,18,0.7,94.068,M,28.000,M,1.0,0000*7F
$GNGST,081319.60,0.012,0.015,0.011,32.1,0.011,0.013,0.021*7B
$GNRMC,081319.60,A,2756.95294,S,02449.92194,E,3.50,180.0,120826,,,R*73
$GNGGA,081319.80,2756.95314,S,02449.92194,E,4,18,0.7,94.067,M,28.000,M,1.0,0000*77
$GNGST,081319.80,0.012,0.015,0.011,32.1,0.011,0.013,0.021*75
$GNRMC,081319.80,A,2756.95314,S,02449.92194,E,3.50,180.0,120826,,,R*74
$GNGGA,081320.00,2756.95333,S,02449.92194,E,4,18,0.7,94.066,M,28.000,M,1.0,0000*71
$GNGST,081320.00,0.012,0.015,0.011,32.1,0.011,0.013,0.021*77
$GNRMC,081320.00,A,2756.95333,S,02449.92194,E,3.50,180.0,120826,,,R*73
$GNGGA,081320.20,2756.95353,S,02449.92194,E,4,18,0.7,94.066,M,28.000,M,1.0,0000*75
$GNGST,081320.20,0.012,0.015,0.011,32.1,0.011,0.013,0.021*75
$GNRMC,081320.20,A,2756.95353,S,02449.92194,E,3.50,180.0,120826,,,R*77
$GNGGA,081320.40,2756.95373,S,02449.92194,E,4,18,0.7,94.065,M,28.000,M,1.0,0000*72
$GNGST,081320.40,0.012,0.015,0.011,32.1,0.011,0.013,0.021*73
$GNRMC,081320.40,A,2756.95373,S,02449.92194,E,3.50,180.0,120826,,,R*73
$GNGGA,081320.60,2756.95392,S,02449.92194,E,4,18,0.7,94.064,M,28.000,M,1.0,0000*7E
$GNGST,081320.60,0.012,0.015,0.011,32.1,0.011,0.013,0.021*71
$GNRMC,081320.60,A,2756.95392,S,02449.92194,E,3.50,180.0,120826,,,R*7E
$GNGGA,081320.80,2756.95412,S,02449.92194,E,4,18,0.7,94.064,M,28.000,M,1.0,0000*7F
$GNGST,081320.80,0.012,0.015,0.011,32.1,0.011,0.013,0.021*7F
$GNRMC,081320.80,A,2756.95412,S,02449.92194,E,3.50,180.0,120826,,,R*7F
$GNGGA,081321.00,2756.95432,S,02449.92194,E,4,18,0.7,94.063,M,28.000,M,1.0,0000*73
$GNGST,081321.00,0.012,0.015,0.011,32.1,0.011,0.013,0.021*76
$GNRMC,081321.00,A,2756.95432,S,02449.92194,E,3.50,180.0,120826,,,R*74
$GNGGA,081321.20,2756.95451,S,02449.92194,E,4,18,0.7,94.062,M,28.000,M,1.0,0000*75
$GNGST,081321.20,0.012,0.015,0.011,32.1,0.011,0.013,0.021*74
$GNRMC,081321.20,A,2756.95451,S,02449.92194,E,3.50,180.0,120826,,,R*73
$GNGGA,081321.40,2756.95471,S,02449.92194,E,4,18,0.7,94.062,M,28.000,M,1.0,0000*71
$GNGST,081321.40,0.012,0.015,0.011,32.1,0.011,0.013,0.021*72
$GNRMC,081321.40,A,2756.95471,S,02449.92194,E,3.50,180.0,120826,,,R*77
$GNGGA,081321.60,2756.95491,S,02449.92194,E,4,18,0.7,94.061,M,28.000,M,1.0,0000*7E
$GNGST,081321.60,0.012,0.015,0.011,32.1,0.011,0.013,0.021*70
$GNRMC,081321.60,A,2756.95491,S,02449.92194,E,3.50,180.0,120826,,,R*7B
$GNGGA,081321.80,2756.95510,S,02449.92194,E,4,18,0.7,94.060,M,28.000,M,1.0,0000*79
$GNGST,081321.80,0.012,0.015,0.011,32.1,0.011,0.013,0.021*7E
$GNRMC,081321.80,A,2756.95510,S,02449.92194,E,3.50,180.0,120826,,,R*7D
$GNGGA,081322.00,2756.95530,S,02449.92194,E,4,18,0.7,94.060,M,28.000,M,1.0,0000*70
$GNGST,081322.00,0.012,0.015,0.011,32.1,0.011,0.013,0.021*75
$GNRMC,081322.00,A,2756.95530,S,02449.92194,E,3.50,180.0,120826,,,R*74
$GNGGA,081322.20,2756.95550,S,02449.92194,E,4,18,0.7,94.059,M,28.000,M,1.0,0000*7E
$GNGST,081322.20,0.012,0.015,0.011,32.1,0.011,0.013,0.021*77
$GNRMC,081322.20,A,2756.95550,S,02449.92194,E,3.50,180.0,120826,,,R*70
$GNGGA,081322.40,2756.95569,S,02449.92194,E,4,18,0.7,94.058,M,28.000,M,1.0,0000*73
$GNGST,081322.40,0.012,0.015,0.011,32.1,0.011,0.013,0.021*71
$GNRMC,081322.40,A,2756.95569,S,02449.92194,E,3.50,180.0,120826,,,R*7C
$GNGGA,081322.60,2756.95589,S,02449.92194,E,4,18,0.7,94.058,M,28.000,M,1.0,0000*7F
$GNGST,081322.60,0.012,0.015,0.011,32.1,0.011,0.013,0.021*73
$GNRMC,081322.60,A,2756.95589,S,02449.92194,E,3.50,180.0,120826,,,R*70
$GNGGA,081322.80,2756.95608,S,02449.92194,E,4,18,0.7,94.057,M,28.000,M,1.0,0000*74
$GNGST,081322.80,0.012,0.015,0.011,32.1,0.011,0.013,0.021*7D
$GNRMC,081322.80,A,2756.95608,S,02449.92194,E,3.50,180.0,120826,,,R*74
$GNGGA,081323.00,2756.95628,S,02449.92194,E,4,18,0.7,94.056,M,28.000,M,1.0,0000*7E
$GNGST,081323.00,0.012,0.015,0.011,32.1,0.011,0.013,0.021*74
$GNRMC,081323.00,A,2756.95628,S,02449.92194,E,3.50,180.0,120826,,,R*7F
$GNGGA,081323.20,2756.95648,S,02449.92194,E,4,18,0.7,94.056,M,28.000,M,1.0,0000*7A
$GNGST,081323.20,0.012,0.015,0.011,32.1,0.011,0.013,0.021*76
$GNRMC,081323.20,A,2756.95648,S,02449.92194,E,3.50,180.0,120826,,,R*7B
$GNGGA,081323.40,2756.95667,S,02449.92194,E,4,18,0.7,94.055,M,28.000,M,1.0,0000*72
$GNGST,081323.40,0.012,0.015,0.011,32.1,0.011,0.013,0.021*70
$GNRMC,081323.40,A,2756.95667,S,02449.92194,E,3.50,180.0,120826,,,R*70
$GNGGA,081323.60,2756.95687,S,02449.92194,E,4,18,0.7,94.054,M,28.000,M,1.0,0000*7F
$GNGST,081323.60,0.012,0.015,0.011,32.1,0.011,0.013,0.021*72
$GNRMC,081323.60,A,2756.95687,S,02449.92194,E,3.50,180.0,120826,,,R*7C
$GNGGA,081323.80,2756.95707,S,02449.92194,E,4,18,0.7,94.054,M,28.000,M,1.0,0000*78
$GNGST,081323.80,0.012,0.015,0.011,32.1,0.011,0.013,0.021*7C
$GNRMC,081323.80,A,2756.95707,S,02449.92194,E,3.50,180.0,120826,,,R*7B
$GNGGA,081324.00,2756.95726,S,02449.92194,E,4,18,0.7,94.053,M,28.000,M,1.0,0000*73
$GNGST,081324.00,0.012,0.015,0.011,32.1,0.011,0.013,0.021*73
$GNRMC,081324.00,A,2756.95726,S,02449.92194,E,3.50,180.0,120826,,,R*77
$GNGGA,081324.20,2756.95746,S,02449.92194,E,4,18,0.7,94.052,M,28.000,M,1.0,0000*76
$GNGST,081324.20,0.012,0.015,0.011,32.1,0.011,0.013,0.021*71
$GNRMC,081324.20,A,2756.95746,S,02449.92194,E,3.50,180.0,120826,,,R*73
$GNGGA,081324.40,2756.95766,S,02449.92194,E,4,18,0.7,94.052,M,28.000,M,1.0,0000*72
$GNGST,081324.40,0.012,0.015,0.011,32.1,0.011,0.013,0.021*77
$GNRMC,081324.40,A,2756.95766,S,02449.92194,E,3.50,180.0,120826,,,R*77
$GNGGA,081324.60,2756.95785,S,02449.92194,E,4,18,0.7,94.051,M,28.000,M,1.0,0000*7E
$GNGST,081324.60,0.012,0.015,0.011,32.1,0.011,0.013,0.021*75
$GNRMC,081324.60,A,2756.95785,S,02449.92194,E,3.50,180.0,120826,,,R*78
$GNGGA,081324.80,2756.95805,S,02449.92194,E,4,18,0.7,94.050,M,28.000,M,1.0,0000*76
$GNGST,081324.80,0.012,0.015,0.011,32.1,0.011,0.013,0.021*7B
$GNRMC,081324.80,A,2756.95805,S,02449.92194,E,3.50,180.0,120826,,,R*71
$GNGGA,081325.00,2756.95825,S,02449.92194,E,4,18,0.7,94.050,M,28.000,M,1.0,0000*7D
$GNGST,081325.00,0.012,0.015,0.011,32.1,0.011,0.013,0.021*72
$GNRMC,081325.00,A,2756.95825,S,02449.92194,E,3.50,180.0,120826,,,R*7A
$GNGGA,081325.20,2756.95844,S,02449.92194,E,4,18,0.7,94.049,M,28.000,M,1.0,0000*70
$GNGST,081325.20,0.012,0.015,0.011,32.1,0.011,0.013,0.021*70
$GNRMC,081325.20,A,2756.95844,S,02449.92194,E,3.50,180.0,120826,,,R*7F
$GNGGA,081325.40,2756.95864,S,02449.92194,E,4,18,0.7,94.049,M,28.000,M,1.0,0000*74
$GNGST,081325.40,0.012,0.015,0.011,32.1,0.011,0.013,0.021*76
$GNRMC,081325.40,A,2756.95864,S,02449.92194,E,3.50,180.0,120826,,,R*7B
$GNGGA,081325.60,2756.95884,S,02449.92194,E,4,18,0.7,94.048,M,28.000,M,1.0,0000*79
$GNGST,081325.60,0.012,0.015,0.011,32.1,0.011,0.013,0.021*74
$GNRMC,081325.60,A,2756.95884,S,02449.92194,E,3.50,180.0,120826,,,R*77
$GNGGA,081325.80,2756.95903,S,02449.92194,E,4,18,0.7,94.047,M,28.000,M,1.0,0000*76
$GNGST,081325.80,0.012,0.015,0.011,32.1,0.011,0.013,0.021*7A
$GNRMC,081325.80,A,2756.95903,S,02449.92194,E,3.50,180.0,120826,,,R*77
$GNGGA,081326.00,2756.95923,S,02449.92194,E,4,18,0.7,94.047,M,28.000,M,1.0,0000*7F
$GNGST,081326.00,0.012,0.015,0.011,32.1,0.011,0.013,0.021*71
$GNRMC,081326.00,A,2756.95923,S,02449.92194,E,3.50,180.0,120826,,,R*7E
$GNGGA,081326.20,2756.95943,S,02449.92194,E,4,18,0.7,94.046,M,28.000,M,1.0,0000*7A
$GNGST,081326.20,0.012,0.015,0.011,32.1,0.011,0.013,0.021*73
$GNRMC,081326.20,A,2756.95943,S,02449.92194,E,3.50,180.0,120826,,,R*7A
$GNGGA,081326.40,2756.95962,S,02449.92194,E,4,18,0.7,94.046,M,28.000,M,1.0,0000*7F
$GNGST,081326.40,0.012,0.015,0.011,32.1,0.011,0.013,0.021*75
$GNRMC,081326.40,A,2756.95962,S,02449.92194,E,3.50,180.0,120826,,,R*7F
$GNGGA,081326.60,2756.95982,S,02449.92194,E,4,18,0.7,94.045,M,28.000,M,1.0,0000*70
$GNGST,081326.60,0.012,0.015,0.011,32.1,0.011,0.013,0.021*77
$GNRMC,081326.60,A,2756.95982,S,02449.92194,E,3.50,180.0,120826,,,R*73
$GNGGA,081326.80,2756.96002,S,02449.92194,E,4,18,0.7,94.044,M,28.000,M,1.0,0000*7D
$GNGST,081326.80,0.012,0.015,0.011,32.1,0.011,0.013,0.021*79
$GNRMC,081326.80,A,2756.96002,S,02449.92194,E,3.50,180.0,120826,,,R*7F
$GNGGA,081327.00,2756.96021,S,02449.92194,E,4,18,0.7,94.044,M,28.000,M,1.0,0000*75
$GNGST,081327.00,0.012,0.015,0.011,32.1,0.011,0.013,0.021*70
$GNRMC,081327.00,A,2756.96021,S,02449.92194,E,3.50,180.0,120826,,,R*77
$GNGGA,081327.20,2756.96041,S,02449.92194,E,4,18,0.7,94.043,M,28.000,M,1.0,0000*76
$GNGST,081327.20,0.012,0.015,0.011,32.1,0.011,0.013,0.021*72
$GNRMC,081327.20,A,2756.96041,S,02449.92194,E,3.50,180.0,120826,,,R*73
$GNGGA,081327.40,2756.96061,S,02449.92194,E,4,18,0.7,94.043,M,28.000,M,1.0,0000*72
$GNGST,081327.40,0.012,0.015,0.011,32.1,0.011,0.013,0.021*74
$GNRMC,081327.40,A,2756.96061,S,02449.92194,E,3.50,180.0,120826,,,R*77
$GNGGA,081327.60,2756.96080,S,02449.92194,E,4,18,0.7,94.042,M,28.000,M,1.0,0000*7E
$GNGST,081327.60,0.012,0.015,0.011,32.1,0.011,0.013,0.021*76
$GNRMC,081327.60,A,2756.96080,S,02449.92194,E,3.50,180.0,120826,,,R*7A
$GNGGA,081327.80,2756.96100,S,02449.92194,E,4,18,0.7,94.041,M,28.000,M,1.0,0000*7A
$GNGST,081327.80,0.012,0.015,0.011,32.1,0.011,0.013,0.021*78
$GNRMC,081327.80,A,2756.96100,S,02449.92194,E,3.50,180.0,120826,,,R*7D
$GNGGA,081328.00,2756.96119,S,02449.92194,E,4,18,0.7,94.041,M,28.000,M,1.0,0000*75
$GNGST,081328.00,0.012,0.015,0.011,32.1,0.011,0.013,0.021*7F
$GNRMC,081328.00,A,2756.96119,S,02449.92194,E,3.50,180.0,120826,,,R*72
$GNGGA,081328.20,2756.96139,S,02449.92194,E,4,18,0.7,94.040,M,28.000,M,1.0,0000*74
$GNGST,081328.20,0.012,0.015,0.011,32.1,0.011,0.013,0.021*7D
$GNRMC,081328.20,A,2756.96139,S,02449.92194,E,3.50,180.0,120826,,,R*72
$GNGGA,081328.40,2756.96159,S,02449.92194,E,4,18,0.7,94.040,M,28.000,M,1.0,0000*74
$GNGST,081328.40,0.012,0.015,0.011,32.1,0.011,0.013,0.021*7B
$GNRMC,081328.40,A,2756.96159,S,02449.92194,E,3.50,180.0,120826,,,R*72
$GNGGA,081328.60,2756.96178,S,02449.92194,E,4,18,0.7,94.039,M,28.000,M,1.0,0000*7B
$GNGST,081328.60,0.012,0.015,0.011,32.1,0.011,0.013,0.021*79
$GNRMC,081328.60,A,2756.96178,S,02449.92194,E,3.50,180.0,120826,,,R*73
$GNGGA,081328.80,2756.96198,S,02449.92194,E,4,18,0.7,94.039,M,28.000,M,1.0,0000*7B
$GNGST,081328.80,0.012,0.015,0.011,32.1,0.011,0.013,0.021*77
$GNRMC,081328.80,A,2756.96198,S,02449.92194,E,3.50,180.0,120826,,,R*73
$GNGGA,081329.00,2756.96218,S,02449.92194,E,4,18,0.7,94.038,M,28.000,M,1.0,0000*78
$GNGST,081329.00,0.012,0.015,0.011,32.1,0.011,0.013,0.021*7E
$GNRMC,081329.00,A,2756.96218,S,02449.92194,E,3.50,180.0,120826,,,R*71
$GNGGA,081329.20,2756.96237,S,02449.92194,E,4,18,0.7,94.038,M,28.000,M,1.0,0000*77
$GNGST,081329.20,0.012,0.015,0.011,32.1,0.011,0.013,0.021*7C
$GNRMC,081329.20,A,2756.96237,S,02449.92194,E,3.50,180.0,120826,,,R*7E
$GNGGA,081329.40,2756.96257,S,02449.92194,E,4,18,0.7,94.037,M,28.000,M,1.0,0000*78
$GNGST,081329.40,0.012,0.015,0.011,32.1,0.011,0.013,0.021*7A
$GNRMC,081329.40,A,2756.96257,S,02449.92194,E,3.50,180.0,120826,,,R*7E
$GNGGA,081329.60,2756.96277,S,02449.92194,E,4,18,0.7,94.037,M,28.000,M,1.0,0000*78
$GNGST,081329.60,0.012,0.015,0.011,32.1,0.011,0.013,0.021*78
$GNRMC,081329.60,A,2756.96277,S,02449.92194,E,3.50,180.0,120826,,,R*7E
$GNGGA,081329.80,2756.96296,S,02449.92194,E,4,18,0.7,94.036,M,28.000,M,1.0,0000*78
$GNGST,081329.80,0.012,0.015,0.011,32.1,0.011,0.013,0.021*76
$GNRMC,081329.80,A,2756.96296,S,02449.92194,E,3.50,180.0,120826,,,R*7F
$GNGGA,081330.00,2756.96316,S,02449.92194,E,4,18,0.7,94.035,M,28.000,M,1.0,0000*72
$GNGST,081330.00,0.012,0.015,0.011,32.1,0.011,0.013,0.021*76
$GNRMC,081330.00,A,2756.96316,S,02449.92194,E,3.50,180.0,120826,,,R*76
$GNGGA,081330.20,2756.96336,S,02449.92194,E,4,18,0.7,94.035,M,28.000,M,1.0,0000*72
$GNGST,081330.20,0.012,0.015,0.011,32.1,0.011,0.013,0.021*74
$GNRMC,081330.20,A,2756.96336,S,02449.92194,E,3.50,180.0,120826,,,R*76
